market,match_id,kickoff_utc,season,actual,model_probability,baseline_probability,model_brier,baseline_brier,model_log_loss,baseline_log_loss
btts,0418592e50816c57,2022-08-06 12:30:00+00:00,2223,1,0.4273233756008222,0.0,0.32795851613323707,1.0,0.850214232467285,34.538776394910684
btts,40a2d61155560aff,2022-08-06 15:00:00+00:00,2223,1,0.3284842661896145,0.5,0.4509333807549004,0.25,1.113266338126544,0.6931471805599453
btts,6a19ca4ceef99f6f,2022-08-06 15:00:00+00:00,2223,0,0.5783520853794659,0.6666666666666666,0.334491134662777,0.4444444444444444,0.8635846387331522,1.0986122886681096
btts,bfcba317ce1b951b,2022-08-06 15:00:00+00:00,2223,0,0.4828543431407766,0.5,0.23314831668991082,0.25,0.6594307094161104,0.6931471805599453
btts,c89b4e952f9649a5,2022-08-06 15:00:00+00:00,2223,1,0.4446168214039837,0.4,0.30845047506741463,0.36,0.8105424432510209,0.916290731874155
btts,acc3ad5e7b131aa7,2022-08-06 17:30:00+00:00,2223,0,0.6348237039119051,0.5,0.40300113504843016,0.25,1.007375039026957,0.6931471805599453
btts,334321c6222f70cc,2022-08-07 14:00:00+00:00,2223,1,0.4564875632132256,0.42857142857142855,0.29540576894189746,0.32653061224489793,0.7841938231008708,0.8472978603872037
btts,6065a38144ba19d6,2022-08-07 14:00:00+00:00,2223,1,0.4741121108607805,0.5,0.2765580719433041,0.25,0.7463114644503617,0.6931471805599453
btts,f10e2858e9094f23,2022-08-07 16:30:00+00:00,2223,0,0.4387136075912043,0.5555555555555556,0.19246962948568921,0.308641975308642,0.5775240003194838,0.8109302162163288
btts,60d209a09ed74aab,2022-08-13 12:30:00+00:00,2223,1,0.3869741447871789,0.5,0.3758006991594108,0.25,0.9493973975196534,0.6931471805599453
btts,2b9ba559ab19a84e,2022-08-13 15:00:00+00:00,2223,0,0.4350603447883115,0.5454545454545454,0.18927750360732448,0.29752066115702475,0.5710363584748138,0.78845736036427
btts,43f6726623cc3f88,2022-08-13 15:00:00+00:00,2223,1,0.5488377423580827,0.5,0.20354738272055178,0.25,0.5999524324168105,0.6931471805599453
btts,895eeb30794f4954,2022-08-13 15:00:00+00:00,2223,0,0.5098702507809442,0.5384615384615384,0.2599676726314229,0.28994082840236685,0.7130851286046906,0.7731898882334817
btts,8efc7747ec930b92,2022-08-13 15:00:00+00:00,2223,0,0.4962879532788127,0.5,0.24630173256967297,0.25,0.6857505100559598,0.6931471805599453
btts,d765b86dad193566,2022-08-13 15:00:00+00:00,2223,1,0.5655565790245631,0.4666666666666667,0.18874108602884065,0.28444444444444444,0.5699449371052745,0.7621400520468967
btts,13b4b309b38c6ae5,2022-08-13 17:30:00+00:00,2223,0,0.4820822494831472,0.5,0.2324032952667314,0.25,0.6579388321159735,0.6931471805599453
btts,58274714f09633e8,2022-08-14 14:00:00+00:00,2223,0,0.4935154349445117,0.47058823529411764,0.2435574845284706,0.22145328719723184,0.6802614294882591,0.6359887667199967
btts,c3897016bf0b2659,2022-08-14 16:30:00+00:00,2223,1,0.5536135205697533,0.4444444444444444,0.19926088901813005,0.308641975308642,0.5912884519824171,0.8109302162163288
btts,2814f022f06ad94c,2022-08-15 20:00:00+00:00,2223,1,0.501789915604636,0.47368421052631576,0.24821328819323568,0.27700831024930755,0.6895737416952826,0.7472144018302211
btts,f031596e0bff32c4,2022-08-20 12:30:00+00:00,2223,0,0.403173162484655,0.5,0.16254859894787804,0.25,0.5161282620766099,0.6931471805599453
btts,99fc723cd927e861,2022-08-20 15:00:00+00:00,2223,1,0.411934859817726,0.47619047619047616,0.34582060909759765,0.2743764172335601,0.8868900493714069,0.7419373447293773
btts,d1c70110c4be7099,2022-08-20 15:00:00+00:00,2223,1,0.4665467291166562,0.5,0.2845723922161382,0.25,0.7623970941151156,0.6931471805599453
btts,e95e34dc0156a5cf,2022-08-20 15:00:00+00:00,2223,1,0.4000630976451597,0.5217391304347826,0.3599242868071212,0.2287334593572779,0.9161330002015502,0.6505875661411494
btts,fea1454f5cb0c175,2022-08-20 15:00:00+00:00,2223,1,0.3359751117819251,0.5416666666666666,0.4409290521730269,0.21006944444444448,1.0907181938400086,0.6131044728864089
btts,eda40560fd002695,2022-08-20 17:30:00+00:00,2223,0,0.5649707890720478,0.56,0.3191919925046923,0.31360000000000005,0.8323420985895071,0.8209805520698303
btts,29a03393c79eddad,2022-08-21 14:00:00+00:00,2223,0,0.5581303057501221,0.5384615384615384,0.31150943819672483,0.28994082840236685,0.8167402497586863,0.7731898882334817
btts,487561f2b44e88ed,2022-08-21 14:00:00+00:00,2223,0,0.4640003148219188,0.5185185185185185,0.21529629215483975,0.2688614540466392,0.6236217052658335,0.7308875085427923
btts,9835b98e3024196d,2022-08-21 16:30:00+00:00,2223,1,0.5579346970184965,0.5,0.19542173210012848,0.25,0.5835133538822235,0.6931471805599453
btts,820be1cbe16a9612,2022-08-22 20:00:00+00:00,2223,1,0.511616575921583,0.5172413793103449,0.23851836891455885,0.23305588585017833,0.6701798096428567,0.6592456288842639
btts,6384186621b31b04,2022-08-27 12:30:00+00:00,2223,0,0.516975568371317,0.5333333333333333,0.2672637382928462,0.28444444444444444,0.7276880435266858,0.7621400520468967
btts,57d1cff4f5395f20,2022-08-27 15:00:00+00:00,2223,0,0.499055466162814,0.5161290322580645,0.24905635830698358,0.26638917793964617,0.691259894929997,0.7259370033829361
btts,8d72f1364be45812,2022-08-27 15:00:00+00:00,2223,1,0.5277991904535693,0.5,0.22297360453630455,0.25,0.6390393887269558,0.6931471805599453
btts,9e76937ffa74608a,2022-08-27 15:00:00+00:00,2223,0,0.388935140411228,0.5151515151515151,0.15127054344670166,0.26538108356290174,0.4925521722712782,0.723918839226699
btts,a207ba0700e2776a,2022-08-27 15:00:00+00:00,2223,1,0.4980509330320642,0.5,0.25195286582998133,0.25,0.6970529320224447,0.6931471805599453
btts,c4df7aa88b88129a,2022-08-27 15:00:00+00:00,2223,1,0.5775376960210826,0.5142857142857142,0.17847439828317518,0.23591836734693883,0.5489815642210945,0.6649763035932491
btts,6665e8d8dbb1523e,2022-08-27 17:30:00+00:00,2223,1,0.4888650843313719,0.5277777777777778,0.26125890201557556,0.22299382716049382,0.7156687287378316,0.6390799592896695
btts,8f2eea11605df002,2022-08-28 14:00:00+00:00,2223,0,0.4346133408746305,0.5405405405405406,0.18888875606620775,0.2921840759678598,0.5702454294637596,0.7777045685880084
btts,b276a1918d8653b9,2022-08-28 14:00:00+00:00,2223,1,0.4187172866663013,0.5263157894736842,0.33788959282058684,0.22437673130193908,0.8705593202884032,0.6418538861723948
btts,fb90d04833307d0b,2022-08-28 16:30:00+00:00,2223,0,0.4547455677653929,0.5384615384615384,0.20679353140226953,0.28994082840236685,0.6065027451216864,0.7731898882334817
btts,ad3acba892e848f8,2022-08-30 19:30:00+00:00,2223,1,0.4950818160941901,0.525,0.25494237243874124,0.225625,0.7030322450327459,0.6443570163905132
btts,d247c8c5c94ff299,2022-08-30 19:30:00+00:00,2223,1,0.4590372318291289,0.5365853658536586,0.2926407165470916,0.2147531231409875,0.778623957115102,0.6225296133459919
btts,68be1e1790d952e3,2022-08-30 19:45:00+00:00,2223,1,0.551490488969459,0.5476190476190477,0.20116078148485503,0.20464852607709746,0.5951306861862307,0.6021754023542185
btts,64375450895fb0cc,2022-08-30 20:00:00+00:00,2223,1,0.5102241567347809,0.5581395348837209,0.2398803766461564,0.19524067063277448,0.672905126816336,0.5831462853456169
btts,6637c2960a7ef9a2,2022-08-31 19:30:00+00:00,2223,1,0.5462469285308594,0.5681818181818182,0.205891849867679,0.18646694214876028,0.6046841554149472,0.5653138090500603
btts,8dd473cfbb00c83f,2022-08-31 19:30:00+00:00,2223,0,0.7081229422553823,0.5777777777777777,0.5014381013484195,0.3338271604938271,1.2314226004952011,0.8622235106038791
btts,eb8a9e9563d6fd0c,2022-08-31 19:30:00+00:00,2223,0,0.3893550014607291,0.5652173913043478,0.15159731716248437,0.3194706994328922,0.49323950578706716,0.8329091229351039
btts,f9b016ddff45cce8,2022-08-31 19:45:00+00:00,2223,1,0.4469383572750407,0.5531914893617021,0.3058771806536305,0.19963784517881392,0.8053345970659155,0.5920510636885765
btts,618a965621910884,2022-08-31 20:00:00+00:00,2223,1,0.464955474560099,0.5625,0.28627264420320886,0.19140625,0.7658136316136483,0.5753641449035618
btts,c953d9c7e3e72b6e,2022-09-01 20:00:00+00:00,2223,0,0.4665585629366474,0.5714285714285714,0.21767689264950957,0.32653061224489793,0.6284059854683413,0.8472978603872036
btts,c2d6c1ef807b9e68,2022-09-03 12:30:00+00:00,2223,0,0.3959624075535515,0.56,0.1567862281956048,0.31360000000000005,0.5041188438343485,0.8209805520698303
btts,04e259f01ec1cc86,2022-09-03 15:00:00+00:00,2223,1,0.4233965408489152,0.5490196078431373,0.3324715491049967,0.20338331410995766,0.8594460902511771,0.5996211225491218
btts,433b5827c4bb8308,2022-09-03 15:00:00+00:00,2223,1,0.5254051238234207,0.5576923076923077,0.2252402964930626,0.1956360946745562,0.6435856495448647,0.5839478885949533
btts,664c559a7f65625f,2022-09-03 15:00:00+00:00,2223,1,0.5128119954258019,0.5660377358490566,0.23735215180098884,0.1883232467070132,0.6678459816332714,0.5690945318899665
btts,8b163f0a273f0021,2022-09-03 15:00:00+00:00,2223,1,0.4850467533502616,0.5740740740740741,0.26517684623510634,0.18141289437585734,0.723509994030373,0.5549968420791281
btts,d53e4018faa1ee5b,2022-09-03 15:00:00+00:00,2223,0,0.5002882081685802,0.5818181818181818,0.25028829123252866,0.33851239669421485,0.6937237630888694,0.8718389693033212
btts,e9de2c2eec6cd100,2022-09-03 15:00:00+00:00,2223,0,0.4545812091961934,0.5714285714285714,0.20664407575427332,0.32653061224489793,0.6062013559118445,0.8472978603872036
btts,09ed19202e3d2d1e,2022-09-03 17:30:00+00:00,2223,1,0.4433470779315681,0.5614035087719298,0.3098624756473238,0.19236688211757466,0.8134023440618647,0.5773153650348236
btts,5cb0716ec320e42b,2022-09-04 14:00:00+00:00,2223,1,0.498130402507886,0.5689655172413793,0.2518730928868965,0.18579072532699165,0.696893383809373,0.5639354490799391
btts,a04665832a495b83,2022-09-04 16:30:00+00:00,2223,1,0.5634969467770675,0.576271186440678,0.1905349154729422,0.17954610744039068,0.5735933638362976,0.551176919289558
btts,66d193421bbe59f3,2022-09-16 20:00:00+00:00,2223,0,0.4377363874297136,0.5833333333333334,0.19161314488001632,0.34027777777777785,0.5757844775504436,0.8754687373539001
btts,be9b3163ef7bc7b2,2022-09-16 20:00:00+00:00,2223,1,0.6089464949063901,0.5737704918032787,0.152922843845998,0.18167159365761895,0.4960248724284864,0.5555258026838976
btts,0daedd4970aca168,2022-09-17 12:30:00+00:00,2223,0,0.3866852890720652,0.5806451612903226,0.1495255127847466,0.33714880332986474,0.4888770801256665,0.8690378470236096
btts,41e2ed08b8fe0e65,2022-09-17 15:00:00+00:00,2223,1,0.3914488136751348,0.5714285714285714,0.37033454637740076,0.18367346938775514,0.9379005162238527,0.5596157879354228
btts,80e033d9c2fdb4d3,2022-09-17 17:30:00+00:00,2223,1,0.5169263956792318,0.578125,0.2333601071914581,0.177978515625,0.6598547827342884,0.5479651707154474
btts,b842443e3c14fb7c,2022-09-18 12:00:00+00:00,2223,0,0.60159973260842,0.5846153846153846,0.36192223827452247,0.3417751479289941,0.9202980821083148,0.8785504038913081
btts,453dac754f601b56,2022-09-18 14:15:00+00:00,2223,0,0.4554932259929552,0.5757575757575758,0.20747407892546937,0.33149678604224064,0.6078748959022198,0.8574502318512217
btts,040b0c20cc0b4fe2,2022-10-01 12:30:00+00:00,2223,1,0.6856982747428908,0.5671641791044776,0.09878557449959535,0.18734684785030076,0.3773175807473522,0.5671064596645803
btts,35a81f9e39f17f21,2022-10-01 15:00:00+00:00,2223,1,0.5430191727415885,0.5735294117647058,0.20883147648178213,0.1818771626297578,0.6106106507551775,0.5559460590464603
btts,61f84454a6871e1d,2022-10-01 15:00:00+00:00,2223,0,0.6491656814488447,0.5797101449275363,0.4214160819709429,0.3360638521319051,1.047441193875833,0.8668106746107854
btts,822aab19ffe61814,2022-10-01 15:00:00+00:00,2223,1,0.5402469341430277,0.5714285714285714,0.21137288156488548,0.18367346938775514,0.6157289584968937,0.5596157879354228
btts,d1cad35d2d0f3d8f,2022-10-01 15:00:00+00:00,2223,1,0.496407502118244,0.5774647887323944,0.2536054039227864,0.17853600476096013,0.7003581127154346,0.5491078103370076
btts,e8160829396b6276,2022-10-01 15:00:00+00:00,2223,1,0.4792811617522925,0.5833333333333334,0.27114810850604215,0.17361111111111108,0.7354678772561994,0.5389965007326869
btts,40b8261a9a37d10d,2022-10-01 17:30:00+00:00,2223,0,0.4999603782207472,0.589041095890411,0.24996037979063257,0.34696941264777637,0.6930679401410444,0.8892620594862358
btts,3cf3207c6074c27f,2022-10-02 14:00:00+00:00,2223,1,0.5449620242642997,0.581081081081081,0.20705955936164375,0.1754930606281958,0.6070391669956656,0.5428649775106075
btts,3df932e32c71df10,2022-10-02 16:30:00+00:00,2223,0,0.4778294828217649,0.5866666666666667,0.22832101465371532,0.3441777777777778,0.6497610831806849,0.8835009090511642
btts,03fa587ecdfa0155,2022-10-03 20:00:00+00:00,2223,0,0.4769816506955713,0.5789473684210527,0.227511495100272,0.33518005540166207,0.6481387308205675,0.8649974374866046
btts,3908ed8ccb348716,2022-10-08 15:00:00+00:00,2223,1,0.5326318427370274,0.5714285714285714,0.21843299442338673,0.18367346938775514,0.6299248200499789,0.5596157879354228
btts,415866c0bfdb0e1d,2022-10-08 15:00:00+00:00,2223,0,0.5502496927561836,0.5769230769230769,0.30277472437827446,0.33284023668639046,0.7990627230081673,0.8602012652231114
btts,4e40eef512ae6a41,2022-10-08 15:00:00+00:00,2223,1,0.6478982141484629,0.569620253164557,0.12397566759984166,0.18522672648614,0.43402167189911994,0.5627853626967017
btts,6a1727337d157b90,2022-10-08 15:00:00+00:00,2223,0,0.4752556017267237,0.575,0.22586788697263022,0.33062499999999995,0.6448439953773896,0.8556661100577201
btts,e4e21405a58d1611,2022-10-08 17:30:00+00:00,2223,0,0.5730078871414351,0.5679012345679012,0.3283380387262917,0.32251181222374636,0.8509897369813297,0.8391010931830251
btts,3599987285a09e0a,2022-10-09 14:00:00+00:00,2223,1,0.4025917697785873,0.5609756097560976,0.3568965935362805,0.1927424152290303,0.9098322086615371,0.578077850775158
btts,c5cbc506376de924,2022-10-09 14:00:00+00:00,2223,1,0.4676662189391633,0.5662650602409639,0.28337925445852674,0.18812599796777468,0.7600004449128271,0.5686930060865393
btts,8d300cfc87372a61,2022-10-09 16:30:00+00:00,2223,1,0.6261457446068077,0.5714285714285714,0.13976700427559824,0.18367346938775514,0.4681721161194284,0.5596157879354228
btts,1967db94bdf1ba14,2022-10-09 19:00:00+00:00,2223,1,0.4696607494956883,0.5764705882352941,0.281259720625475,0.17937716262975784,0.7557446544916365,0.55083095837969
btts,a1f0a36bc0c672a6,2022-10-10 20:00:00+00:00,2223,1,0.6176158607760046,0.5813953488372093,0.1462176299300759,0.17522985397512167,0.4818885992930322,0.5423242908253616
btts,7427e934e4a27994,2022-10-14 20:00:00+00:00,2223,0,0.5086167793104208,0.5862068965517241,0.2586910281961053,0.34363852556480373,0.7105309654088962,0.8823891801984736
btts,86fc260c91997f23,2022-10-15 12:30:00+00:00,2223,0,0.5833877645005957,0.5795454545454546,0.3403412837690025,0.33587293388429756,0.8755993806887985,0.8664189018339821
btts,87c595484bbf16ae,2022-10-15 15:00:00+00:00,2223,0,0.3584531707410651,0.5730337078651685,0.12848867561432317,0.3283676303497033,0.4438730979665723,0.851050210005754
btts,9784d473aac7a5c7,2022-10-15 15:00:00+00:00,2223,1,0.5452352538382457,0.5666666666666667,0.20681097435156484,0.1877777777777778,0.6065379190377873,0.5679840376059393
btts,203804f5e8a564bb,2022-10-15 17:30:00+00:00,2223,0,0.5056276873073382,0.5714285714285714,0.2556593581717674,0.32653061224489793,0.7044663762420483,0.8472978603872036
btts,1a0e06a17c5686e8,2022-10-16 14:00:00+00:00,2223,0,0.4516641444947441,0.5652173913043478,0.2040004994221691,0.3194706994328922,0.6008673047557193,0.8329091229351039
btts,6d9136e6e6e4466a,2022-10-16 14:00:00+00:00,2223,0,0.4803305786855832,0.5591397849462365,0.23071746482042724,0.3126372991097236,0.6545623978090527,0.819027426448948
btts,70b4985247152945,2022-10-16 14:00:00+00:00,2223,1,0.4886740383882739,0.5531914893617021,0.26145423901815634,0.19963784517881392,0.7160595999389736,0.5920510636885765
btts,753dbdd2a25bb950,2022-10-16 14:00:00+00:00,2223,0,0.608853085584997,0.5578947368421052,0.37070207982637166,0.31124653739612185,0.9386720493776161,0.8162072733171725
btts,45e8052eb43ed412,2022-10-16 16:30:00+00:00,2223,0,0.6362041069246434,0.5520833333333334,0.40475566566778304,0.3047960069444445,1.011162301924572,0.8031480757742739
btts,6160215913f6e98a,2022-10-18 19:30:00+00:00,2223,0,0.3551198958134017,0.5463917525773195,0.12611014040252128,0.2985439472845148,0.4386908644471372,0.7905213445851216
btts,1279dd66ce4a76b1,2022-10-18 20:15:00+00:00,2223,1,0.3906152010030412,0.5408163265306123,0.3713498332485638,0.21084964598084127,0.9400323442383304,0.61467556511845
btts,02f13b38dfb77336,2022-10-19 19:30:00+00:00,2223,0,0.5141080793811504,0.5454545454545454,0.2643071172849753,0.29752066115702475,0.7217690653709008,0.78845736036427
btts,2abe294a99067555,2022-10-19 19:30:00+00:00,2223,0,0.5514247935742667,0.54,0.3040693029684226,0.2916,0.8016789272024205,0.7765287894989964
btts,8ed1750877adbba4,2022-10-19 19:30:00+00:00,2223,0,0.559206399799163,0.5346534653465347,0.3127117975763413,0.2858543280070582,0.8191785398494702,0.7649729151312009
btts,94e7e707996c0529,2022-10-19 19:30:00+00:00,2223,0,0.4836643324145206,0.5294117647058824,0.2339311864499839,0.28027681660899656,0.660998206419557,0.7537718023763802
btts,92953252a3189aee,2022-10-19 20:15:00+00:00,2223,0,0.5281700964558518,0.5242718446601942,0.27896365079018376,0.27486096710340274,0.7511367321939848,0.7429086901190092
btts,d0f2fa44d7d07b12,2022-10-20 19:30:00+00:00,2223,0,0.4928529157549179,0.5192307692307693,0.2429039965681242,0.2696005917159764,0.6789542104715782,0.7323678937132267
btts,fad27c0e41f9ab00,2022-10-20 20:15:00+00:00,2223,0,0.5449788491517401,0.5142857142857142,0.2970019460227551,0.2644897959183673,0.7874113757308076,0.7221347174331975
btts,506fb4d13410a782,2022-10-22 12:30:00+00:00,2223,0,0.5363788195861484,0.5094339622641509,0.28770223810062995,0.2595229619081524,0.7686874817313089,0.7121953755306398
btts,066d66fcb3503319,2022-10-22 15:00:00+00:00,2223,1,0.525977810873763,0.5046728971962616,0.22469703578402994,0.2453489387719452,0.6424962517848651,0.6838447878976319
btts,9f89b112e133e1ce,2022-10-22 15:00:00+00:00,2223,0,0.4588430793772434,0.5092592592592593,0.21053697149239128,0.2593449931412895,0.6140459855899532,0.711839313572098
btts,e8737bf4741c00d6,2022-10-22 17:30:00+00:00,2223,1,0.4699518932703886,0.5045871559633027,0.28095099544764557,0.24543388603652894,0.755124944260491,0.6840146969966728
btts,12df7b3bc1405680,2022-10-23 14:00:00+00:00,2223,1,0.4466370699152207,0.509090909090909,0.30621053239201235,0.24099173553719014,0.8060089382845065,0.6751286750572671
btts,58836776e2ba8a6c,2022-10-23 14:00:00+00:00,2223,1,0.4359104747888642,0.5135135135135135,0.31819699245292454,0.23666910153396642,0.830318389769884,0.6664789334777841
btts,652e3649f2fca411,2022-10-23 14:00:00+00:00,2223,0,0.5232756872834103,0.5178571428571429,0.27381744490192544,0.2681760204081633,0.7408169159393652,0.7295148247308203
btts,edee1507d3d5577a,2022-10-23 14:00:00+00:00,2223,0,0.5184814206060439,0.5132743362831859,0.26882298351366135,0.263450544286945,0.7308104620004291,0.7200546334798696
btts,6c20dda2655725a2,2022-10-23 16:30:00+00:00,2223,1,0.5398430164232159,0.5087719298245614,0.2117444495344848,0.2413050169282856,0.6164768920156336,0.6757554378480761
btts,e6c861724bf44f89,2022-10-24 20:00:00+00:00,2223,0,0.3922196793526186,0.5130434782608696,0.15383627687147094,0.2632136105860114,0.4979417770305641,0.7195804376281009
btts,2cfc2dd0a00804eb,2022-10-29 12:30:00+00:00,2223,0,0.627309679463836,0.5086206896551724,0.3935174339490206,0.25869500594530315,0.9870074440277313,0.7105389232718144
btts,00d23535e467a6d3,2022-10-29 15:00:00+00:00,2223,0,0.4270007021393892,0.5042735042735043,0.18232959962753137,0.2542917671122799,0.5568707876423004,0.7017309242513368
btts,171fc9259d1ceb55,2022-10-29 15:00:00+00:00,2223,1,0.4998693007936731,0.5,0.25013071628860944,0.25,0.6934086131431191,0.6931471805599453
btts,288e3636fd108e11,2022-10-29 15:00:00+00:00,2223,1,0.5109578511050527,0.5042016806722689,0.23916222339578785,0.24581597344820283,0.6714681753407222,0.6847789308894288
btts,3a4d4fc064357f99,2022-10-29 15:00:00+00:00,2223,0,0.4758372654731119,0.5083333333333333,0.22642110321292877,0.25840277777777776,0.6459530808012998,0.7099542988763264
btts,ff94fbdd525eac4b,2022-10-29 15:00:00+00:00,2223,1,0.4860003395435728,0.5041322314049587,0.26419565094932246,0.24588484393142546,0.7215459564325606,0.6849166814234299
btts,3f423520216fcd2a,2022-10-29 17:30:00+00:00,2223,0,0.4888475160258091,0.5081967213114754,0.2389718939246037,0.2582639075517334,0.6710873302111684,0.7096764825111559
btts,06e36ee0f6089907,2022-10-29 19:45:00+00:00,2223,1,0.5348359390482107,0.5040650406504065,0.21637760360115996,0.24595148390508298,0.6257952350993445,0.685049970327326
btts,8c718abd1610004a,2022-10-30 14:00:00+00:00,2223,0,0.4339092390952705,0.5080645161290323,0.18827722777223663,0.25812955254942765,0.5690008586790833,0.7094077014317256
btts,318297c2b8cff339,2022-10-30 16:15:00+00:00,2223,0,0.5167939909363178,0.504,0.26707602906788697,0.254016,0.7273121964626945,0.7011793522572096
btts,119013d7a7a9c08d,2022-11-05 15:00:00+00:00,2223,1,0.6018436303156278,0.5,0.15852849472023844,0.25,0.5077576177205358,0.6931471805599453
btts,a21b39fe55dfc945,2022-11-05 15:00:00+00:00,2223,1,0.5392223701993025,0.5039370078740157,0.21231602412474862,0.24607849215698432,0.6176272324862826,0.6853040030989195
btts,aeaf697f564c2d50,2022-11-05 15:00:00+00:00,2223,1,0.4309027573509046,0.5078125,0.32387167159080343,0.24224853515625,0.8418728353302161,0.6776429940239801
btts,e7c54748e974c5ad,2022-11-05 15:00:00+00:00,2223,1,0.5481372216519046,0.5116279069767442,0.20417997045646,0.23850730124391561,0.6012296189058107,0.6701576623352465
btts,b74e2cb59988667d,2022-11-05 17:30:00+00:00,2223,0,0.4730274436784561,0.5153846153846153,0.22375496247297497,0.26562130177514787,0.6406068070879277,0.7243997240640496
btts,636a52c126217a6d,2022-11-06 12:00:00+00:00,2223,0,0.4924601355282101,0.5114503816793893,0.24251698508446307,0.261581492919993,0.6781800204678082,0.7163142398414796
btts,5bb3ef346b1f7748,2022-11-06 14:00:00+00:00,2223,1,0.5030601752259822,0.5075757575757576,0.2469491894464315,0.24248163452708907,0.6870454833817851,0.6781093031954049
btts,7dafef46c5a452d5,2022-11-06 14:00:00+00:00,2223,1,0.5173643721612509,0.5112781954887218,0.23293714925930356,0.23884900220476005,0.6590078709724981,0.6708414230456471
btts,9f79d4982b0858d2,2022-11-06 14:00:00+00:00,2223,1,0.4998951450659966,0.5149253731343284,0.2501048659285607,0.23529739362887053,0.6933569124201412,0.6637332953536519
btts,4b4ad009e8de936e,2022-11-06 16:30:00+00:00,2223,1,0.6482654173279928,0.5185185185185185,0.12371721664745106,0.2318244170096022,0.43345507184888493,0.6567795363890705
btts,72480d9cf2521d02,2022-11-12 12:30:00+00:00,2223,1,0.5176589190327483,0.5220588235294118,0.23265291838865687,0.22842776816608992,0.6584387110667166,0.6499750086947366
btts,5d36068babf91733,2022-11-12 15:00:00+00:00,2223,0,0.4940893245863175,0.5255474452554745,0.2441242606701634,0.27620011721455595,0.6813951560810667,0.7455936559324878
btts,8c0199201fb036a7,2022-11-12 15:00:00+00:00,2223,0,0.4127142918939254,0.5217391304347826,0.17033308673350425,0.2722117202268431,0.5322438516619455,0.7375989431307791
btts,93e6a44dbb9a70a3,2022-11-12 15:00:00+00:00,2223,1,0.4925083587778284,0.5179856115107914,0.25754776591037337,0.23233787071062575,0.708243846376296,0.6578078141146364
btts,9594b451ce64d9ad,2022-11-12 15:00:00+00:00,2223,1,0.5019695859199658,0.5214285714285715,0.24803429334873037,0.22903061224489793,0.6892157469426039,0.6511829814609131
btts,d611a29223227b8b,2022-11-12 15:00:00+00:00,2223,0,0.562740671576636,0.524822695035461,0.3166770634465233,0.27543886122428446,0.8272288310094228,0.7440672709872022
btts,45b5ae6214c09b98,2022-11-12 17:30:00+00:00,2223,0,0.4534198269670706,0.5211267605633803,0.20558953948684827,0.27157310057528267,0.6040742794118316,0.736319352425154
btts,7339fcf5fdd39b26,2022-11-12 19:45:00+00:00,2223,0,0.495108556208914,0.5174825174825175,0.24513248243127533,0.267788155900044,0.6834118356045179,0.728738125662648
btts,86e29739c5bb559a,2022-11-13 14:00:00+00:00,2223,1,0.4802024112981434,0.5138888888888888,0.27018953322026457,0.23630401234567905,0.7335475737620618,0.665748206371831
btts,6781e1b4aa4679d1,2022-11-13 16:30:00+00:00,2223,1,0.5105462180841726,0.5172413793103449,0.23956500463170638,0.23305588585017833,0.6722741105407406,0.6592456288842639
btts,2e6ae816b7709543,2022-12-26 12:30:00+00:00,2223,1,0.5788279372435418,0.5205479452054794,0.17738590644653,0.22987427284668796,0.5467500178645238,0.6528732814220054
btts,131b6513f19f2c3e,2022-12-26 15:00:00+00:00,2223,0,0.4964548247591343,0.5238095238095238,0.24646739302662277,0.2743764172335601,0.6860818484235779,0.7419373447293773
btts,b371cce9ebf7de1a,2022-12-26 15:00:00+00:00,2223,0,0.5736623236302351,0.5202702702702703,0.32908846155284055,0.2706811541271001,0.8525235791730993,0.7345323967227997
btts,bcc4b40eb689be0e,2022-12-26 15:00:00+00:00,2223,1,0.5665350412469918,0.5167785234899329,0.18789187046674707,0.23350299536056932,0.5682163447395194,0.6601408840917752
btts,dcbabfbbcd9d494b,2022-12-26 15:00:00+00:00,2223,1,0.3624650975374207,0.52,0.4064507518579706,0.2304,1.0148270919782711,0.6539264674066639
btts,45c4fce36bc1455a,2022-12-26 17:30:00+00:00,2223,1,0.5788587626354385,0.5231788079470199,0.17735994180895398,0.22735844919082496,0.5466967644378287,0.6478319843479028
btts,569c7b7c28a76294,2022-12-26 20:00:00+00:00,2223,1,0.4960705544357525,0.5263157894736842,0.25394488610668997,0.22437673130193908,0.7010371155270577,0.6418538861723948
btts,d37a68916b7c058f,2022-12-27 17:30:00+00:00,2223,0,0.3830577825739157,0.5294117647058824,0.14673326479044527,0.28027681660899656,0.48297991031139775,0.7537718023763802
btts,fe881b55237b06fc,2022-12-27 20:00:00+00:00,2223,0,0.4694869891618604,0.525974025974026,0.2204180329922688,0.27664867599932536,0.6339107956150118,0.746493161265238
btts,ea266ec48a03226e,2022-12-28 20:00:00+00:00,2223,1,0.6660379256298485,0.5225806451612903,0.11153066711761457,0.2279292403746098,0.40640866467291215,0.6489759622468079
btts,ddb104ae12533116,2022-12-30 19:45:00+00:00,2223,0,0.4371033329641507,0.5256410256410257,0.1910593236883692,0.2762984878369494,0.5746592075887561,0.7457909140453673
btts,6dd766b5484e0211,2022-12-30 20:00:00+00:00,2223,1,0.5024666915530994,0.5222929936305732,0.2475393930141187,0.22820398393443952,0.6882259267123537,0.6495265580840549
btts,6d54124650139a3f,2022-12-31 12:30:00+00:00,2223,0,0.5491888897845025,0.5253164556962026,0.30160843666273446,0.27595737862522035,0.7967068515667576,0.7451069194906564
btts,661f0df19f2ecd16,2022-12-31 15:00:00+00:00,2223,1,0.481263335227087,0.5220125786163522,0.2690877273797255,0.2284719750009889,0.7313406842012677,0.6500635944236336
btts,750837c1a3b0ec5b,2022-12-31 15:00:00+00:00,2223,0,0.4444537249618098,0.525,0.19753911363242807,0.275625,0.5878033699729055,0.7444404749474959
btts,8c028fae7e1b8ba9,2022-12-31 15:00:00+00:00,2223,0,0.3874626186870665,0.5217391304347826,0.1501272808798391,0.2722117202268431,0.49014530771055975,0.7375989431307791
btts,c78054fcd6fb4b25,2022-12-31 15:00:00+00:00,2223,1,0.4352193187257996,0.5185185185185185,0.31897721794055,0.2318244170096022,0.8319051939711285,0.6567795363890705
btts,52aa5169a536bb6e,2022-12-31 17:30:00+00:00,2223,1,0.5684249707260264,0.5214723926380368,0.1862570058928312,0.22898867100756523,0.5648859521160874,0.6510989443164459
btts,7249b9ab1e862cbc,2023-01-01 14:00:00+00:00,2223,0,0.5646740153705597,0.524390243902439,0.3188567436347111,0.2749851279000595,0.831660138593164,0.7431576011346067
btts,7e47fec03bea03d6,2023-01-01 16:30:00+00:00,2223,1,0.5008752720918742,0.5212121212121212,0.2491254940093606,0.2292378328741965,0.6913981667928855,0.6515981776470728
btts,8b881beb7f8eecbf,2023-01-02 17:30:00+00:00,2223,1,0.6060729932644132,0.5240963855421686,0.15517848663565903,0.22648425025402819,0.5007548492350786,0.6460796697019596
btts,7c6ab648b91a5fb0,2023-01-03 19:45:00+00:00,2223,0,0.5502813025239602,0.5269461077844312,0.30280951190746624,0.27767220050916136,0.799133008404604,0.7485459599497337
btts,8d7d7f6eeb0d6436,2023-01-03 19:45:00+00:00,2223,0,0.5482983355757115,0.5238095238095238,0.30063106479509555,0.2743764172335601,0.794733351528083,0.7419373447293773
btts,ffe8267962121b5d,2023-01-03 19:45:00+00:00,2223,1,0.4893082891890899,0.5207100591715976,0.26080602349097426,0.22971884737929343,0.7147625399168211,0.6525619004448671
btts,2b8b445bd6fbf2d1,2023-01-03 20:00:00+00:00,2223,0,0.455025816452538,0.5235294117647059,0.20704849363829878,0.274083044982699,0.6070168550785542,0.741349282377823
btts,c588a80e8b66e406,2023-01-04 19:30:00+00:00,2223,0,0.401847639764772,0.52046783625731,0.16148152558451798,0.270886768578366,0.513909774481129,0.7349443092384068
btts,bda1237d6f9239b4,2023-01-04 19:45:00+00:00,2223,1,0.5156043435522806,0.5174418604651163,0.23463915198541702,0.2328623580313683,0.662415583685171,0.6588581070813131
btts,5957f2c1da45fabf,2023-01-04 20:00:00+00:00,2223,1,0.4984540947809549,0.5202312138728323,0.25154829504199133,0.23017808814193594,0.6962437805186691,0.6534819241675139
btts,cd0b3ed3081cda27,2023-01-04 20:00:00+00:00,2223,0,0.4665321346458489,0.5229885057471264,0.2176522326572125,0.27351697714361206,0.6283564436924022,0.7402146914179311
btts,76e54300f9a3ad54,2023-01-05 20:00:00+00:00,2223,0,0.5238861284164964,0.52,0.27445667554722575,0.27040000000000003,0.7420982273449337,0.7339691750802004
btts,bd24f5fe51774946,2023-01-12 20:00:00+00:00,2223,1,0.50269508758404,0.5170454545454546,0.24731217591304563,0.23324509297520657,0.6877714803941354,0.6596244885213016
btts,46cbad44bc723677,2023-01-13 20:00:00+00:00,2223,1,0.5506981725984931,0.519774011299435,0.2018721321063335,0.23061700022343518,0.5965684010440787,0.6543611555247889
btts,bb7e635e22b345c9,2023-01-14 12:30:00+00:00,2223,1,0.5691578636211913,0.5224719101123596,0.18562494647945604,0.22803307663173836,0.5635974428762577,0.6491840571388291
btts,3178ca796e332ea0,2023-01-14 15:00:00+00:00,2223,0,0.4780192298812962,0.5251396648044693,0.2285023841363075,0.27577166755095034,0.6501245306311234,0.7447345493504386
btts,723fea9bf61cd190,2023-01-14 15:00:00+00:00,2223,0,0.4831203173667815,0.5222222222222223,0.2334052410525797,0.2727160493827161,0.6599451537371778,0.7386095546367027
btts,a1dff3fda8c7a4e3,2023-01-14 15:00:00+00:00,2223,1,0.4510351865474261,0.5193370165745856,0.30136236640901937,0.23103690363542015,0.7962099235706146,0.6552022489958218
btts,a450f43bab117f14,2023-01-14 15:00:00+00:00,2223,0,0.6578118991912137,0.521978021978022,0.4327164947175516,0.2724610554280884,1.0723946907505244,0.7380985684222117
btts,207be1716720bcca,2023-01-14 17:30:00+00:00,2223,0,0.4747982497296256,0.5191256830601093,0.2254333779463159,0.2694914748126251,0.6439728039802706,0.7321493383632145
btts,1fd4b15b820e6ea3,2023-01-15 14:00:00+00:00,2223,0,0.5188731129324448,0.5163043478260869,0.2692293073242056,0.26657017958412094,0.7316242451878303,0.7262993878768457
btts,e14a144c7746ef02,2023-01-15 14:00:00+00:00,2223,0,0.3558578038370676,0.5135135135135135,0.12663477655174088,0.2636961285609934,0.4398357757556094,0.7205461547480597
btts,adca55e2c2fe9d62,2023-01-15 16:30:00+00:00,2223,0,0.5733716152550927,0.510752688172043,0.3287550091802341,0.26086830847496817,0.8518419380160794,0.7148871671963511
btts,405fe2fbd007f2bc,2023-01-18 20:00:00+00:00,2223,1,0.5250568452014651,0.5080213903743316,0.22557100028998506,0.24204295232920583,0.6442487456777792,0.6772317252540457
btts,42d312d8f24adfaf,2023-01-19 20:00:00+00:00,2223,1,0.4714713451621549,0.5106382978723404,0.27934253898470207,0.23947487550928026,0.7518969525366457,0.672093771362113
btts,edd8cf19d8223e25,2023-01-21 12:30:00+00:00,2223,0,0.5316230504236351,0.5132275132275133,0.2826230677417309,0.2634024803336973,0.7584818594507624,0.7199584380106021
btts,49eaba7cd2b5ec1a,2023-01-21 15:00:00+00:00,2223,0,0.5104346759828073,0.5105263157894737,0.2605435584456735,0.26063711911357346,0.7142373754205216,0.7144245790072302
btts,c930dd88b7a27e92,2023-01-21 15:00:00+00:00,2223,0,0.437326873309312,0.5078534031413613,0.19125479411849905,0.257915079082262,0.5750564114749056,0.7089786457766261
btts,d0661a6525ce80cb,2023-01-21 15:00:00+00:00,2223,1,0.5302672869983015,0.5052083333333334,0.22064882166393604,0.24481879340277773,0.6343740844689516,0.6827843935243987
btts,d1707b231e8621e4,2023-01-21 15:00:00+00:00,2223,1,0.5225667588853855,0.5077720207253886,0.22794249972120562,0.24228838358076724,0.6490025351031378,0.6777227102343136
btts,534e3ef367efeb39,2023-01-21 17:30:00+00:00,2223,0,0.5171755722410307,0.5103092783505154,0.26747057252283757,0.26041555957062384,0.728102195017633,0.7139812674627872
btts,c3ae3b19c623d5fc,2023-01-22 14:00:00+00:00,2223,0,0.4831743868407969,0.5076923076923077,0.23345748809898004,0.2577514792899408,0.6600497666752847,0.7086513670959105
btts,ceeaf705681c45f8,2023-01-22 14:00:00+00:00,2223,0,0.5382849035521603,0.5051020408163265,0.2897506373921585,0.25512807163681794,0.7728072524775611,0.7034036807271343
btts,7977e1ed1706ab7e,2023-01-22 16:30:00+00:00,2223,1,0.5281844004715696,0.5025380710659898,0.22260995995837224,0.24746837073874622,0.6383098129297609,0.6880838786033987
btts,fa739c336168fa91,2023-01-23 20:00:00+00:00,2223,0,0.518982049761541,0.5050505050505051,0.2693423679746907,0.25507601265177027,0.7318506909896222,0.7032995520239634
btts,de3c51c456e6e888,2023-02-03 20:00:00+00:00,2223,0,0.508711000927012,0.5025125628140703,0.2587868824641624,0.25251887578596494,0.7107227315237513,0.6981849745899024
btts,1a938b08d8abdcab,2023-02-04 12:30:00+00:00,2223,0,0.4202239794837788,0.5,0.17658819293318337,0.25,0.5451134215488533,0.6931471805599453
btts,2e28f45e1e2e1d31,2023-02-04 15:00:00+00:00,2223,1,0.3945185580083432,0.4975124378109453,0.366607776596296,0.25249375015469916,0.9300890979563973,0.6981347220709844
btts,401a381b5d1c026b,2023-02-04 15:00:00+00:00,2223,0,0.5360470589170617,0.5,0.28734644937363185,0.25,0.7679721519791203,0.6931471805599453
btts,786d3daa65d734d7,2023-02-04 15:00:00+00:00,2223,0,0.5459258833967155,0.4975369458128079,0.29803507016248426,0.24754301244873694,0.789494841834875,0.6882331657575161
btts,b7549e6edc891408,2023-02-04 15:00:00+00:00,2223,0,0.4533983962957839,0.4950980392156863,0.2055701057635887,0.24512206843521725,0.6040350715293998,0.6833910056145807
btts,fbab817f9391259a,2023-02-04 15:00:00+00:00,2223,1,0.487693139480299,0.4926829268292683,0.26245831933555236,0.25737061273051753,0.7180688834548838,0.7078894622971488
btts,40bb6c22bff05f4b,2023-02-04 17:30:00+00:00,2223,1,0.4276068971603875,0.49514563106796117,0.32763386417835927,0.2548779338297672,0.8495509700259084,0.70290335550531
btts,d3dfa76aa4d8e675,2023-02-05 14:00:00+00:00,2223,0,0.5447030470143117,0.4975845410628019,0.2967014094266755,0.24759037550467922,0.7868054289860252,0.6883278941239964
btts,c3fda4ca879edb88,2023-02-05 16:30:00+00:00,2223,0,0.5594515122185104,0.4951923076923077,0.3129859945235781,0.24521542159763315,0.8197347652448286,0.6835777295437946
btts,445134bd28740170,2023-02-08 20:00:00+00:00,2223,1,0.514485280880529,0.49282296650717705,0.2357245424816588,0.25722854330258005,0.6645883327071029,0.7076052637351752
btts,652983becb03cf3c,2023-02-11 12:30:00+00:00,2223,1,0.5088350000949587,0.49523809523809526,0.24124305713171917,0.2547845804988662,0.6756314798273046,0.702716631576096
btts,07c2d8dc5568205f,2023-02-11 15:00:00+00:00,2223,1,0.5243647327616395,0.4976303317535545,0.22622890744090657,0.25237528357404376,0.6455677819063214,0.6978977833185431
btts,44f938adce25a529,2023-02-11 15:00:00+00:00,2223,1,0.536641734470379,0.5,0.21470088223461878,0.25,0.6224245682595321,0.6931471805599453
btts,b50d883efb5c7bdd,2023-02-11 15:00:00+00:00,2223,1,0.4726402229983774,0.5023474178403756,0.27810833439920113,0.2476580925301417,0.7494208078247924,0.6884633312475189
btts,b8affff4a38858c2,2023-02-11 15:00:00+00:00,2223,0,0.4431439171075387,0.5046728971962616,0.19637653126941312,0.25469473316446845,0.5854484514486082,0.7025369209097843
btts,c5ce56dbf3365870,2023-02-11 15:00:00+00:00,2223,1,0.5267505418033896,0.5023255813953489,0.22396504968338524,0.2476798269334775,0.641028197720504,0.688506801003443
btts,7c6003d8726062e0,2023-02-11 17:30:00+00:00,2223,1,0.4746952690674899,0.5046296296296297,0.2759450603400768,0.2453918038408779,0.7450822196268552,0.6839305254550213
btts,9882f7903ebf274c,2023-02-12 14:00:00+00:00,2223,0,0.5242336582725646,0.5069124423963134,0.27482092846583606,0.25696022425619575,0.7428284239949953,0.7070685190785534
btts,702df9c83b17e2bb,2023-02-12 16:30:00+00:00,2223,1,0.4877822426792569,0.5045871559633027,0.2623670309146917,0.24543388603652894,0.7178861967344699,0.6840146969966728
btts,74273dc3f2d371f6,2023-02-13 20:00:00+00:00,2223,0,0.4914887091352709,0.5068493150684932,0.2415611512074549,0.25689622818540064,0.6762678594829455,0.7069405026922811
btts,b3ecdca29f6a8c92,2023-02-15 19:30:00+00:00,2223,1,0.5199355937548229,0.5045454545454545,0.23046183414353444,0.24547520661157027,0.654050333241522,0.6840973450400275
btts,6b55f83e6734f282,2023-02-18 12:30:00+00:00,2223,1,0.4973967516723707,0.5067873303167421,0.25261002522948456,0.2432587375360865,0.6983672782486111,0.6796638302226583
btts,32b84b6d046ee0a9,2023-02-18 15:00:00+00:00,2223,1,0.5104594058120265,0.509009009009009,0.23964999335791412,0.24107215323431538,0.6724441630268845,0.6752895631599388
btts,457146c86cadeffa,2023-02-18 15:00:00+00:00,2223,0,0.542238597387897,0.5112107623318386,0.2940226964971939,0.26133644352389956,0.7814071856075605,0.7158238892309752
btts,6c585b4cf507ca33,2023-02-18 15:00:00+00:00,2223,0,0.5441582139550918,0.5089285714285714,0.29610816181479543,0.2590082908163265,0.7856094901002793,0.7111656860626235
btts,8ad253ad1339b0c2,2023-02-18 15:00:00+00:00,2223,1,0.3952832588905086,0.5066666666666667,0.3656823369780836,0.24337777777777775,0.928152659967121,0.6799019538099246
btts,ca9c37d8158397fe,2023-02-18 15:00:00+00:00,2223,0,0.464521789554826,0.5088495575221239,0.21578049297121804,0.25892787219046126,0.6245950800339184,0.7110047979599518
btts,e174897d99e55cc7,2023-02-18 15:00:00+00:00,2223,0,0.5447969022590792,0.5066079295154186,0.29680366471108866,0.2566515942478993,0.7870115909626775,0.7064511461863082
btts,f1e5df5d59e5d2b7,2023-02-18 17:30:00+00:00,2223,0,0.4492809614668722,0.5043859649122807,0.20185338233659708,0.25440520160049246,0.5965305117966141,0.7019578102421002
btts,2407f0814416d350,2023-02-19 14:00:00+00:00,2223,0,0.451385102216928,0.5021834061135371,0.20374851050338655,0.2521881733757937,0.6003585448446684,0.6975235551597441
btts,dd85636bde545e8a,2023-02-19 16:30:00+00:00,2223,0,0.6029269696869781,0.5,0.36352093077592224,0.25,0.9236350597642576,0.6931471805599453
btts,f1067b7bafb48a73,2023-02-24 20:00:00+00:00,2223,1,0.4652500972362019,0.49783549783549785,0.2859574585058915,0.2521691872341223,0.7651801744620514,0.6974855821585434
btts,3f3b2c7aa95581be,2023-02-25 15:00:00+00:00,2223,0,0.534966096449554,0.5,0.28618872435047343,0.25,0.7656449651914741,0.6931471805599453
btts,abaab4c2619f1fe3,2023-02-25 15:00:00+00:00,2223,0,0.4364734308625214,0.4978540772532189,0.19050905584890024,0.24785868223765406,0.5735407964142346,0.6888645187679446
btts,b06fd895165e6469,2023-02-25 15:00:00+00:00,2223,0,0.4905306761808248,0.49572649572649574,0.2406203442744172,0.2457447585652714,0.6743856365339675,0.6846364908920367
btts,eb4a78e2da5aca64,2023-02-25 15:00:00+00:00,2223,0,0.4567365853366882,0.49361702127659574,0.20860830838501787,0.24365776369397918,0.6101609667987725,0.6804620210326296
btts,b60ece960a1d8f0f,2023-02-25 17:30:00+00:00,2223,1,0.4988383644821861,0.4915254237288136,0.25116298491489014,0.2585463947141626,0.6954731545770428,0.7102416139192453
btts,1d0deb88b8637a3f,2023-02-25 19:45:00+00:00,2223,0,0.3930680584325717,0.4936708860759494,0.1545024985599516,0.243710943759013,0.49933861683252656,0.6805683983530851
btts,298f0d61f31fad2e,2023-02-26 13:30:00+00:00,2223,0,0.6134400834682844,0.49159663865546216,0.3763087360055757,0.24166725513734902,0.9504683996015834,0.6764801280747337
btts,8b00c75fd91bde5d,2023-03-01 19:45:00+00:00,2223,0,0.4452183072849611,0.4895397489539749,0.19821934114168605,0.23964916580592077,0.5891805890761029,0.6724425071982542
btts,74ce8274e60f32af,2023-03-01 20:00:00+00:00,2223,0,0.466511458965222,0.4875,0.21763294134586,0.23765624999999999,0.628317687318654,0.6684545679695739
btts,9f125d4e02f4c659,2023-03-04 12:30:00+00:00,2223,0,0.5099771348300668,0.4854771784232365,0.26007667804948414,0.23568809076978703,0.7133032253540686,0.6645153678856183
btts,1ac031ae7df6a987,2023-03-04 15:00:00+00:00,2223,0,0.5166839493582709,0.4834710743801653,0.2669623035244602,0.23374427976231132,0.7270844901679081,0.6606239888543853
btts,407a6b4afa246a4e,2023-03-04 15:00:00+00:00,2223,0,0.5291147922163805,0.48148148148148145,0.2799624633421835,0.23182441700960216,0.7531409348749444,0.6567795363890703
btts,c88fcdf36cb554c3,2023-03-04 15:00:00+00:00,2223,0,0.4705739400533847,0.47950819672131145,0.2214398330573665,0.22992811072292393,0.6359617649631629,0.6529811388346106
btts,d6645d1add619fd6,2023-03-04 15:00:00+00:00,2223,1,0.4888668189024264,0.4775510204081633,0.26125712881892504,0.2729529362765515,0.7156651805851146,0.7390842757469709
btts,ddde6cffc605b594,2023-03-04 15:00:00+00:00,2223,0,0.5091420219380762,0.4796747967479675,0.2592255985031925,0.23008791063520392,0.7116004434116243,0.6533012720127458
btts,4545e755585cebc7,2023-03-04 17:30:00+00:00,2223,0,0.4193099260112365,0.4777327935222672,0.17582081405154865,0.2282286220065892,0.5435380999329964,0.6495759322663052
btts,755d6efacf6a81bb,2023-03-05 14:00:00+00:00,2223,1,0.4642470293578654,0.47580645161290325,0.28703124555187204,0.27477887617065555,0.7673384775681457,0.7427441216993174
btts,de2092f4ae7c7095,2023-03-05 16:30:00+00:00,2223,0,0.4770727734332384,0.4779116465863454,0.227598431151282,0.2283995419428719,0.6483129707427963,0.6499184460091251
btts,dfda1abc1de07295,2023-03-06 20:00:00+00:00,2223,1,0.418768899552386,0.476,0.33782959212754443,0.27457600000000004,0.8704360636019065,0.7423374247507171
btts,d8726796877f4662,2023-03-11 12:30:00+00:00,2223,0,0.4279897716722756,0.47808764940239046,0.1831752446560866,0.228567800511103,0.5585984060703888,0.6502556159306324
btts,03bb81d5dc3898a9,2023-03-11 15:00:00+00:00,2223,0,0.482516130922828,0.47619047619047616,0.23282181660073573,0.22675736961451246,0.6587769251938027,0.6466271649250525
btts,287258afe1fb81e1,2023-03-11 15:00:00+00:00,2223,1,0.5391443250400884,0.4743083003952569,0.21238795314275574,0.27635176303332354,0.6177719794627888,0.7458977459454743
btts,6c2e7a891c2caf48,2023-03-11 15:00:00+00:00,2223,1,0.4999350972682705,0.4763779527559055,0.250064906944094,0.2741800483600967,0.6932769944488626,0.7415437214217955
btts,b90a2fc9f9db2da9,2023-03-11 15:00:00+00:00,2223,1,0.520749920395752,0.47843137254901963,0.22968063880067807,0.2720338331410995,0.6524853517056819,0.7372425004251696
btts,d647ac23d80d206a,2023-03-11 17:30:00+00:00,2223,0,0.4373448403322931,0.48046875,0.19127050936527895,0.2308502197265625,0.5750883435310004,0.6548283162578087
btts,089b00bb614bb6fa,2023-03-12 14:00:00+00:00,2223,0,0.5508885835577699,0.4785992217898833,0.30347823149428604,0.2290572150978819,0.800484278498497,0.6512362849443086
btts,5fdb6e73d07be82d,2023-03-12 14:00:00+00:00,2223,1,0.4489810389563332,0.47674418604651164,0.3036218954296421,0.2737966468361277,0.8007746216274902,0.7407752295491999
btts,c95a5c18ce218fdb,2023-03-12 14:00:00+00:00,2223,0,0.4303772280649868,0.47876447876447875,0.18522455843690167,0.22921542612662302,0.5627809408650104,0.6515532832611082
btts,b010fe41191eceb2,2023-03-12 16:30:00+00:00,2223,1,0.4922927602820195,0.47692307692307695,0.2577666412620509,0.2736094674556212,0.7086816982330427,0.7404000654104909
btts,287d3fd814561450,2023-03-15 19:30:00+00:00,2223,0,0.4359049336436623,0.4789272030651341,0.19001311117488562,0.22937126583579218,0.5725324843188823,0.6518655215866415
btts,9db18dea472d4bb7,2023-03-15 19:30:00+00:00,2223,0,0.4701599407265796,0.4770992366412214,0.22105036986402082,0.22762368160363616,0.6351800929350047,0.6483635779329721
btts,1ac299ea014b9068,2023-03-17 20:00:00+00:00,2223,1,0.4863453821897158,0.4752851711026616,0.2638410663978291,0.27532565166476314,0.7208362445411752,0.7438402948754634
btts,1df7adf3bca21599,2023-03-18 15:00:00+00:00,2223,0,0.4366285135063553,0.4772727272727273,0.19064445880676947,0.22778925619834714,0.57381603452302,0.6486954179891115
btts,6720b49369a265bd,2023-03-18 15:00:00+00:00,2223,1,0.4542992664274382,0.47547169811320755,0.2977892906216322,0.27512993948024206,0.7889991209496742,0.7434479190347442
btts,829d93c204a8b1a4,2023-03-18 15:00:00+00:00,2223,1,0.4108309582159828,0.4774436090225564,0.34712015979669697,0.27306518175137084,0.889573442968816,0.7393092223231078
btts,e8cac58ea32bfe84,2023-03-18 15:00:00+00:00,2223,1,0.4876398368623807,0.4794007490636704,0.2625129367704079,0.2710235800754674,0.7181781848304434,0.7352183944806323
btts,d06ce784aa0c0571,2023-03-18 17:30:00+00:00,2223,1,0.4393905319936027,0.48134328358208955,0.31428297561841584,0.2690047894854088,0.8223666668432,0.7311745761491846
btts,0962982d9da7bced,2023-03-19 14:00:00+00:00,2223,1,0.5642288446610966,0.483271375464684,0.1898964998254027,0.26700847141415956,0.5722953568343374,0.7271769291462566
btts,e44a0c35ac59ebd9,2023-04-01 12:30:00+00:00,2223,1,0.5026286812920882,0.48518518518518516,0.2473782286732472,0.2650342935528121,0.6879035896590395,0.7232246357972233
btts,044926f6252f8ea9,2023-04-01 15:00:00+00:00,2223,1,0.4528824287430414,0.4870848708487085,0.29933763677811315,0.263081929712286,0.7921227263838136,0.71931689829333
btts,1662b8bfe60925d3,2023-04-01 15:00:00+00:00,2223,1,0.4961743245921839,0.4889705882352941,0.25384031120014205,0.26115105968858127,0.7008279531337755,0.7154529380742436
btts,9fc2d7b3c288c4d9,2023-04-01 15:00:00+00:00,2223,1,0.443033159302137,0.4908424908424908,0.31021206163695864,0.259241369131479,0.8141106600404238,0.7116319952340484
btts,e73a1788720b36da,2023-04-01 15:00:00+00:00,2223,1,0.5683214219083593,0.4927007299270073,0.1863463947832207,0.2573525494165912,0.5650681366712783,0.7078533279496407
btts,ed97bcf0f2d10f4f,2023-04-01 15:00:00+00:00,2223,1,0.4028362357080572,0.49454545454545457,0.3566045613833229,0.2554842975206611,0.9092251626305776,0.7041162119305192
btts,87e9ea37bbf3af43,2023-04-01 17:30:00+00:00,2223,0,0.4735321153082039,0.4963768115942029,0.2242326642282621,0.2463899390884268,0.6415649470049242,0.6859269325864582
btts,bd739d95d6044e24,2023-04-02 14:00:00+00:00,2223,0,0.4898222223161306,0.49458483754512633,0.23992580947471287,0.244614161529539,0.6729960303110847,0.682375083578034
btts,12b190d6a98e33a7,2023-04-02 16:30:00+00:00,2223,0,0.4581633596520374,0.49280575539568344,0.20991366412764217,0.24285751255111018,0.6127907245450981,0.6788612233124689
btts,f366889fc9bfb7e3,2023-04-03 20:00:00+00:00,2223,1,0.5176608918055374,0.4910394265232975,0.23265101529382948,0.25904086535373383,0.6584349001229512,0.7112308559932407
btts,26562a804bc91110,2023-04-04 19:45:00+00:00,2223,1,0.4703003220584338,0.4928571428571429,0.2805817488113989,0.25719387755102036,0.7543838052377613,0.7075359180120449
btts,319516a34ce500ac,2023-04-04 19:45:00+00:00,2223,0,0.4976311497637886,0.49466192170818507,0.24763676121523018,0.2446904167880346,0.6884206676687157,0.6825276117324852
btts,c84475496ec6deb7,2023-04-04 19:45:00+00:00,2223,1,0.4776846413509846,0.4929078014184397,0.27281333388064966,0.2571424978622806,0.7388045103465737,0.7074331378074219
btts,87c79de9058e7ec7,2023-04-04 20:00:00+00:00,2223,0,0.4659563844163422,0.49469964664310956,0.21711535217835004,0.24472774038881745,0.627277766234382,0.6826022673833303
btts,6c519ee5a4663028,2023-04-05 20:00:00+00:00,2223,0,0.4891311673590908,0.49295774647887325,0.2392492988820669,0.24300733981352907,0.6716424093195067,0.6791609385852054
btts,a49b8bc45ce8e9a3,2023-04-05 20:00:00+00:00,2223,1,0.5278417295023057,0.49122807017543857,0.22293343239937388,0.25884887657740846,0.6389587949417864,0.7108467576593462
btts,53fe24c1e07972f8,2023-04-08 12:30:00+00:00,2223,0,0.4948122852668958,0.493006993006993,0.24483919765104786,0.24305589515379727,0.6828252064319145,0.6792580683992783
btts,2aa25619b8cd1447,2023-04-08 15:00:00+00:00,2223,1,0.4527444698740558,0.4912891986062718,0.2994886152534282,0.2587866794546492,0.792427396817661,0.7107223253814527
btts,492ba6d3ffb50263,2023-04-08 15:00:00+00:00,2223,1,0.5265564662068533,0.4930555555555556,0.22414877969054248,0.2569926697530864,0.6413967049026583,0.7071334225346851
btts,5487bc988d4111f5,2023-04-08 15:00:00+00:00,2223,0,0.5012908282958037,0.49480968858131485,0.251292494533493,0.2448366279139378,0.6957321753735977,0.6828200664040958
btts,7bf90bac62be56a7,2023-04-08 15:00:00+00:00,2223,0,0.4021946760175936,0.49310344827586206,0.1617605574168971,0.24315101070154577,0.514490123212763,0.6794483362017834
btts,800db1b65cfecc6f,2023-04-08 15:00:00+00:00,2223,0,0.4619590627446822,0.49140893470790376,0.2134061756519452,0.24148274111075682,0.6198206301625325,0.6761109934073775
btts,d2731ccfb1b85175,2023-04-08 15:00:00+00:00,2223,0,0.3976633263383987,0.4897260273972603,0.15813612111451977,0.23983158191030213,0.5069387314260216,0.6728074963228228
btts,c7df11c2dfb0635b,2023-04-08 17:30:00+00:00,2223,1,0.467742287383969,0.4880546075085324,0.2832982726392495,0.26208808489324287,0.75983780272076,0.71732797875716
btts,492f773043a0c674,2023-04-09 14:00:00+00:00,2223,1,0.5021863575789285,0.4897959183673469,0.24781842258053444,0.2603082049146189,0.6887839979423943,0.713766467762681
btts,8bdcea919e28592c,2023-04-09 16:30:00+00:00,2223,1,0.4922583966307446,0.4915254237288136,0.25780153579198234,0.2585463947141626,0.7087515039532383,0.7102416139192453
btts,27dcf57eec11c980,2023-04-15 12:30:00+00:00,2223,0,0.5594757873300782,0.49324324324324326,0.3130131566086109,0.24328889700511325,0.8197898687829622,0.6797241602278046
btts,0a34ee026c9d0d4c,2023-04-15 15:00:00+00:00,2223,1,0.5171848062472206,0.49158249158249157,0.2331105113185339,0.2584883628654673,0.6593550094548073,0.7101255170943632
btts,6bfabb964be6d5c1,2023-04-15 15:00:00+00:00,2223,1,0.4453283779610413,0.49328859060402686,0.30766060829532943,0.2567564524120535,0.808943340948556,0.7066608997266681
btts,6c4f7650908d6bf9,2023-04-15 15:00:00+00:00,2223,0,0.4890430389656898,0.49498327759197325,0.23916309396079719,0.24500844509569245,0.671469917307336,0.6831637365757621
btts,a410a6783dfbc3c4,2023-04-15 15:00:00+00:00,2223,1,0.4382355617109412,0.49333333333333335,0.3155792841262217,0.25671111111111106,0.8249987010493639,0.706570200892086
btts,fc07bf0f4a8cd2b0,2023-04-15 15:00:00+00:00,2223,0,0.4668651340122501,0.4950166112956811,0.21796305335627625,0.2450414454586594,0.6289808549515064,0.6832297439025994
btts,ce960dc7567df04c,2023-04-15 17:30:00+00:00,2223,1,0.4759723800750981,0.49337748344370863,0.2746049464441574,0.25666637428182976,0.7423954514865504,0.7064807114294105
btts,e8198377e064c85e,2023-04-16 14:00:00+00:00,2223,1,0.598018598616871,0.49504950495049505,0.16158904705794425,0.2549750024507401,0.5141334241491378,0.7030975114131134
btts,cbe88f845bc387fc,2023-04-16 16:30:00+00:00,2223,0,0.4119980096155656,0.4967105263157895,0.16974235992718767,0.2467213469529086,0.5310249460816977,0.6865897800137862
btts,a79cf76c5e8d3cfd,2023-04-17 20:00:00+00:00,2223,1,0.5316778870998845,0.49508196721311476,0.21932560143122853,0.25494221983337806,0.631717448390888,0.7030319397924872
btts,d748516969c42f75,2023-04-21 20:00:00+00:00,2223,1,0.4340762854674985,0.49673202614379086,0.3202696506702643,0.253278653509334,0.8345349873614037,0.6997045811061043
btts,63506c1562343e8d,2023-04-22 12:30:00+00:00,2223,1,0.3960195377824269,0.498371335504886,0.3647923987405532,0.25163131704315167,0.9262917311103162,0.6964098261947617
btts,543c2a69627076e1,2023-04-22 15:00:00+00:00,2223,1,0.3805095469983282,0.5,0.38376842136021655,0.25,0.966244011329385,0.6931471805599453
btts,843f35a23b384005,2023-04-22 15:00:00+00:00,2223,0,0.4623655401886327,0.5016181229773463,0.21378189275392612,0.2516207412993161,0.6205763924759711,0.6963886744841163
btts,e90d111dab76401d,2023-04-22 15:00:00+00:00,2223,1,0.4032755472235546,0.5,0.3560800725413483,0.25,0.9081352106703386,0.6931471805599453
btts,fd599e58ad9ed5ab,2023-04-22 15:00:00+00:00,2223,1,0.4122146303358029,0.5016077170418006,0.34549164079127676,0.24839486771228586,0.8862111178616113,0.6899369049296972
btts,8caad3ce3b075a01,2023-04-23 14:00:00+00:00,2223,0,0.5263784862084567,0.5032051282051282,0.27707431074310646,0.2532154010519395,0.7473467703639576,0.6995780708902357
btts,b8fa635debc8aedc,2023-04-23 14:00:00+00:00,2223,1,0.5235954972142879,0.5015974440894568,0.2269612502745016,0.2484051077381621,0.647035844650505,0.6899573851918452
btts,ed69214dfca58eb5,2023-04-25 19:30:00+00:00,2223,0,0.4772991921141077,0.5031847133757962,0.2278145187927799,0.25319485577508216,0.6487460476629777,0.6995369786587163
btts,3f00312d3aaa548b,2023-04-25 19:45:00+00:00,2223,0,0.4522818690513476,0.5015873015873016,0.20455888907258032,0.25158982111363065,0.601994483945141,0.696326833477325
btts,45bbd584ec3a019f,2023-04-25 20:00:00+00:00,2223,1,0.6379633597689023,0.5,0.1310705288698213,0.25,0.4494744271158097,0.6931471805599453
btts,3124d712329f5884,2023-04-26 19:30:00+00:00,2223,1,0.4810678649003232,0.501577287066246,0.2692905608391091,0.2484252007682433,0.7317469275599496,0.6899975716570491
btts,b390c91010bb12b9,2023-04-26 19:45:00+00:00,2223,0,0.4503296252439334,0.5031446540880503,0.20279677137234148,0.2531545429373838,0.5984364990441484,0.69945634975321
btts,f7a9e567dc08a5f4,2023-04-26 19:45:00+00:00,2223,1,0.6017837231411611,0.5015673981191222,0.1585762031553154,0.24843505861774162,0.507857162109161,0.6900172875510178
btts,17e49792055d22a3,2023-04-26 20:00:00+00:00,2223,1,0.6180122337417476,0.503125,0.14591465357096925,0.24688476562499995,0.4812470260217578,0.6869166308093091
btts,12132f52c787b7ee,2023-04-27 19:45:00+00:00,2223,1,0.434200738459165,0.5046728971962616,0.3201288043601541,0.2453489387719452,0.8342483208043273,0.6838447878976319
btts,f402b9bdd804ea66,2023-04-27 19:45:00+00:00,2223,0,0.4518021486821194,0.5062111801242236,0.2041251815537799,0.25624975888275914,0.6011190146434229,0.7056473433241768
btts,1701cd97644eda8f,2023-04-27 20:15:00+00:00,2223,1,0.5193465215238485,0.5046439628482973,0.2310277663712242,0.2453776035426391,0.6551839470801478,0.6839021224158941
btts,7853a1652115ee9d,2023-04-29 12:30:00+00:00,2223,1,0.4853851596164529,0.5061728395061729,0.26482843394298367,0.2438652644413961,0.7228125596707096,0.680877087968131
btts,d2133adf7fc740ea,2023-04-29 15:00:00+00:00,2223,0,0.5318303214604015,0.5076923076923077,0.282843490824674,0.2577514792899408,0.7589244877917932,0.7086513670959105
btts,fb04fad778e2c86f,2023-04-29 15:00:00+00:00,2223,1,0.4359801094889642,0.5061349693251533,0.31811843689208086,0.24390266852346723,0.8301586571119021,0.6809519074661271
btts,74938a0be37e60ec,2023-04-30 14:00:00+00:00,2223,1,0.4760105717984754,0.5076452599388379,0.2745649208669607,0.24241319006069448,0.7423152153366853,0.6779723825407101
btts,99b4132638dbc3c6,2023-04-30 14:00:00+00:00,2223,0,0.5284213292482236,0.5091463414634146,0.27922910120445954,0.25922999702558003,0.7516693387552476,0.7116092433996808
btts,9e49bf56608b2430,2023-04-30 14:00:00+00:00,2223,1,0.5589197294040976,0.5075987841945289,0.19455180510895448,0.24245895732670616,0.5817494129106755,0.6780639383486168
btts,d99f6c83c8ceb33e,2023-04-30 14:00:00+00:00,2223,1,0.4891006477869962,0.509090909090909,0.26101814809166696,0.24099173553719014,0.7151869869907671,0.6751286750572671
btts,649c448fc6248329,2023-04-30 16:30:00+00:00,2223,1,0.5849310965848517,0.5105740181268882,0.17228219458225374,0.23953779173245957,0.5362612223029536,0.6722196604539895
btts,218c2c1ac4aa923d,2023-05-01 20:00:00+00:00,2223,1,0.4239556738404837,0.5120481927710844,0.3318270657005712,0.23809696617796483,0.8581263720442096,0.6693365318662267
btts,428a18438b82f8dc,2023-05-02 20:00:00+00:00,2223,1,0.4925006569717817,0.5135135135135135,0.2575555831740732,0.23666910153396642,0.708259484418027,0.6664789334777841
btts,9761e24b6263beac,2023-05-03 20:00:00+00:00,2223,0,0.5844755635331572,0.5149700598802395,0.3416116843674017,0.26519416257305745,0.878213854221436,0.7235446577443162
btts,f87179e6cf218778,2023-05-03 20:00:00+00:00,2223,0,0.5095992618619217,0.5134328358208955,0.2596914076902155,0.26361327689908665,0.7125323891857416,0.720380331018304
btts,3b9ad6f12451375b,2023-05-04 20:00:00+00:00,2223,0,0.5122736919816817,0.5119047619047619,0.2624243354965429,0.26204648526077096,0.7180008746856983,0.7172447321390057
btts,4408548cd280da8b,2023-05-06 15:00:00+00:00,2223,0,0.5143581171867341,0.5103857566765578,0.26456427271588207,0.2604936206183025,0.7222837933406757,0.7141374564517811
btts,80f66b37f2418cce,2023-05-06 15:00:00+00:00,2223,0,0.558315960626761,0.5088757396449705,0.311716711890583,0.25895451839921574,0.8171604955735275,0.7110581071264757
btts,a9b6a691445e2e13,2023-05-06 15:00:00+00:00,2223,1,0.568627053151213,0.5073746312684366,0.18608261927300643,0.24267975391790877,0.5645305023687219,0.6785056305669971
btts,e7ac82e1460c4068,2023-05-06 15:00:00+00:00,2223,1,0.4368184685295784,0.5088235294117647,0.3171734373893695,0.2412543252595156,0.8282375740130914,0.6756540231124282
btts,509c34e01c1a2d42,2023-05-06 17:30:00+00:00,2223,0,0.6166566000272826,0.5102639296187683,0.38026536235720804,0.26036927786998737,0.9588240858393665,0.7138886648667616
btts,3dc05337c9e961cc,2023-05-07 16:30:00+00:00,2223,0,0.7239878521095999,0.5087719298245614,0.5241584100022719,0.25884887657740846,1.2873104001379265,0.7108467576593462
btts,024f34f83fdcb974,2023-05-07 19:00:00+00:00,2223,0,0.5333883994759533,0.5072886297376094,0.2845031846955191,0.25734175386106134,0.7622580578863547,0.7078317322428664
btts,0dfa667b9d9e64c0,2023-05-08 15:00:00+00:00,2223,1,0.4958966513703395,0.5058139534883721,0.254120186099637,0.24421984856679285,0.7013877381407423,0.6815863581588693
btts,cb7f17a15f7a926c,2023-05-08 17:30:00+00:00,2223,1,0.4653812767655825,0.5072463768115942,0.2858171792327987,0.24280613316530136,0.7648982593366559,0.6787584431078456
btts,3b8fe9958a4060c4,2023-05-08 20:00:00+00:00,2223,1,0.4281108294178009,0.5086705202312138,0.32705722342919563,0.24140465768986605,0.848373169683537,0.6759547800195725
btts,4587f24eac6812cc,2023-05-13 12:30:00+00:00,2223,1,0.5153666354684322,0.5100864553314121,0.23486949801718748,0.2400152812497405,0.6628767180776957,0.6731750473730301
btts,001e2aab026c6f95,2023-05-13 15:00:00+00:00,2223,1,0.4786272672940712,0.5114942528735632,0.27182952640924785,0.23863786497555822,0.7368331320967683,0.6704189294823892
btts,84aeb0a6f6803217,2023-05-13 15:00:00+00:00,2223,1,0.3862804409825832,0.5128939828080229,0.37665169712053254,0.2372722719846307,0.9511916422702599,0.6676861163616722
btts,947e14341ae155b1,2023-05-13 15:00:00+00:00,2223,0,0.4478866650081046,0.5142857142857142,0.2006024646920821,0.2644897959183673,0.594001936765392,0.7221347174331975
btts,97a87850f7c884c6,2023-05-13 15:00:00+00:00,2223,0,0.5173754874136387,0.5128205128205128,0.2676773949765002,0.2629848783694937,0.7285163343203159,0.7191226669632059
btts,cd1c7657ff0c4dbf,2023-05-13 15:00:00+00:00,2223,0,0.5689589124927498,0.5113636363636364,0.3237142441049325,0.26149276859504134,0.8415518627787942,0.716136698784644
btts,4982a1f4d8afc23c,2023-05-14 14:00:00+00:00,2223,0,0.4183093167070724,0.509915014164306,0.1749826844439378,0.26001332167018437,0.5418164445372847,0.7131764624355178
btts,f87f980b723c7fd1,2023-05-14 14:00:00+00:00,2223,0,0.4977302209446055,0.5084745762711864,0.24773537284156583,0.2585463947141626,0.6886178951657468,0.7102416139192453
btts,c942a08710183fdb,2023-05-14 16:30:00+00:00,2223,0,0.6537507448716845,0.5070422535211268,0.42739003642028234,0.25709184685578257,1.0605963727368652,0.7073318155519017
btts,d8c9bb7248c3731f,2023-05-15 20:00:00+00:00,2223,0,0.518786431596771,0.5056179775280899,0.2691393616089111,0.25564953919959604,0.7314440982649498,0.7044467358138787
btts,0977e8951b30e862,2023-05-18 19:30:00+00:00,2223,1,0.593125696440992,0.5042016806722689,0.1655466988966278,0.24581597344820283,0.5223489354293958,0.6847789308894288
btts,8b3f6e89e0eab81c,2023-05-20 12:30:00+00:00,2223,1,0.5855417228407962,0.505586592178771,0.1717756635057754,0.2444446178334009,0.5352178382940183,0.6820359551348745
btts,3f91b083ac0fe0f3,2023-05-20 15:00:00+00:00,2223,0,0.5300317208303928,0.5069637883008357,0.2809336250864275,0.25701228264833453,0.7550900776841569,0.7071726559144498
btts,4abda390446ac4f4,2023-05-20 15:00:00+00:00,2223,1,0.5331420687161996,0.5055555555555555,0.21795632800258968,0.24447530864197534,0.6289673448994452,0.6820973443733603
btts,5fa7adfb6debc941,2023-05-20 15:00:00+00:00,2223,1,0.5944759355537375,0.5069252077562327,0.1644497668450165,0.24312275074623427,0.5200750421335908,0.6793918054914599
btts,6f1131e7e9463c6e,2023-05-20 15:00:00+00:00,2223,1,0.5138541318712623,0.5082872928176796,0.23633780509864405,0.24178138640456637,0.6658158439367431,0.6767084542167854
btts,759dfe676e682393,2023-05-20 17:30:00+00:00,2223,0,0.5536147440722461,0.509641873278237,0.30648928485417853,0.25973483899855054,0.8065728972961766,0.7126192839727657
btts,6d8be4f35ecbcb38,2023-05-21 13:30:00+00:00,2223,1,0.6136378263387693,0.5082417582417582,0.149275729236231,0.24182616833715737,0.48835038425359345,0.6767980425584159
btts,bf60ad25fd0213f6,2023-05-21 14:00:00+00:00,2223,1,0.5414799136247598,0.5095890410958904,0.21024066960955776,0.24050290861324825,0.6134493071815182,0.6741506798692902
btts,ee119d8d4742a2e0,2023-05-21 16:00:00+00:00,2223,0,0.4767627602696267,0.5109289617486339,0.22730272957991354,0.261048403953537,0.6477203045174112,0.7152475275606113
btts,1525ca20572cdc2d,2023-05-22 20:00:00+00:00,2223,0,0.545433833996668,0.5095367847411444,0.2974980672683048,0.25962773500434333,0.7884117961950023,0.7124049971643598
btts,c6ceb3b33ac683f9,2023-05-24 20:00:00+00:00,2223,1,0.6256555853326723,0.5081521739130435,0.1401337407926242,0.24191428402646506,0.4689552424629829,0.6769743213143443
btts,c48288a7e615c030,2023-05-25 20:00:00+00:00,2223,1,0.5076903437181614,0.5094850948509485,0.2423687976683421,0.24060487217338297,0.6778835768705639,0.674354681210578
btts,55d1e5418b9d3a92,2023-05-28 16:30:00+00:00,2223,0,0.5178030152138294,0.5108108108108108,0.2681199625645333,0.26092768444119796,0.7294025662903476,0.7150059743724444
btts,5d3205b4c210936d,2023-05-28 16:30:00+00:00,2223,1,0.5103026290555249,0.5094339622641509,0.2398035151099308,0.24065503737985047,0.6727513389452261,0.6744550475477927
btts,5e546d24a3c945e1,2023-05-28 16:30:00+00:00,2223,1,0.4730806188271153,0.510752688172043,0.2776440342556158,0.2393629321308822,0.7484894635187471,0.6718697821126605
btts,6414d1174662900d,2023-05-28 16:30:00+00:00,2223,0,0.4582630400414754,0.5120643431635389,0.21000501386805487,0.2622098915395065,0.612974709074974,0.7175717325670202
btts,6591e2a375258ca1,2023-05-28 16:30:00+00:00,2223,1,0.5967358658389522,0.5106951871657754,0.16262196190065956,0.23941919986273552,0.516280699273773,0.671982369367902
btts,887b080c7bbdc658,2023-05-28 16:30:00+00:00,2223,1,0.4696505206176963,0.512,0.2812705702810806,0.238144,0.7557664340195053,0.6694306539426292
btts,932c52240e19ba48,2023-05-28 16:30:00+00:00,2223,1,0.5508495430846002,0.5132978723404256,0.2017361329473124,0.23687896106835668,0.5962935686697661,0.6668989544850089
btts,a78416e46ed10e92,2023-05-28 16:30:00+00:00,2223,1,0.540222921991924,0.5145888594164456,0.21139496146164438,0.2356239754026272,0.615773406106369,0.6643870283846827
btts,a971fd2460606a9d,2023-05-28 16:30:00+00:00,2223,1,0.4964473209853051,0.5158730158730159,0.25356530054287635,0.23437893675988908,0.7002779018605224,0.6618946370558407
btts,d76211b50fb8587d,2023-05-28 16:30:00+00:00,2223,0,0.5411097813025861,0.5171503957783641,0.2927997954213326,0.2674445318537186,0.77894427247965,0.7280500522410054
btts,d0342c1d9c96635f,2023-08-11 20:00:00+00:00,2324,0,0.4771275202650021,0.5157894736842106,0.22765067059423,0.26603878116343493,0.6484176692457385,0.7252354951114459
btts,3e9923f666ce142a,2023-08-12 12:30:00+00:00,2324,1,0.5502467931383207,0.5144356955380578,0.2022779470823645,0.2357726937676097,0.5973883866010529,0.6646847158961836
btts,33acbc0047576ef0,2023-08-12 15:00:00+00:00,2324,1,0.525029454984695,0.5157068062827225,0.22559701863213588,0.2345398974808805,0.6443009132315726,0.6622168798685868
btts,43788438e8fad0a7,2023-08-12 15:00:00+00:00,2324,0,0.4977613774918164,0.5169712793733682,0.24776638892255057,0.26725930369693707,0.6886799285886079,0.7276791641023213
btts,91a82b6d149b2245,2023-08-12 15:00:00+00:00,2324,0,0.4688454652110987,0.515625,0.21981607024901156,0.265869140625,0.6327022741122417,0.7248958788745256
btts,d54f702123308768,2023-08-12 15:00:00+00:00,2324,1,0.3983278783939133,0.5142857142857142,0.36200934191796963,0.23591836734693883,0.9204797977869907,0.6649763035932491
btts,8194a43a749501d5,2023-08-12 17:30:00+00:00,2324,1,0.5187702075656275,0.5155440414507773,0.2315821131264292,0.23469757577384623,0.6562942538525514,0.6625325447403384
btts,f8002d2d22a9c1f8,2023-08-13 14:00:00+00:00,2324,1,0.5087753287738359,0.5167958656330749,0.241301677621253,0.23348623546928943,0.6757487571769902,0.6601073264817452
btts,a4e2e37ed525cb58,2023-08-13 16:30:00+00:00,2324,1,0.4705738244093208,0.5180412371134021,0.28029207540057277,0.23228424912317988,0.7538024259754711,0.6577004315641976
btts,837953ffde633954,2023-08-14 20:00:00+00:00,2324,0,0.3890836171231868,0.519280205655527,0.15138606111366262,0.2696519319856464,0.4927951820778607,0.7324707267638597
btts,42bd534c451191ff,2023-08-18 19:45:00+00:00,2324,1,0.4337938989949726,0.517948717948718,0.3205893488153153,0.23237343852728465,0.8351857447846843,0.6578790417224872
btts,0e0063c7b822f1da,2023-08-19 15:00:00+00:00,2324,1,0.6095896114727726,0.5191815856777494,0.15242027146998066,0.23118634755136344,0.4949693163021984,0.6555015809435784
btts,0fbf1001f41cddc8,2023-08-19 15:00:00+00:00,2324,0,0.5173943961081082,0.5204081632653061,0.267696961124074,0.27082465639316955,0.7285555139815162,0.7348198769605134
btts,7633a86cdf29d694,2023-08-19 15:00:00+00:00,2324,1,0.4999301872829378,0.5190839694656488,0.25006981759087765,0.231280228424917,0.6932868157426081,0.6556896180250449
btts,12a85bca4f9863d6,2023-08-19 17:30:00+00:00,2324,0,0.5844310350439411,0.5203045685279187,0.3415596347225323,0.2707168440310237,0.8781066978195623,0.7346038942382913
btts,86ca836d8bee101c,2023-08-19 20:00:00+00:00,2324,0,0.5394099116405764,0.5189873417721519,0.2909630527760944,0.2693478609197244,0.7752468108035898,0.7318616927406357
btts,e660d8b04cef03c4,2023-08-20 14:00:00+00:00,2324,0,0.5183247270277596,0.5176767676767676,0.26866052264840146,0.267989235792266,0.7304850995009039,0.7291407832078506
btts,96cd279564292d3d,2023-08-20 16:30:00+00:00,2324,1,0.5437452010908309,0.5163727959697733,0.20816844152764633,0.23389527247809458,0.6092745221982699,0.6609263015487823
btts,3169e552cae48623,2023-08-21 20:00:00+00:00,2324,0,0.5827284267123068,0.5175879396984925,0.3395724192986004,0.2678972753213303,0.874018014271217,0.7289566332566562
btts,a3975fa561d07fcb,2023-08-25 20:00:00+00:00,2324,0,0.3520452980901323,0.5162907268170426,0.1239358919073701,0.2665561145972701,0.4339344895333737,0.7262712279849779
btts,1d98494148cd7435,2023-08-26 12:30:00+00:00,2324,0,0.566254134838233,0.515,0.3206437452213957,0.265225,0.8352964805347656,0.7236063880446539
btts,801577c355bea5eb,2023-08-26 15:00:00+00:00,2324,1,0.5569631941014251,0.513715710723192,0.1962816113808115,0.23647240999745028,0.5852561200506762,0.6660852585169882
btts,8853cd5a385f0b4b,2023-08-26 15:00:00+00:00,2324,1,0.5424155157615212,0.5149253731343284,0.2093835602157946,0.23529739362887053,0.611722937010071,0.6637332953536519
btts,c2fd4ec5da11f778,2023-08-26 15:00:00+00:00,2324,0,0.4726939083537807,0.5161290322580645,0.22343953099477246,0.26638917793964617,0.6399740799878472,0.7259370033829361
btts,db2a92ac4cb4f68a,2023-08-26 15:00:00+00:00,2324,1,0.4959900972413171,0.5148514851485149,0.25402598207881694,0.2353690814626017,0.7011993176957977,0.663876798259832
btts,6b2f758dc38c245b,2023-08-26 17:30:00+00:00,2324,1,0.6539926612874892,0.5160493827160494,0.11972107844291416,0.23420819996951683,0.42465914886084954,0.6615528151417281
btts,66cc2e42765159d4,2023-08-27 14:00:00+00:00,2324,1,0.47444771377908,0.5172413793103449,0.2762052055520358,0.23305588585017833,0.7456038592501728,0.6592456288842639
btts,c8a4eef90907a290,2023-08-27 14:00:00+00:00,2324,1,0.453078564783837,0.5184275184275184,0.29912305629890756,0.2319120550078781,0.7916897363428267,0.6569550519665285
btts,d2152dd48ec2a06b,2023-08-27 16:30:00+00:00,2324,1,0.5264874168273196,0.5196078431372549,0.2242141664228646,0.23077662437524024,0.641527847356919,0.6546808997321492
btts,3b47d6223e39326d,2023-09-01 20:00:00+00:00,2324,1,0.6815693279507151,0.5207823960880196,0.10139809290175922,0.22964951189913976,0.38335730455187234,0.6524229903333766
btts,843c6e39a8c58937,2023-09-02 12:30:00+00:00,2324,1,0.4994929104709112,0.5219512195121951,0.25050734666887936,0.22853063652587743,0.694161874245683,0.650181144676502
btts,134af961ffb35025,2023-09-02 15:00:00+00:00,2324,1,0.3975832089832582,0.5231143552311436,0.36290599009890867,0.22741991818660792,0.9223510360188878,0.6479551863685717
btts,306099c57c77666a,2023-09-02 15:00:00+00:00,2324,1,0.5030983931544569,0.5242718446601942,0.24691120688568266,0.22631727778301444,0.6869695153789391,0.6457449416653614
btts,51b08cc8ed13e7e4,2023-09-02 15:00:00+00:00,2324,0,0.5420535688754379,0.5254237288135594,0.2938220715305991,0.2760700948003448,0.7810030643187379,0.7453329337305156
btts,bf254e0ca2f99457,2023-09-02 15:00:00+00:00,2324,1,0.4358165578965238,0.5241545893719807,0.3183029563437264,0.22642885481574834,0.830533862937934,0.6459686202848548
btts,03d57c28bfafa5ad,2023-09-02 17:30:00+00:00,2324,1,0.6272181199734723,0.5253012048192771,0.13896633007611248,0.2253389461460299,0.4664609200994276,0.6437834574416093
btts,a7980433da9a3a58,2023-09-03 14:00:00+00:00,2324,0,0.5383529850202797,0.5264423076923077,0.2898239364802455,0.27714150332840237,0.7729547167657319,0.7474815315232748
btts,f2147309e1c9c76b,2023-09-03 14:00:00+00:00,2324,1,0.3925427623878064,0.5251798561151079,0.3690042955274371,0.22545416903886967,0.9351097989354166,0.6440144919823008
btts,14b274c3626eff45,2023-09-03 16:30:00+00:00,2324,1,0.5489386717175939,0.5263157894736842,0.2034563218718885,0.22437673130193908,0.5997685527879508,0.6418538861723948
btts,575c3fc5b6f69c04,2023-09-16 12:30:00+00:00,2324,1,0.5073559722238598,0.5274463007159904,0.24269813810349844,0.22330699870700216,0.678542406918306,0.639708218404385
btts,08c38703b104f387,2023-09-16 15:00:00+00:00,2324,1,0.5983560882432267,0.5285714285714286,0.16131783185128268,0.22224489795918367,0.5135692369609357,0.6375773294051346
btts,1700e9aa8113d019,2023-09-16 15:00:00+00:00,2324,0,0.4157440935031241,0.5296912114014252,0.17284315128273436,0.2805727794359093,0.5374161960774697,0.7543658029878462
btts,3affcb88ca27b73d,2023-09-16 15:00:00+00:00,2324,1,0.4864668546079425,0.5284360189573459,0.2637162914162601,0.22237258821679662,0.7205865099793283,0.6378335425758931
btts,5034bd0aa36616d9,2023-09-16 15:00:00+00:00,2324,1,0.4761685323639263,0.5295508274231678,0.27439940648576294,0.22132242397822602,0.7419834278269417,0.6357261271912381
btts,b78c53b1596f050a,2023-09-16 15:00:00+00:00,2324,1,0.6367487360571716,0.5306603773584906,0.13195148075606236,0.22027968138127446,0.45138015011524096,0.6336330530275376
btts,0bae08a0173c8e9e,2023-09-16 17:30:00+00:00,2324,0,0.4621766873031153,0.5317647058823529,0.2136072902864816,0.2827737024221453,0.6202251878219416,0.7587843441999244
btts,06e78a751c51a05d,2023-09-17 14:00:00+00:00,2324,0,0.5074426382811886,0.5305164319248826,0.25749803114577324,0.2814476845423086,0.7081443546571065,0.7561219797213338
btts,9410284fa73c0078,2023-09-17 16:30:00+00:00,2324,0,0.5611929335725795,0.5292740046838408,0.3149375086917976,0.28013097203407034,0.8236954467284586,0.7534791051695489
btts,a674f44b4f4958d1,2023-09-18 19:45:00+00:00,2324,1,0.4215489411559384,0.5280373831775701,0.3346056274778161,0.2227487116778758,0.8638193964042041,0.6385881963095109
btts,26b8bd6277a86d68,2023-09-23 15:00:00+00:00,2324,0,0.5007730524244784,0.5291375291375291,0.25077365003452945,0.27998652474176944,0.6946944818623916,0.7531892215268121
btts,91b8a3284dd54b8a,2023-09-23 15:00:00+00:00,2324,0,0.5154658552328905,0.5279069767441861,0.26570504791097516,0.27868577609518663,0.7245673758989882,0.7505792296458208
btts,f179ec048fbb8284,2023-09-23 15:00:00+00:00,2324,1,0.5062199411838321,0.5266821345707656,0.24381874648449825,0.22402980173448683,0.6807840377635234,0.6411580726223451
btts,875da126231a90d0,2023-09-23 17:30:00+00:00,2324,1,0.41689855196573,0.5277777777777778,0.34000729869966245,0.22299382716049382,0.874912367438597,0.6390799592896695
btts,d3d54329bff227bd,2023-09-23 20:00:00+00:00,2324,0,0.46754414704172,0.5288683602771362,0.21859752943296948,0.2797017425022268,0.6302552900780531,0.7526177341582734
btts,0141d31d1a8b3d81,2023-09-24 14:00:00+00:00,2324,1,0.6652300574237295,0.5276497695852534,0.11207091445251942,0.22311474017286415,0.40762234714040974,0.6393225305461653
btts,22ffbb01e4781ea3,2023-09-24 14:00:00+00:00,2324,1,0.5670484696531639,0.5287356321839081,0.18744702762966733,0.22209010437310078,0.5673104945108534,0.6372667221654886
btts,7e35cc793e038ef1,2023-09-24 14:00:00+00:00,2324,1,0.5148157706136819,0.5298165137614679,0.23540373644519536,0.22107251073141992,0.663946169281679,0.6352245328272408
btts,bbba85a535de9553,2023-09-24 14:00:00+00:00,2324,0,0.3974980140932675,0.5308924485125858,0.1580046712080915,0.2818467918876885,0.5066643175119999,0.7569232159571819
btts,8c330bab8ea7906a,2023-09-24 16:30:00+00:00,2324,0,0.4936994860253439,0.5296803652968036,0.24373918250168874,0.2805612893809553,0.6806248848484714,0.754342741586865
btts,4c346803313e322e,2023-09-30 12:30:00+00:00,2324,1,0.6066116158179283,0.5284738041002278,0.1547544208093812,0.22233695341971033,0.49986653485407606,0.6377620414088614
btts,03ed41387dccd604,2023-09-30 15:00:00+00:00,2324,0,0.4596769569579372,0.5295454545454545,0.21130290475810926,0.2804183884297521,0.6155880904350969,0.7540559336469378
btts,0f9e5536870619e4,2023-09-30 15:00:00+00:00,2324,1,0.4105070633848381,0.528344671201814,0.34750192231916727,0.22245874918372488,0.8903621434536743,0.6380064218811454
btts,1828a41c3ee13854,2023-09-30 15:00:00+00:00,2324,1,0.4488289620236698,0.5294117647058824,0.3037895131039052,0.22145328719723184,0.8011133947174577,0.6359887667199967
btts,3e4e56f4a5170841,2023-09-30 15:00:00+00:00,2324,0,0.4178157427218209,0.5304740406320542,0.17456999486618685,0.2814027077844983,0.5409682880942949,0.7560316903438177
btts,5a0da5a1af75c980,2023-09-30 15:00:00+00:00,2324,0,0.3614398385949727,0.5292792792792793,0.13063875692355992,0.28013655547439337,0.4485393849176708,0.7534903104674138
btts,f902006ca01d9e85,2023-09-30 15:00:00+00:00,2324,0,0.5328847212673572,0.5280898876404494,0.28396612616018896,0.27887892942810244,0.7611792022410061,0.7509667514487715
btts,44760a9a92f51cb7,2023-09-30 17:30:00+00:00,2324,1,0.6115995640226525,0.5269058295964125,0.15085489866739363,0.22381809406985867,0.4916775177746839,0.6407334378759052
btts,f005f05cba8d95bb,2023-10-01 14:00:00+00:00,2324,1,0.4722644859081777,0.5279642058165548,0.27850477283375996,0.22281779099039584,0.7502160988344828,0.6387267895879588
btts,7c7bb0e2943c8c7d,2023-10-02 20:00:00+00:00,2324,0,0.5758727384286253,0.5290178571428571,0.3316294108652839,0.27985989317602034,0.857721723569237,0.7529350989389185
btts,a4505087636e9134,2023-10-03 19:30:00+00:00,2324,1,0.504840881109584,0.5278396436525612,0.2451825530203331,0.2229354021061404,0.6835119862688027,0.6389627466071232
btts,3f7ae5f31fd71f93,2023-10-07 12:30:00+00:00,2324,0,0.5469526433944879,0.5288888888888889,0.29915719411621783,0.2797234567901234,0.7917586189950068,0.7526613080923529
btts,07af90069556ae8a,2023-10-07 15:00:00+00:00,2324,1,0.5288955895709165,0.5277161862527716,0.22193936552573432,0.2230520007276267,0.6369642398163714,0.6391966658312037
btts,2f6ef2e4024ad1d0,2023-10-07 15:00:00+00:00,2324,1,0.5347266410418298,0.5287610619469026,0.21647929855621834,0.22206613673741094,0.6259996139899228,0.6372186279007206
btts,e56989dfe17de621,2023-10-07 15:00:00+00:00,2324,0,0.4499131544481485,0.5298013245033113,0.20242184654548354,0.280689443445463,0.5976791122173054,0.7545999597736089
btts,f861dca440494dc6,2023-10-07 15:00:00+00:00,2324,1,0.4280613804933485,0.5286343612334802,0.32711378448317424,0.22218556540976925,0.848488681315274,0.6374582746993567
btts,0f983bf5d8272282,2023-10-07 17:30:00+00:00,2324,0,0.4464156713086153,0.5296703296703297,0.19928695158992166,0.2805506581330757,0.5913411830790227,0.754321403929099
btts,11a1b4c2e2514d8a,2023-10-08 14:00:00+00:00,2324,1,0.4844998293895066,0.5285087719298246,0.26574042589944774,0.22230397814712216,0.7246381997886194,0.637695876023731
btts,4e2d4760f8f34fdf,2023-10-08 14:00:00+00:00,2324,1,0.6538015150870564,0.5295404814004376,0.11985339095601763,0.22133215864093198,0.4249514673391652,0.6357456647375183
btts,70f13fee1ba9a34d,2023-10-08 14:00:00+00:00,2324,1,0.5142501235202099,0.5305676855895196,0.2359529425001313,0.22036669781278012,0.6650455102542332,0.6338077407736366
btts,3d7abb79c543f1e6,2023-10-08 16:30:00+00:00,2324,0,0.5837085904831503,0.5315904139433552,0.34071571860382605,0.2825883681964677,0.8763697603127595,0.7584121819328824
btts,99a830da3a898a0e,2023-10-21 12:30:00+00:00,2324,0,0.5219859010879044,0.5304347826086957,0.2724692809345515,0.28136105860113425,0.7381150512936696,0.7559480817989758
btts,1f7232f4b5ce19cd,2023-10-21 15:00:00+00:00,2324,0,0.4726070091452133,0.5292841648590022,0.22335738509318373,0.2801417271704914,0.6398092951497718,0.7535006894561891
btts,46e9cbb6ca582f24,2023-10-21 15:00:00+00:00,2324,1,0.563692014662705,0.5281385281385281,0.1903646580690892,0.22265324862727462,0.5732472499294763,0.638396665788537
btts,7bdc2db9ac9f4c9c,2023-10-21 15:00:00+00:00,2324,1,0.3866274060700407,0.5291576673866091,0.3762259389843667,0.22169250218081904,0.9502938247307244,0.6364688435415071
btts,962bca027f2b798b,2023-10-21 15:00:00+00:00,2324,1,0.4886585224280213,0.5301724137931034,0.26147010668549436,0.22073796076099883,0.7160913515880559,0.6345530162938925
btts,b7cddc326d999415,2023-10-21 15:00:00+00:00,2324,0,0.4109208297203434,0.5311827956989247,0.16885592829805543,0.28215516244652555,0.5291946896271424,0.7575423427982672
btts,270156fc433cc564,2023-10-21 17:30:00+00:00,2324,1,0.4862554518712495,0.5300429184549357,0.263933460732014,0.22085965849435424,0.7210211720377867,0.6347972974976686
btts,4197fe41d48e5b9e,2023-10-21 20:00:00+00:00,2324,1,0.5390223957866068,0.5310492505353319,0.21250035158631977,0.21991480542347389,0.6179981583118407,0.6329005115039151
btts,deae005d95bb9bba,2023-10-22 16:30:00+00:00,2324,1,0.5426686160848159,0.532051282051282,0.20915199471377754,0.2189760026298488,0.6112564288003267,0.6310153994529392
btts,76bee6821ca57eb7,2023-10-23 20:00:00+00:00,2324,0,0.4983712790484218,0.5330490405117271,0.24837393178035994,0.28414127959047286,0.6898950326272464,0.7615310386297786
btts,7eed37053ae5ef2a,2023-10-27 20:00:00+00:00,2324,1,0.4721366294138076,0.5319148936170213,0.27863973800661584,0.21910366681756452,0.7504868661876275,0.6312717768418579
btts,02717c9c9d20a063,2023-10-28 12:30:00+00:00,2324,0,0.4754003563750271,0.5329087048832272,0.22600549884150276,0.2839916877403185,0.6451198908767525,0.7612305476640562
btts,477fa062507fe2f9,2023-10-28 15:00:00+00:00,2324,0,0.3762794082888642,0.5317796610169492,0.14158619310221776,0.28278960787130136,0.47205278058518696,0.7588162840678027
btts,a4d80b5e0b049c9e,2023-10-28 15:00:00+00:00,2324,1,0.4988645165189829,0.5306553911205074,0.2511367728037528,0.22028436188424388,0.6954207300781248,0.633642449360149
btts,096ba263eac9b2d3,2023-10-28 17:30:00+00:00,2324,1,0.4527892536731483,0.5316455696202531,0.29943960089558996,0.21935587245633717,0.7923284854287983,0.6317782341836533
btts,99bb0c0ec7d34ac8,2023-10-29 13:00:00+00:00,2324,0,0.5244918581568241,0.5326315789473685,0.2750917092727981,0.2836963988919668,0.7433712744447014,0.7606374221623619
btts,9b3c062ce7549e91,2023-10-29 14:00:00+00:00,2324,1,0.520241931716991,0.5315126050420168,0.23016780408264437,0.21948043923451735,0.6534613223015179,0.6320283655038997
btts,c85c91840904f721,2023-10-29 14:00:00+00:00,2324,1,0.5005687227545733,0.5324947589098532,0.24943160069099826,0.21856115044675628,0.6920103814518243,0.6301822238698047
btts,d2711c3e2630bec1,2023-10-29 14:00:00+00:00,2324,0,0.5059154320845488,0.5334728033472803,0.25595042442129573,0.284593231911206,0.7050485863333203,0.7624389610313371
btts,9ca23ffcf3f9e28f,2023-10-29 15:30:00+00:00,2324,0,0.5443952194457847,0.5323590814196242,0.2963661549554241,0.28340619156994606,0.7861295545883581,0.7600545455558753
btts,3b5e31d38f1fa844,2023-11-04 12:30:00+00:00,2324,0,0.5254645679608682,0.53125,0.27611301218230183,0.2822265625,0.7454189913509099,0.7576857016975165
btts,365c21fbc714fda3,2023-11-04 15:00:00+00:00,2324,0,0.5337516538726633,0.5301455301455301,0.2848908280118034,0.2810542831332852,0.763036855210378,0.7553322708334752
btts,3742b2ff451095df,2023-11-04 15:00:00+00:00,2324,1,0.3570435546716791,0.529045643153527,0.4133929905892302,0.22179800623267504,1.0298975027626682,0.6366805688921742
btts,4baa3b97eb1e3c9a,2023-11-04 15:00:00+00:00,2324,1,0.6029440458039833,0.5300207039337475,0.15765343076250932,0.22088053873093028,0.5059308795887111,0.6348392091730102
btts,98279600491664ee,2023-11-04 15:00:00+00:00,2324,1,0.4273918330473344,0.53099173553719,0.32788011286089175,0.2199687521344171,0.8500540447323156,0.633008821821412
btts,e4abed43e6cd33a1,2023-11-04 15:00:00+00:00,2324,1,0.6062673808431231,0.5319587628865979,0.15502537538813424,0.21906259963864386,0.5004341677094487,0.6311893060158658
btts,28e2f6e4ee84a09c,2023-11-04 17:30:00+00:00,2324,0,0.5059437434935602,0.5329218106995884,0.25597907158027744,0.28400565631932795,0.7051058887103083,0.761258606419091
btts,613fccc17216aa69,2023-11-05 14:00:00+00:00,2324,0,0.4767623219807069,0.5318275154004107,0.22730231166043524,0.2828405061369741,0.6477194668692031,0.7589184941281492
btts,ca50e6d6b50f6af3,2023-11-05 16:30:00+00:00,2324,1,0.4320437817633589,0.5307377049180327,0.3225742658336671,0.2202071015855953,0.8392283491988121,0.6334873441536095
btts,612defdc0462f9d7,2023-11-06 20:00:00+00:00,2324,1,0.5117566660640476,0.5316973415132924,0.23838155313289397,0.2193073799457179,0.6699060285088734,0.6316808584593444
btts,d603f96de7696830,2023-11-11 12:30:00+00:00,2324,1,0.4980083924075915,0.5326530612244897,0.2519955740932106,0.21841316118284054,0.697138349875402,0.629884983781979
btts,1a1816a17fc5c30d,2023-11-11 15:00:00+00:00,2324,0,0.5177570451166076,0.5336048879837068,0.2680723577678808,0.28473417648010424,0.7293072361503029,0.762722124240281
btts,291fa9dae2a9447f,2023-11-11 15:00:00+00:00,2324,1,0.4035154898807976,0.532520325203252,0.3557937708121449,0.21853724634807328,0.9075404032089707,0.6301342127312114
btts,b94e20a1a95833e5,2023-11-11 15:00:00+00:00,2324,1,0.4916260458529751,0.5334685598377282,0.2584440772550814,0.21765158465988338,0.7100369208935499,0.6283551418649255
btts,663a73d32eb9bf93,2023-11-11 17:30:00+00:00,2324,0,0.552007512531133,0.5344129554655871,0.30471229389080895,0.28559720696946356,0.8029788157504615,0.7644562082647273
btts,37a153ae31d68e07,2023-11-12 14:00:00+00:00,2324,1,0.4370991341927532,0.5333333333333333,0.316857384726548,0.2177777777777778,0.8275952579138389,0.6286086594223742
btts,47d2d119db99a3f5,2023-11-12 14:00:00+00:00,2324,0,0.5017567417510582,0.5342741935483871,0.2517598278926381,0.2854489138917794,0.6966668508409027,0.764158216203134
btts,5a3a635a135fc4f2,2023-11-12 14:00:00+00:00,2324,1,0.4409106988629354,0.5331991951710262,0.3125808466459313,0.21790299138897767,0.818912920950002,0.6288602001104064
btts,7732a27a848c305a,2023-11-12 14:00:00+00:00,2324,1,0.4768933300581143,0.5341365461847389,0.27364058813768893,0.21702875760068388,0.7404624398145262,0.6271037682429539
btts,451ce25b1147ff4b,2023-11-12 16:30:00+00:00,2324,1,0.5384956662871452,0.5350701402805611,0.21298625003574606,0.21615977445873713,0.6189758301671111,0.6253574373512691
btts,b55d82ae58b42b2f,2023-11-25 12:30:00+00:00,2324,1,0.5781975800417793,0.536,0.17791728148261113,0.21529599999999996,0.547839634739367,0.623621117911335
btts,2e2fa8474d282b6e,2023-11-25 15:00:00+00:00,2324,1,0.5199045849029261,0.5369261477045908,0.23049160759723167,0.21443739267971046,0.6541099748144144,0.6218947214830257
btts,660181391f4d3096,2023-11-25 15:00:00+00:00,2324,1,0.4866891719533325,0.5378486055776892,0.26348800618995544,0.21358391136648627,0.7201296102773491,0.6201781606933545
btts,a7f7a7ef2fd7fa45,2023-11-25 15:00:00+00:00,2324,1,0.5442670301390534,0.5387673956262425,0.20769253981827845,0.21273551533739907,0.6083152883344278,0.6184713492200383
btts,afba3d057822a9e1,2023-11-25 15:00:00+00:00,2324,1,0.3881338895945192,0.5396825396825397,0.374380137062732,0.2118921642731167,0.9464049226094537,0.6167742017753713
btts,ba6e4e1ba8e634b3,2023-11-25 15:00:00+00:00,2324,1,0.524606071595342,0.5405940594059406,0.2259993871640131,0.2110538182531124,0.6451076378547266,0.6150866340904
btts,4f90d40830d0f4ed,2023-11-25 17:30:00+00:00,2324,0,0.5395917482873956,0.541501976284585,0.29115925481984817,0.2932243903201112,0.7756416793745097,0.7797992976211555
btts,eee1ab45bb5997ac,2023-11-26 14:00:00+00:00,2324,1,0.5684095504246998,0.5404339250493096,0.1862703161646098,0.21120097724558354,0.5649130806049583,0.615382897203113
btts,2115515cbe554b81,2023-11-26 16:30:00+00:00,2324,0,0.5028556400709957,0.5413385826771654,0.2528637947512108,0.29304746109492225,0.6988748324278008,0.7794429940127814
btts,f206ddc516298b00,2023-11-27 20:00:00+00:00,2324,1,0.5035224087555149,0.5402750491159135,0.24648999860792603,0.21134703046537573,0.6861270618446362,0.6156769188839515
btts,1b2349c2ecaa3b08,2023-12-02 15:00:00+00:00,2324,1,0.5162566957156715,0.5411764705882353,0.23400758443992048,0.21051903114186854,0.6611511648817121,0.6140098600012215
btts,2cb67edd142e4ca7,2023-12-02 15:00:00+00:00,2324,1,0.4788078286215576,0.5420743639921722,0.2716412795061757,0.20969588811317355,0.7364559549274808,0.6123520840163659
btts,5a86402945ecfe81,2023-12-02 15:00:00+00:00,2324,0,0.4950689605029257,0.54296875,0.2450932756534474,0.2948150634765625,0.6833334144826598,0.7830035096818063
btts,c900d2a83b277882,2023-12-02 17:30:00+00:00,2324,0,0.4776785504869586,0.5419103313840156,0.22817679759532186,0.2936668072607336,0.6494720769639404,0.7806903310266106
btts,bc6ee1cc55ee3245,2023-12-02 20:00:00+00:00,2324,0,0.4963570448769655,0.5408560311284046,0.24637031599899398,0.2925252464079698,0.6858876843354038,0.778391460429555
btts,2852c736019366e7,2023-12-03 14:00:00+00:00,2324,1,0.4078349807320643,0.5398058252427185,0.3506594100445947,0.21177867848053536,0.8968926453836126,0.616545786973099
btts,40d937241baf11e0,2023-12-03 14:00:00+00:00,2324,1,0.4836275253122671,0.5406976744186046,0.26664053261513343,0.21095862628447815,0.7264402443420772,0.6148949836601971
btts,43c4dfae69c16397,2023-12-03 14:00:00+00:00,2324,1,0.6424115471806732,0.5415860735009671,0.12786950158971994,0.21014332800826074,0.44252614144782026,0.6132532713391795
btts,ce28bf923c63fd37,2023-12-03 14:00:00+00:00,2324,1,0.6107815919721941,0.5424710424710425,0.15149096914769963,0.2093327469775346,0.4930158436618871,0.6116205729257372
btts,4e5a21226979e174,2023-12-03 16:30:00+00:00,2324,1,0.5929825711835197,0.5433526011560693,0.1656631873603786,0.2085268468709279,0.5225902713378852,0.6099968122277751
btts,69334b9dc18de398,2023-12-05 19:30:00+00:00,2324,0,0.4135099576923634,0.5442307692307692,0.17099048511074014,0.29618713017751475,0.5335995891953348,0.7857686704403417
btts,cd85bced7732b95a,2023-12-05 20:15:00+00:00,2324,1,0.4387105852693462,0.5431861804222649,0.3150458070886798,0.20867886575719957,0.8239153423813301,0.6103031441101293
btts,2268f2ec4ad8b177,2023-12-06 19:30:00+00:00,2324,0,0.4564919996474827,0.5440613026819924,0.20838494574215735,0.2960027010760265,0.6097108524693826,0.7853969142111641
btts,a4ed1854be38616d,2023-12-06 19:30:00+00:00,2324,0,0.4805546265881116,0.5430210325047801,0.23093274913523937,0.29487184174255743,0.6549936262106449,0.7831179121334121
btts,c7bac1357275a12f,2023-12-06 19:30:00+00:00,2324,1,0.4980710882997283,0.5419847328244275,0.2519326324006191,0.20977798496591107,0.697012464555136,0.612517446159836
btts,fe7d1bbbce7acb01,2023-12-06 19:30:00+00:00,2324,0,0.5224758311878156,0.5428571428571428,0.2729809941753988,0.2946938775510204,0.7391405050287887,0.7827593392496324
btts,89f037021b20f323,2023-12-06 20:15:00+00:00,2324,1,0.4484958374057499,0.5418250950570342,0.304156841358785,0.2099242435194957,0.8018558786729564,0.6128120324690592
btts,e7b9009f5fec5e89,2023-12-06 20:15:00+00:00,2324,0,0.5729578675926961,0.5426944971537002,0.32828071803636943,0.2945173172409075,0.8508725998780495,0.7824036150507074
btts,5a8806932b2331b2,2023-12-07 19:30:00+00:00,2324,0,0.5502290975823518,0.5416666666666666,0.3027520598262893,0.29340277777777773,0.7990169315946594,0.780158557549575
btts,bae9721bb90e9988,2023-12-07 20:15:00+00:00,2324,1,0.546614838256709,0.5406427221172023,0.20555810488899015,0.2110091087438938,0.6040108593935672,0.6149966210384467
btts,e6ae670d59b3012f,2023-12-09 12:30:00+00:00,2324,1,0.4961941973538772,0.5415094339622641,0.253820286779904,0.21021359914560342,0.7007879019607355,0.6133947907865465
btts,0e5d129913c79bd2,2023-12-09 15:00:00+00:00,2324,1,0.4801562131857128,0.5423728813559322,0.2702375626894181,0.2094225797184717,0.7336437838887551,0.6118015411059929
btts,105bd9c5f283012c,2023-12-09 15:00:00+00:00,2324,0,0.5555512999684886,0.543233082706767,0.3086372468966776,0.2951021821470971,0.8109206411912688,0.783582046001096
btts,43d87dfaf0779925,2023-12-09 15:00:00+00:00,2324,1,0.3616978566467749,0.5422138836772983,0.4074296262093211,0.20956812829782218,1.0169460658177691,0.6120947360534125
btts,8fb25a9494714874,2023-12-09 15:00:00+00:00,2324,0,0.4861693688065147,0.5430711610486891,0.23636065516572488,0.29492628596277126,0.6658615791244693,0.783227613666993
btts,59b1f2f84601ed86,2023-12-09 17:30:00+00:00,2324,0,0.6083783696976639,0.5420560747663551,0.37012424071598743,0.29382478819110835,0.937459134145558,0.7810085363512794
btts,44417b038e32bc9d,2023-12-10 14:00:00+00:00,2324,1,0.4842613537647155,0.5410447761194029,0.2659863512206039,0.21063989752728898,0.7251305308889049,0.6142532380902823
btts,6156bf55aa20d2e2,2023-12-10 14:00:00+00:00,2324,0,0.5735798480700206,0.5418994413407822,0.3289938421120279,0.2936550045254518,0.8523301466234713,0.780666558576502
btts,6541038171459732,2023-12-10 14:00:00+00:00,2324,0,0.5063613229564708,0.5408921933085502,0.2564017893862274,0.29256436478213405,0.7059514524033199,0.7784702235338072
btts,9b36f7005063caca,2023-12-10 16:30:00+00:00,2324,1,0.5388785889064029,0.5398886827458256,0.21263295576895014,0.21170242426537156,0.6182649859390519,0.6163923037375046
btts,f25e7943f0a00976,2023-12-15 20:00:00+00:00,2324,0,0.4670222144483865,0.5407407407407407,0.2181097487882747,0.292400548696845,0.629275533824412,0.7781403933933378
btts,195cb54fedcfa641,2023-12-16 15:00:00+00:00,2324,0,0.4798516083128433,0.5397412199630314,0.23025756600042238,0.2913205845271814,0.653641139487399,0.7759663823817738
btts,35d9cf075fcaae1d,2023-12-16 15:00:00+00:00,2324,0,0.5273487093266538,0.5387453874538746,0.2780966612284876,0.2902465925028254,0.7493973913975649,0.7738050835773999
btts,8984afe2604588d4,2023-12-16 15:00:00+00:00,2324,1,0.4803282498482938,0.5377532228360957,0.2700587279057373,0.21367208299841617,0.7332855549510847,0.6203555176656538
btts,12af9a96d9de6f6f,2023-12-16 17:30:00+00:00,2324,0,0.4535573023969804,0.5386029411764706,0.20571422655762592,0.2900931282439446,0.6043258302884471,0.7734963077241587
btts,5137fc77f1df9bc1,2023-12-17 14:00:00+00:00,2324,0,0.630393843269644,0.5376146788990825,0.39739639763227247,0.2890295429677636,0.9953172815331206,0.7713567071518207
btts,7b5502660c509143,2023-12-17 14:00:00+00:00,2324,1,0.5250506638916169,0.5366300366300366,0.22557687186979383,0.2147117229534812,0.6442605183958957,0.6224463667278378
btts,cfd86dea93e98869,2023-12-17 14:00:00+00:00,2324,0,0.5925978598611593,0.5374771480804388,0.3511722235120262,0.2888816847086819,0.8979545220396539,0.771059313694461
btts,18c84aac4b3e5613,2023-12-17 16:30:00+00:00,2324,0,0.4833028582513423,0.5364963503649635,0.23358165279391704,0.28782833395492563,0.6602983754467839,0.7689410199294788
btts,535a2ca029a31f9a,2023-12-21 20:00:00+00:00,2324,1,0.5141671114409706,0.5355191256830601,0.23603359560561027,0.21574248260622889,0.6652069468319132,0.6245186741708489
btts,2cb7dda8f28b6ccc,2023-12-22 20:00:00+00:00,2324,1,0.3637342079922765,0.5363636363636364,0.40483415807921563,0.2149586776859504,1.011331875893092,0.6229429218866968
btts,31844d47af47d534,2023-12-23 12:30:00+00:00,2324,0,0.5303556117640646,0.5372050816696915,0.2812770749296353,0.2885892997717399,0.7557794914346009,0.7704712639944884
btts,318db83e49597c52,2023-12-23 15:00:00+00:00,2324,1,0.439697084941516,0.5362318840579711,0.3139393566230347,0.2150808653644192,0.8216692324704851,0.6231885919530349
btts,4387d78b630f9283,2023-12-23 15:00:00+00:00,2324,1,0.5400354820257961,0.5370705244122965,0.21156735779524175,0.21430369936790614,0.6161204341272793,0.6216258627196353
btts,8ecdd7945e5b6fda,2023-12-23 15:00:00+00:00,2324,0,0.4576451727237392,0.5379061371841155,0.2094391041173411,0.2893430124203365,0.6118348288694184,0.7719872422677213
btts,d4f1d12b55e92d4c,2023-12-23 15:00:00+00:00,2324,0,0.5507700475472772,0.5369369369369369,0.30334764527523,0.28830127424722013,0.8002203787933628,0.7698920288512147
btts,d5fd41fd31a72d5b,2023-12-23 17:30:00+00:00,2324,1,0.5545377167986987,0.5359712230215827,0.19843664575491637,0.21532270586408572,0.5896204550302754,0.6236748077451779
btts,8e5de7aa05c9ce03,2023-12-24 13:00:00+00:00,2324,1,0.5178617240677955,0.5368043087971275,0.23245731711887854,0.21455024834890682,0.658047014312062,0.6221216665365976
btts,ec635b6d4e430614,2023-12-26 12:30:00+00:00,2324,1,0.5160078624394278,0.5376344086021505,0.23424838922045188,0.21378194010868312,0.6616332763309478,0.62057648772511
btts,98fcdb005d533bea,2023-12-26 15:00:00+00:00,2324,1,0.4832130961825752,0.5384615384615384,0.26706870395720034,0.21301775147928997,0.7272975297019596,0.6190392084062235
btts,a66193fce3f2d2b7,2023-12-26 15:00:00+00:00,2324,0,0.557715288617245,0.5392857142857143,0.31104634315741686,0.29082908163265303,0.815801460875854,0.7749771988075774
btts,2d0cd29eb82e9bbe,2023-12-26 17:30:00+00:00,2324,0,0.5081530645930837,0.5383244206773619,0.25821953705534273,0.28979318189761727,0.7095877177901305,0.7728928438231586
btts,25272d8336a9d5a6,2023-12-26 20:00:00+00:00,2324,1,0.5408756642630611,0.5373665480427047,0.2107951556658854,0.2140297108699231,0.6145658523110827,0.6210748325188213
btts,4b9cce9fed614e78,2023-12-27 19:30:00+00:00,2324,1,0.5956499218148401,0.5381882770870338,0.16349898572834493,0.2132700674198423,0.518102163997012,0.6195468226303212
btts,f63df021fca91778,2023-12-27 19:30:00+00:00,2324,1,0.4946787031145766,0.5390070921985816,0.2553496130859662,0.2125144610432071,0.7038468117770835,0.6180265500918372
btts,1ddf2c429192c6fe,2023-12-27 20:15:00+00:00,2324,1,0.5930407014326566,0.5398230088495575,0.1656158706904241,0.21176286318427445,0.522492245859759,0.6165139545390295
btts,b806c46fc5f6c296,2023-12-28 19:30:00+00:00,2324,1,0.4372438919488338,0.5406360424028268,0.31669443714889595,0.21101524553933754,0.827264134423229,0.6150089762508022
btts,89eaadac0893210e,2023-12-28 20:15:00+00:00,2324,0,0.5286821304603113,0.5414462081128748,0.27950479506805365,0.29316399627981055,0.7522225303464649,0.7796776727122244
btts,2ff3d5684d1dd057,2023-12-30 12:30:00+00:00,2324,1,0.5784064825001275,0.5404929577464789,0.1777410939979153,0.21114672188057926,0.5474784005583965,0.6152736711339541
btts,0e0e25d2793d3df5,2023-12-30 15:00:00+00:00,2324,1,0.53402474640764,0.5413005272407733,0.21713293696046423,0.21040520630959259,0.6273130995083396,0.6137806511527565
btts,39e234c74f9326d8,2023-12-30 15:00:00+00:00,2324,0,0.4697067504441217,0.5421052631578948,0.2206244314127764,0.2938781163434903,0.6343251244017284,0.7811159535059025
btts,6a5af788120941e9,2023-12-30 15:00:00+00:00,2324,1,0.4456229193495268,0.5411558669001751,0.3073339475505413,0.21053793848012978,0.8082821568858471,0.6140479327582647
btts,f42082e202cbad8a,2023-12-30 15:00:00+00:00,2324,0,0.4077313173380799,0.541958041958042,0.166244827138246,0.2937185192429948,0.5237948912117067,0.7807944876187011
btts,d5781672adeaab0c,2023-12-30 17:30:00+00:00,2324,1,0.5017132035413934,0.5410122164048866,0.24828973152498088,0.21066978548955465,0.689726630235295,0.6143134192355475
btts,53aea1d507ae0905,2023-12-31 14:00:00+00:00,2324,1,0.5597725430559457,0.5418118466898955,0.19380021384742918,0.20993638383372387,0.5802247508779674,0.6128364841403323
btts,6bf72f98d481f7f9,2023-12-31 14:00:00+00:00,2324,1,0.5696096919494423,0.542608695652174,0.18523581726385394,0.20920680529300564,0.5628039036684523,0.611366852987868
btts,2f8b3511f6bbe41f,2024-01-01 20:00:00+00:00,2324,1,0.4133245746340265,0.5434027777777778,0.34418805472834596,0.20848102334104937,0.8835220996772327,0.609904470155738
btts,9191fb39806a4cba,2024-01-02 19:30:00+00:00,2324,0,0.5985923184638231,0.5441941074523396,0.35831276372389503,0.2961472265858486,0.9127777059415795,0.785688234330335
btts,8c3b14273f8074e7,2024-01-12 19:45:00+00:00,2324,1,0.4829526600863139,0.5432525951557093,0.2673379517118189,0.20861819183199434,0.7278366423767347,0.6101808827641241
btts,a91f0dcbd6f9dc09,2024-01-13 12:30:00+00:00,2324,0,0.6599487943510156,0.5440414507772021,0.43553241116535907,0.29598110016376283,1.0786590678617478,0.7853533744266792
btts,95fdb0c9e3a599b1,2024-01-13 17:30:00+00:00,2324,1,0.6801512858151628,0.5431034482758621,0.10230319996569366,0.20875445897740783,0.38544002641685315,0.6104554647148319
btts,e77d753949d08c89,2024-01-14 14:00:00+00:00,2324,0,0.5129199825587996,0.5438898450946644,0.2630869085081192,0.29581616359709806,0.7193268625356599,0.7850209308656891
btts,ced0e2553e65b0a9,2024-01-14 16:30:00+00:00,2324,1,0.6091229700391738,0.5429553264604811,0.1527848525509966,0.20888983361084545,0.49573511040900026,0.6107282341445258
btts,9e4142a4b308ac2c,2024-01-20 12:30:00+00:00,2324,0,0.494507189827987,0.5437392795883362,0.2445373607915728,0.29565240416724287,0.6822214638235272,0.7846908775687934
btts,d23dd57413ba183e,2024-01-20 17:30:00+00:00,2324,1,0.5379672782781147,0.5428082191780822,0.21347423594173306,0.20902432445111652,0.6199575417144237,0.6109992089509464
btts,072e3659673edcb7,2024-01-21 14:00:00+00:00,2324,1,0.4427709393300895,0.5435897435897435,0.31050422605507083,0.20831032215647605,0.8147027096371956,0.6095604644516798
btts,eb72c66907ea3134,2024-01-21 16:30:00+00:00,2324,0,0.6424456392711339,0.5443686006825939,0.4127363994184958,0.2963371734091253,1.0284678704248755,0.7860711311767631
btts,8fc4ad8d3e69d7a1,2024-01-22 19:45:00+00:00,2324,0,0.431956067334417,0.5434412265758092,0.18658604410701538,0.29532836674221996,0.5655565170098283,0.7840378393172397
btts,99dddde0bd77958b,2024-01-30 19:30:00+00:00,2324,1,0.5066158002279851,0.5425170068027211,0.24342796858467147,0.20929068906474155,0.6800023531366398,0.6115358451137823
btts,06ebb747abe1935c,2024-01-30 19:45:00+00:00,2324,0,0.5532742805629007,0.5432937181663837,0.30611242953239537,0.295168064199054,0.8058104757489585,0.7837148040497477
btts,630ad39713737980,2024-01-30 19:45:00+00:00,2324,0,0.5282612388899541,0.5423728813559322,0.2790599365135492,0.2941683424303361,0.7513299188433512,0.7817005779013904
btts,f9eb55c1a396ae02,2024-01-30 20:00:00+00:00,2324,1,0.4564003703763309,0.5414551607445008,0.29550055732699027,0.21026336960785155,0.7843848494776069,0.6134950216123259
btts,48a85173e297bdfe,2024-01-30 20:15:00+00:00,2324,1,0.4381916660871168,0.5422297297297297,0.3156286040539697,0.20955362034331632,0.8250988705157356,0.6120655117539898
btts,6145d8fece75af35,2024-01-31 19:30:00+00:00,2324,1,0.627972124525742,0.5430016863406408,0.13840474012988999,0.20884745868749802,0.4652595011969644,0.6106428534533171
btts,e0fcf10b6a3ef823,2024-01-31 19:30:00+00:00,2324,1,0.5318938829779748,0.5437710437710438,0.21912333679343796,0.20814486050176284,0.6313112776234108,0.6092269961399883
btts,a7081180940fd0b2,2024-01-31 20:15:00+00:00,2324,1,0.5487099530511376,0.5445378151260504,0.20366270647510645,0.20744580185015188,0.600185295750326,0.6078178897533004
btts,dcf843cf94ebdada,2024-02-01 19:30:00+00:00,2324,1,0.505372174088057,0.5453020134228188,0.24465668616637537,0.20675025899734245,0.6824601427498074,0.6064154847356122
btts,9eda9140cfc14c97,2024-02-01 20:15:00+00:00,2324,1,0.4649622274234325,0.5460636515912898,0.28626541808369477,0.20605820840663394,0.7657991080416823,0.6050197320258944
btts,daa7928fc59562c3,2024-02-03 12:30:00+00:00,2324,1,0.5889343386579854,0.5468227424749164,0.16897497793454785,0.20536962673795597,0.529440580903095,0.6036305830533784
btts,aef1615080b277f8,2024-02-03 15:00:00+00:00,2324,1,0.5998879664386407,0.5475792988313857,0.16008963940060628,0.20468449084590062,0.5110123638030916,0.6022479897313056
btts,bde5cdfe08d89f08,2024-02-03 15:00:00+00:00,2324,1,0.5539831776824395,0.5483333333333333,0.1989310057902543,0.20400277777777778,0.5906209578900375,0.6008719044507744
btts,e6bd202f83f9e299,2024-02-03 15:00:00+00:00,2324,1,0.4733031648266219,0.5490848585690515,0.2774095561816526,0.20332446477169225,0.7480191553679683,0.5995022800746818
btts,ca1780b5b6b3ecd6,2024-02-03 17:30:00+00:00,2324,0,0.4712465806241872,0.5498338870431894,0.22207333974998855,0.3023173033410227,0.6372330817379492,0.7981386244291201
btts,02385da511935c94,2024-02-04 14:00:00+00:00,2324,1,0.5637631917647172,0.548922056384743,0.19030255285930686,0.20347131121616896,0.5731209884129194,0.5997988213501224
btts,220fc638ddf52164,2024-02-04 14:00:00+00:00,2324,0,0.5261000057762283,0.5496688741721855,0.2767812160777474,0.3021358712337179,0.7467589621973016,0.7977721316388177
btts,3c576bde265840d0,2024-02-04 14:00:00+00:00,2324,1,0.5366104000154093,0.5487603305785124,0.214729921373879,0.20361723925961345,0.6224829598601109,0.600093489114353
btts,98caaf5254459fb1,2024-02-04 16:30:00+00:00,2324,1,0.5312882322798196,0.5495049504950495,0.21969072119937635,0.20294578962846777,0.6324505946886189,0.5987374960888705
btts,c2e9d84162a3f208,2024-02-05 20:00:00+00:00,2324,1,0.6231835174627096,0.5502471169686985,0.14199066151177608,0.20227765579496754,0.47291423300592783,0.5973877980827977
btts,bc01c08ec4139e9a,2024-02-10 12:30:00+00:00,2324,0,0.565750518172614,0.5509868421052632,0.32007364881258127,0.3035865001731302,0.8341360671203889,0.8007030867812073
btts,3f66adeefe045ddd,2024-02-10 15:00:00+00:00,2324,0,0.4686981932977775,0.5500821018062397,0.21967799640060082,0.3025903187275703,0.632425044999829,0.7986901613218268
btts,59b4a7e6c0b0f9b1,2024-02-10 15:00:00+00:00,2324,1,0.5240984578439702,0.5491803278688525,0.22648227782648736,0.20323837678043533,0.6460757156626611,0.5993284253422904
btts,a3f742f9496c22d1,2024-02-10 15:00:00+00:00,2324,1,0.6072385537232655,0.5499181669394435,0.1542615536813922,0.20257365645115064,0.49883356064224027,0.5979857992083911
btts,c0c03fd0b34ae27c,2024-02-10 15:00:00+00:00,2324,1,0.4735594163724836,0.5506535947712419,0.27713968809008,0.20191219189200732,0.747477890865165,0.5966493521599643
btts,d6e3eaba18c87618,2024-02-10 15:00:00+00:00,2324,1,0.5583418854766415,0.5513866231647635,0.195061890124328,0.20125396187551392,0.5827838062367914,0.5953190404531925
btts,37e16ec0c53bf708,2024-02-10 17:30:00+00:00,2324,1,0.5508511933259133,0.5521172638436482,0.20173465053675615,0.2005989453469002,0.596290572862904,0.5939948207666922
btts,ca3db0106bb79c2e,2024-02-11 14:00:00+00:00,2324,0,0.4883601219480724,0.5528455284552846,0.23849560870913614,0.30563817833300283,0.6701342645983901,0.8048511701399466
btts,6fb1768286a610c7,2024-02-11 16:30:00+00:00,2324,1,0.4582424595228963,0.551948051948052,0.29350123266380074,0.20075054815314555,0.7803568473395588,0.5943013459233126
btts,00230900d5c71178,2024-02-12 20:00:00+00:00,2324,1,0.571033159779967,0.5526742301458671,0.18401255000835928,0.20010034437559263,0.5603079978424884,0.592986546621871
btts,ca6fe7df7737d008,2024-02-17 12:30:00+00:00,2324,1,0.5185516860399758,0.5533980582524272,0.23179247901495,0.19945329437270246,0.6567155725005646,0.5916777203950857
btts,180559a3bc7f59ec,2024-02-17 15:00:00+00:00,2324,0,0.4559523126808092,0.5541195476575121,0.2078925114389784,0.3070484730961659,0.6087183754549342,0.8077044069674462
btts,2e0491d28eac6143,2024-02-17 15:00:00+00:00,2324,1,0.5617414430572072,0.5532258064516129,0.19207056273357917,0.19960718002081165,0.5767136006856632,0.5919890308731973
btts,90af4d41ba757b60,2024-02-17 15:00:00+00:00,2324,0,0.483287377723585,0.5539452495974235,0.23356668946693912,0.30685533955155186,0.6602684153509973,0.8073135757461403
btts,bca0e6e35ad2f914,2024-02-17 15:00:00+00:00,2324,1,0.5097240868764534,0.5530546623794212,0.2403704709891274,0.19976013482077312,0.6738857057849835,0.5922984353657811
btts,c2b195653a6a6b81,2024-02-17 15:00:00+00:00,2324,1,0.682020857658503,0.5537720706260032,0.10111073496423403,0.19911936495340468,0.3826950385293439,0.5910021017560934
btts,179590b426c2f1fa,2024-02-17 17:30:00+00:00,2324,1,0.5515514431518094,0.5544871794871795,0.20110610813922486,0.1984816732412886,0.5950201660316701,0.5897115933117033
btts,0c7e542de18434da,2024-02-18 14:00:00+00:00,2324,0,0.5414230489170007,0.5552,0.2931389178985809,0.30824704,0.7796271691257803,0.8101305360457645
btts,a6581a33d79d195a,2024-02-18 16:30:00+00:00,2324,1,0.6012773897101,0.5543130990415336,0.15897971995639146,0.19863681368596184,0.5086989039883529,0.5900255911532393
btts,5795206ee6cca48c,2024-02-19 20:00:00+00:00,2324,1,0.4358522805460622,0.5550239234449761,0.3182626493650789,0.1980037087063025,0.8304518991278654,0.5887440608584463
btts,fc795680115327d2,2024-02-20 19:30:00+00:00,2324,0,0.4923502887971792,0.5557324840764332,0.24240880687866576,0.308838593857763,0.6779636141254033,0.8113283846468331
btts,8dc6941431f4958a,2024-02-21 19:30:00+00:00,2324,1,0.552347456154795,0.5548489666136724,0.2003928000110832,0.1981594425249153,0.5935779811695339,0.5890593344980134
btts,0c324e3a1a50b6a8,2024-02-24 15:00:00+00:00,2324,1,0.6092037785453889,0.5555555555555556,0.15272168670320146,0.19753086419753085,0.4956024555092742,0.587786664902119
btts,47278f5688d173ec,2024-02-24 15:00:00+00:00,2324,1,0.4715985094396344,0.5562599049128367,0.2792081352264161,0.1969052719879647,0.7516272709693054,0.5865196390753474
btts,658a76cbf68008d4,2024-02-24 15:00:00+00:00,2324,1,0.4677605371006831,0.5569620253164557,0.2832788458673533,0.19628264701169687,0.759798786875508,0.5852582185487604
btts,76e4f7c873a71cc9,2024-02-24 15:00:00+00:00,2324,0,0.5214182055624239,0.5576619273301737,0.27187694509193816,0.31098682519360393,0.7369281434340973,0.8156808189749265
btts,41ea8d5e8679ac25,2024-02-24 17:30:00+00:00,2324,0,0.6202527601975344,0.556782334384858,0.3847134865326601,0.31000656788305186,0.9682494059922736,0.8136942851034801
btts,be70e5ad3a92f99a,2024-02-24 20:00:00+00:00,2324,1,0.5473974787257633,0.5559055118110237,0.2048490422637959,0.19721991443982884,0.6025800882945265,0.5871569419593948
btts,4deeb785734b9773,2024-02-25 13:30:00+00:00,2324,0,0.4290830859185404,0.5566037735849056,0.18411229462137751,0.3098077607689569,0.5605115894032225,0.8132914924020085
btts,cb05a563ad270378,2024-02-26 20:00:00+00:00,2324,1,0.5934181355760177,0.5557299843014128,0.16530881247848148,0.19737584684882287,0.5218560094488192,0.587472742438389
btts,27686ddeeec73e53,2024-03-02 15:00:00+00:00,2324,1,0.5504167934759021,0.5564263322884012,0.20212505958848964,0.19675759868711987,0.5970794814260281,0.5862204938693741
btts,68afa0495906068e,2024-03-02 15:00:00+00:00,2324,0,0.5895517393676393,0.5571205007824727,0.3475712533914089,0.3103832523921131,0.8905053979057929,0.8144575567342973
btts,713e6fc0b71b75d4,2024-03-02 15:00:00+00:00,2324,1,0.5477320156139487,0.55625,0.20454632970062156,0.1969140625,0.6019691342469541,0.5865374455016871
btts,8ddd6e159c580849,2024-03-02 15:00:00+00:00,2324,0,0.6349990814798449,0.5569422776911076,0.40322383348024665,0.3101847006797588,1.0078554089092362,0.8140552187594639
btts,c10b0b33a263a05b,2024-03-02 15:00:00+00:00,2324,1,0.372239312329535,0.5560747663551402,0.3940834809844951,0.19706961306664336,0.9882183188321082,0.5868525219103221
btts,fb81b025751a5569,2024-03-02 15:00:00+00:00,2324,0,0.5000588931097496,0.5567651632970451,0.250058896578148,0.30998744706118525,0.693264973716786,0.8136555439689688
btts,d3017f8e3622349d,2024-03-02 17:30:00+00:00,2324,1,0.5901878607901703,0.5559006211180124,0.16794598944373687,0.19722425832336715,0.5273143846445465,0.5871657397036533
btts,3eb1af3874d2c220,2024-03-03 13:00:00+00:00,2324,0,0.5839242730996771,0.5565891472868217,0.3409675567149863,0.3097914788774713,0.876887999469299,0.81325850597592
btts,2ab107ea0d374f16,2024-03-03 15:30:00+00:00,2324,1,0.5391235045589144,0.5557275541795665,0.21240714405005695,0.19737800611526998,0.6178105978479524,0.587477115294323
btts,d38dd1206ff5abef,2024-03-04 20:00:00+00:00,2324,0,0.5246133845871263,0.5564142194744977,0.27521920328796,0.3095967836334144,0.7436268788216033,0.8128640787412794
btts,28e31a5263c314cc,2024-03-09 12:30:00+00:00,2324,0,0.5284321381941569,0.5555555555555556,0.27924052467644855,0.308641975308642,0.7516922597872625,0.8109302162163288
btts,5c2179cf6b0734b2,2024-03-09 15:00:00+00:00,2324,1,0.5837579973436791,0.5546995377503852,0.17325740477534468,0.19829250167972065,0.5382687701465281,0.5893286852539343
btts,c74e16f6dba313ad,2024-03-09 15:00:00+00:00,2324,1,0.541032933773279,0.5553846153846154,0.2106507678807633,0.19768284023668642,0.6142751262523176,0.588094404556802
btts,ffa2185065cadba5,2024-03-09 15:00:00+00:00,2324,1,0.461715556449308,0.5560675883256528,0.28975014216867806,0.19707598613500205,0.7728062561894979,0.5868654303827981
btts,af561e12c21e6dab,2024-03-09 17:30:00+00:00,2324,1,0.4935818407611698,0.5567484662576687,0.25645935200684516,0.19647192216492904,0.7060665964494517,0.5856417276618021
btts,70c2ad0410e120ea,2024-03-10 13:00:00+00:00,2324,0,0.6339656829980554,0.557427258805513,0.40191248721919093,0.3107251488594284,1.0050281876757856,0.8151504411639989
btts,1e99bdf69b1447e5,2024-03-10 14:00:00+00:00,2324,1,0.4865917862272959,0.5565749235474006,0.2635879939692786,0.19662579842699365,0.7203297287026467,0.5859534838204581
btts,5391e03fd92ba30a,2024-03-10 14:00:00+00:00,2324,0,0.5115868116855388,0.5572519083969466,0.2617210658905749,0.31052968941203896,0.7165935340093021,0.8147543126547323
btts,a1ea5bb5cf6fcb93,2024-03-10 15:45:00+00:00,2324,1,0.602905706121477,0.5564024390243902,0.1576838782308828,0.19677879610350982,0.5059944690739816,0.5862634353615975
btts,b7176074976f9fec,2024-03-11 20:00:00+00:00,2324,1,0.5876453092349142,0.5570776255707762,0.17003639099596954,0.1961802297700215,0.5316317286781098,0.5850506850832443
btts,46ce0710f648d709,2024-03-13 19:30:00+00:00,2324,1,0.6314034995624055,0.5577507598784195,0.13586338013484162,0.19558439038811537,0.4598101603294094,0.5838430832707469
btts,193a286a9196f9f2,2024-03-16 15:00:00+00:00,2324,1,0.5663343058245526,0.5584218512898331,0.1880659343046727,0.19499126141829826,0.5685707288087133,0.5826405963335762
btts,42b28f1207e2125f,2024-03-16 15:00:00+00:00,2324,1,0.5452547510539774,0.5590909090909091,0.2067932414389801,0.194400826446281,0.6065021604051611,0.581443190979944
btts,8e4a278e07900304,2024-03-16 17:30:00+00:00,2324,0,0.5521784862803956,0.5597579425113465,0.304901080710909,0.3133289542045359,0.80336053282814,0.8204305726801938
btts,e501b6063394dcca,2024-03-17 14:00:00+00:00,2324,1,0.6372272113038747,0.5589123867069486,0.13160409621836355,0.1945582826005604,0.450628997363587,0.581762550298738
btts,8bc718e953cd6e74,2024-03-30 12:30:00+00:00,2324,1,0.6568808337207789,0.5595776772247361,0.1177307622681478,0.19397182239875876,0.4202526563691908,0.5805729275784274
btts,0384a9c5a331afef,2024-03-30 15:00:00+00:00,2324,1,0.477525843412699,0.5602409638554217,0.2729792443016115,0.19338800987080856,0.7391369981956529,0.5793882952032874
btts,1190e9b8269d7579,2024-03-30 15:00:00+00:00,2324,1,0.6716941862590337,0.5609022556390978,0.10778470733611809,0.19280682910283223,0.39795212201098,0.5782086210120385
btts,2fabb4e1e7b4e5ea,2024-03-30 15:00:00+00:00,2324,1,0.574837971319432,0.5615615615615616,0.1807627506317761,0.19222826430033638,0.5536670669044531,0.5770338731258572
btts,6cbab55214b70f0f,2024-03-30 15:00:00+00:00,2324,1,0.55599068992589,0.5622188905547226,0.1971442674324872,0.19165229978713794,0.5870037296093573,0.575864019945213
btts,e310b3c745489127,2024-03-30 15:00:00+00:00,2324,1,0.4591510021501457,0.562874251497006,0.2925176384751917,0.19107892000430277,0.7783761423046116,0.5746990301467512
btts,c69ebd7fdedbf9af,2024-03-30 17:30:00+00:00,2324,0,0.6282906243936178,0.5635276532137519,0.39474910870092217,0.3175634159365986,0.9896429784124766,0.8290302578599467
btts,1f55e1b36f065aa1,2024-03-30 20:00:00+00:00,2324,1,0.5617722448732211,0.5626865671641791,0.1920435653634561,0.19124303853865005,0.5766587694604588,0.575032524937001
btts,c8714b87fe836852,2024-03-31 14:00:00+00:00,2324,1,0.5258620270702732,0.563338301043219,0.22480681737391037,0.19067343933582243,0.642716406602701,0.5738749413520942
btts,402530a98887af11,2024-03-31 16:30:00+00:00,2324,0,0.5897918438687363,0.5639880952380952,0.3478544190940838,0.3180825715702948,0.8910905502376175,0.8300857315060822
btts,1053f97a5f4de10e,2024-04-02 19:30:00+00:00,2324,1,0.444230723259083,0.563150074294205,0.30887948896912204,0.19083785758915855,0.8114112045397317,0.5742091245623014
btts,8317f0ee726c12f7,2024-04-02 19:30:00+00:00,2324,1,0.6286940422400398,0.5637982195845698,0.13786811426804138,0.19027199323759122,0.464110559954167,0.5730588581918755
btts,77f3ed35830133a6,2024-04-02 19:45:00+00:00,2324,1,0.5484870448117414,0.5644444444444444,0.20386394870283445,0.18970864197530868,0.6005916188498189,0.5719133157458289
btts,b160f39ad85aff86,2024-04-02 19:45:00+00:00,2324,0,0.605224487393367,0.5650887573964497,0.3662966801405638,0.3193253037358636,0.9294379981523224,0.8326133087042825
btts,a5e184688f3f25bf,2024-04-02 20:15:00+00:00,2324,1,0.5953556356938758,0.5642540620384048,0.16373706156470733,0.1898745224500304,0.5185963449436886,0.5722506643056997
btts,794d48547cd2eaab,2024-04-03 19:30:00+00:00,2324,0,0.5590064695727045,0.5648967551622419,0.31248823302413903,0.3191083439928299,0.81872507387579,0.8321719316005758
btts,ddaf54e740e4430b,2024-04-03 19:30:00+00:00,2324,0,0.4630414152250284,0.5640648011782032,0.21440735221359716,0.31816909992820597,0.6218343107715041,0.8302616732346357
btts,68e10fa6974009ba,2024-04-03 20:15:00+00:00,2324,1,0.534704707410219,0.5632352941176471,0.21649970930620988,0.19076340830449828,0.6260406332318695,0.5740578089895064
btts,b11981808108444b,2024-04-04 19:30:00+00:00,2324,1,0.4039177973900322,0.5638766519823789,0.3553139922683507,0.19020357468609905,0.9065438935310345,0.5729197535617854
btts,f5b26e6456c5c988,2024-04-04 20:15:00+00:00,2324,1,0.6104677272553094,0.5645161290322581,0.15173539150964402,0.18964620187304887,0.4935298496373312,0.5717863235556778
btts,82a1e3f259a74292,2024-04-06 12:30:00+00:00,2324,1,0.4817790133608547,0.5651537335285505,0.2685529909932492,0.18909127546415888,0.7302697485693925,0.5706574901059592
btts,068fe306da0add05,2024-04-06 15:00:00+00:00,2324,0,0.606917489382102,0.5657894736842105,0.3683488389178739,0.32011772853185594,0.9337357384677615,0.8342257788198508
btts,23fe193214774145,2024-04-06 15:00:00+00:00,2324,1,0.4949827985779245,0.564963503649635,0.2550423737321852,0.18925675315680116,0.7032322673648813,0.5709941452324435
btts,5fa4e06aaf18d53f,2024-04-06 15:00:00+00:00,2324,0,0.4463912897645229,0.565597667638484,0.19926518357763426,0.31990072163809297,0.5912971409955934,0.8337841412204807
btts,c08d81d3051b1a81,2024-04-06 15:00:00+00:00,2324,1,0.626874288103829,0.5647743813682679,0.13922279687802444,0.18942133911337394,0.4670092558935746,0.5713289525990759
btts,c44c33af522134eb,2024-04-06 15:00:00+00:00,2324,1,0.542202826525834,0.565406976744186,0.20957825204093566,0.18887109586262843,0.6121151288624879,0.5702094943148973
btts,a8f77c9720764108,2024-04-06 17:30:00+00:00,2324,0,0.5157197280086672,0.5660377358490566,0.26596683785733366,0.32039871840512635,0.7250914655021076,0.8347976976229721
btts,1d4ddef85f0ffe60,2024-04-07 15:30:00+00:00,2324,1,0.6441669781816627,0.5652173913043478,0.12661713941636932,0.18903591682419663,0.4397973035950024,0.570544858467613
btts,1d42c2fdae43c408,2024-04-07 17:30:00+00:00,2324,1,0.7029802983290608,0.5658465991316932,0.0882207031806937,0.1884891754855167,0.35242641270065467,0.569432263782304
btts,984b5a26721d1b8a,2024-04-07 18:00:00+00:00,2324,1,0.5638721698878667,0.5664739884393064,0.19020748419831782,0.18794480269972264,0.572927702307863,0.568324115827207
btts,024d3d1f74c13b96,2024-04-13 12:30:00+00:00,2324,0,0.6359005405036047,0.5670995670995671,0.40436949741277656,0.3216019190045164,1.0103282082940364,0.8372475245337022
btts,25e54e2625d9b2f3,2024-04-13 15:00:00+00:00,2324,1,0.4617287696067678,0.5662824207492796,0.2897359174690441,0.18811093855110494,0.7727776390718486,0.5686623486375432
btts,283f66af357f24a3,2024-04-13 15:00:00+00:00,2324,0,0.4462950547740519,0.5669064748201439,0.199179275915774,0.3213829511930024,0.5911233239560605,0.8368015808159164
btts,29bfc25a920a9f5d,2024-04-13 15:00:00+00:00,2324,1,0.5277131864900048,0.5660919540229885,0.22305483421542502,0.1882761923635883,0.6392023502717628,0.5689987510364858
btts,2f2993656697526c,2024-04-13 15:00:00+00:00,2324,1,0.480597235060031,0.5667144906743186,0.2697792322272848,0.18773633259161518,0.7327257087965445,0.5678996458594019
btts,9bbd58860c9e9d4f,2024-04-13 17:30:00+00:00,2324,1,0.5891599550902442,0.5673352435530086,0.16878954250145015,0.18719879147133442,0.529057561587554,0.5668048915078919
btts,41dddabf647c8ca3,2024-04-14 14:00:00+00:00,2324,0,0.5863949943432426,0.5679542203147353,0.3438590893908115,0.3225719963733189,0.8828438532094196,0.8392237248589406
btts,e24499cf2002ca68,2024-04-14 14:00:00+00:00,2324,0,0.5109106504328438,0.5671428571428572,0.26102969272571147,0.3216510204081633,0.7152100872470998,0.8373475295340356
btts,e63495659044bb3c,2024-04-14 16:30:00+00:00,2324,0,0.5476873045803524,0.5663338088445078,0.2999613835984917,0.32073398304032746,0.793381534310235,0.8354801856283682
btts,ba69890b0fe05968,2024-04-15 20:00:00+00:00,2324,0,0.5622005245389504,0.5655270655270656,0.31606942979187097,0.3198208618436539,0.8259942920186935,0.8336216274183995
btts,128e147fc4f2005d,2024-04-20 15:00:00+00:00,2324,1,0.6606494577077142,0.5647226173541963,0.11515879055406844,0.18946639984298144,0.41453190096881704,0.5714206111234745
btts,53f0d686ecc66ae4,2024-04-20 15:00:00+00:00,2324,1,0.5834061328857625,0.5653409090909091,0.173550450117195,0.18892852530991738,0.5388717092867277,0.5703263508736047
btts,6231d756ce9793a4,2024-04-20 19:30:00+00:00,2324,0,0.4939922745311882,0.5659574468085107,0.24402836729649682,0.3203078315980082,0.6812033420862975,0.8346127008598879
btts,ed0466dcf2ca432a,2024-04-21 13:30:00+00:00,2324,0,0.5259583330756282,0.5651558073654391,0.2766321681316935,0.31940108659888133,0.7464600562467323,0.832767489906045
btts,3705b6dc351a97b4,2024-04-21 15:00:00+00:00,2324,1,0.627386479810536,0.5643564356435643,0.13884083542798412,0.18978531516517994,0.4661925330106137,0.5720692490067094
btts,64bd0c6ce0f89abb,2024-04-21 15:00:00+00:00,2324,1,0.4813018860887891,0.5649717514124294,0.2690477333750475,0.18924957706916912,0.7312605839423575,0.5709795465857378
btts,adb92b6e52872b59,2024-04-21 16:30:00+00:00,2324,1,0.5750271897331802,0.5655853314527504,0.18060188946607839,0.18871610424901678,0.5533379528102702,0.5698940992255583
btts,857fd39747f17e24,2024-04-23 20:00:00+00:00,2324,0,0.612730551580572,0.5661971830985916,0.375438728840232,0.32057925014878,0.9486345790755364,0.8351651870617867
btts,74f723ed5712f0eb,2024-04-24 19:45:00+00:00,2324,0,0.4989069931543922,0.5654008438818565,0.24890818781835672,0.31967811426231546,0.6909635527202885,0.8333311529054954
btts,99ea52df9c61dfde,2024-04-24 20:00:00+00:00,2324,0,0.5650777094657983,0.5646067415730337,0.3193128177351131,0.31878077262971843,0.8325879063020271,0.8315056139327838
btts,a12a4ce749e2925c,2024-04-24 20:00:00+00:00,2324,0,0.511141494292233,0.5638148667601683,0.26126562718729684,0.31788720397978637,0.7156821857591656,0.8296885082350619
btts,ac5d62fa513e8874,2024-04-24 20:00:00+00:00,2324,1,0.438436089067319,0.5630252100840336,0.3153540260620081,0.19094696702210295,0.8245412267836064,0.5744308737205633
btts,3d5e317830852c43,2024-04-25 20:00:00+00:00,2324,0,0.4965536237735272,0.5636363636363636,0.24656550128262159,0.3176859504132231,0.6862780745280889,0.8292793548845252
btts,b52c8dfef3b9e7ed,2024-04-27 12:30:00+00:00,2324,1,0.5692563153476099,0.5628491620111732,0.18554012186791768,0.1911008551543335,0.5634244799450453,0.5747436050139626
btts,02b60d1d56f1ada6,2024-04-27 15:00:00+00:00,2324,1,0.5233550680392711,0.5634588563458857,0.22719039116384787,0.1905681701028421,0.6474951388850615,0.5736609626384702
btts,0c500022e079ce1e,2024-04-27 15:00:00+00:00,2324,1,0.4520939898380479,0.564066852367688,0.3002009959715892,0.19003770920461507,0.7938651786472968,0.572582501941685
btts,5edcf267cc08a5e7,2024-04-27 15:00:00+00:00,2324,1,0.5177428936718902,0.564673157162726,0.23257191660396181,0.18950946009466862,0.6582765042050024,0.571508198119314
btts,b1510657c7aa8fb5,2024-04-27 15:00:00+00:00,2324,1,0.4981987459912998,0.5652777777777778,0.2518044985247041,0.18898341049382716,0.6967561932361092,0.570438026567506
btts,a9653da38145c91f,2024-04-27 17:30:00+00:00,2324,0,0.5586178125026163,0.565880721220527,0.3120538604452082,0.32022099064906384,0.8178441405333883,0.8344359467447958
btts,b8a8bdf17edaf1c6,2024-04-27 20:00:00+00:00,2324,1,0.6761395554900557,0.5650969529085873,0.10488558751817874,0.18914066036939553,0.39135578121297676,0.5707579644886644
btts,20d54e73a4d5f1c8,2024-04-28 14:00:00+00:00,2324,1,0.5813561423427278,0.5656984785615491,0.1752626795541624,0.18861781152375323,0.5423917282697232,0.569694066115963
btts,8b5b62af6284220e,2024-04-28 14:00:00+00:00,2324,0,0.5191091068359855,0.5662983425414365,0.26947426480005465,0.32069381276517817,0.732114867945796,0.8353984064774631
btts,9d06c47783096c98,2024-04-28 16:30:00+00:00,2324,0,0.449047358033709,0.5655172413793104,0.20164352975705402,0.31980975029726516,0.5961064227675514,0.8335990160290417
btts,3b77ebfa6606dd43,2024-05-02 19:30:00+00:00,2324,0,0.6236963795660269,0.5647382920110193,0.3889971738837694,0.31892933846352334,0.9773589602917093,0.8318078012378841
btts,5e4aa5ec025377bc,2024-05-03 20:00:00+00:00,2324,1,0.5176792451508778,0.5639614855570839,0.23263331055822703,0.19012958607758512,0.6583994463726577,0.5727693178351658
btts,b760074af70bca3b,2024-05-04 12:30:00+00:00,2324,0,0.5350700688669752,0.5645604395604396,0.28629997859730955,0.31872848991667674,0.7658685704844472,0.8313992743194053
btts,1f0bce2a729ac551,2024-05-04 15:00:00+00:00,2324,1,0.4792190069800239,0.5637860082304527,0.2712128426908723,0.19028264661552272,0.7355975689858064,0.5730805175124236
btts,80aeb7b659afe07b,2024-05-04 15:00:00+00:00,2324,1,0.621406223583055,0.5643835616438356,0.14333324754164375,0.18976168136610996,0.47577026665162697,0.5720211847929104
btts,b0c538ab44d6fc80,2024-05-04 15:00:00+00:00,2324,0,0.5173193135188179,0.5649794801641587,0.267619272139581,0.319201813006563,0.7283999485493939,0.8323620769696016
btts,52fc9d139b4834b9,2024-05-04 17:30:00+00:00,2324,1,0.4032281542877327,0.5642076502732241,0.35613663583482613,0.1899149720803846,0.9082527375602653,0.5723329210002788
btts,08bca638058f0ba4,2024-05-05 14:00:00+00:00,2324,0,0.6306987246409176,0.5648021828103683,0.39778088126368,0.3190015057073567,0.9961425036795897,0.8319545991018068
btts,7c32f3d6ec25a9ed,2024-05-05 14:00:00+00:00,2324,0,0.5255979637502993,0.5640326975476839,0.276253219498461,0.3181328839029171,0.7457001390445517,0.8301880328207434
btts,585e6ac1a466e997,2024-05-05 16:30:00+00:00,2324,1,0.4958924409313943,0.563265306122449,0.2541244311101078,0.1907371928363182,0.7013962287341112,0.5740045253875223
btts,28a64c8451b06bb8,2024-05-06 20:00:00+00:00,2324,0,0.5413483592520191,0.563858695652174,0.2930580460648531,0.31793662866257094,0.7794643096907128,0.8297889955988604
btts,8406ef3cc24ac1b8,2024-05-11 12:30:00+00:00,2324,0,0.4710554519606034,0.5630936227951153,0.22189323882180834,0.3170744280325276,0.6368716767403936,0.8280363466449283
btts,3e788fd3a2d050d2,2024-05-11 15:00:00+00:00,2324,1,0.4650357306812975,0.5623306233062331,0.2861867694476932,0.19155448329551045,0.7656410361720024,0.5756653043697741
btts,447a907fd04ecad2,2024-05-11 15:00:00+00:00,2324,0,0.5086760432448734,0.5629228687415426,0.2587513169712603,0.31688215615220805,0.7106515790278554,0.8276455977255452
btts,5fe40d09192beec0,2024-05-11 15:00:00+00:00,2324,1,0.5960414328355151,0.5621621621621622,0.16318252398558364,0.19170197224251276,0.5174450961526695,0.5759649259369521
btts,ae458c3601815af1,2024-05-11 15:00:00+00:00,2324,1,0.5538725077072475,0.562753036437247,0.19902973937941995,0.1911849071448475,0.5908207492112713,0.5749144034972855
btts,b3f31e25c8cdc266,2024-05-11 15:00:00+00:00,2324,1,0.6108005770002302,0.5633423180592992,0.15147619086335376,0.1906699311978262,0.49298476097499166,0.573867810642624
btts,e951912316cfdde7,2024-05-11 15:00:00+00:00,2324,1,0.4815932622933135,0.5639300134589502,0.2687455456996893,0.19015703316191135,0.730655375340138,0.5728251247956214
btts,81f05e6e864c4171,2024-05-11 17:30:00+00:00,2324,1,0.4939220720160787,0.5645161290322581,0.2561148691924991,0.18964620187304887,0.705377523193196,0.5717863235556778
btts,54745267eea92863,2024-05-12 16:30:00+00:00,2324,0,0.4953557576700745,0.5651006711409396,0.24537732665689357,0.31933876852394044,0.6839015685966245,0.8326407025872302
btts,8028e69dc806a5cb,2024-05-13 20:00:00+00:00,2324,1,0.5706694087025788,0.564343163538874,0.18432475662379336,0.18979687915531626,0.560945205990631,0.5720927665213793
btts,c66c59acefb9aebf,2024-05-14 20:00:00+00:00,2324,0,0.5728645610886506,0.5649263721552878,0.32817380535129226,0.3191418059565348,0.8506541289007032,0.8322400028030799
btts,969e6c37d4ea0e32,2024-05-15 19:45:00+00:00,2324,1,0.5624853294925011,0.5641711229946524,0.19141908690928536,0.18994681003174238,0.5753902261458949,0.5723976639384654
btts,a0d5cb3dc08a8c8b,2024-05-15 20:00:00+00:00,2324,1,0.5558144425309963,0.5647530040053405,0.19730080946404957,0.1894399475223752,0.5873207768890016,0.5713668044709415
btts,154c589eaf24f4cb,2024-05-19 16:00:00+00:00,2324,1,0.4073061321969359,0.5653333333333334,0.351286020931356,0.18893511111111108,0.8981902087157544,0.5703397512983983
btts,309752f6eda91369,2024-05-19 16:00:00+00:00,2324,1,0.414036785214192,0.5659121171770972,0.34335288908211903,0.18843229001367018,0.8818004559296553,0.5693164828397179
btts,38e5a34078dd80aa,2024-05-19 16:00:00+00:00,2324,0,0.5747405377357863,0.5664893617021277,0.3303266857168208,0.3209101969216841,0.8550557968914861,0.8358389425831323
btts,41f5771217f397a2,2024-05-19 16:00:00+00:00,2324,1,0.6460029187285804,0.5657370517928287,0.12531393354868406,0.1885843081855843,0.4369512570540448,0.5696258815305231
btts,53cd6f8687eac5ec,2024-05-19 16:00:00+00:00,2324,0,0.5238092047175951,0.5663129973474801,0.27437608294687943,0.320710410964687,0.7419366746365514,0.8354321971107026
btts,6d4c6f08ffbf0c27,2024-05-19 16:00:00+00:00,2324,1,0.5689847223076924,0.5655629139072847,0.18577416960417706,0.18873558177272928,0.5639016952906302,0.5699337360204002
btts,7af940b639bd37c4,2024-05-19 16:00:00+00:00,2324,0,0.4959190444731127,0.5661375661375662,0.24593569867112514,0.3205117437921671,0.6850183977643391,0.8350277677953893
btts,87fcd1dafd6169a8,2024-05-19 16:00:00+00:00,2324,1,0.513008255653072,0.5653896961690885,0.23716095906206372,0.18888611619599718,0.6674633410498783,0.570240057855652
btts,e062ce9f523d46d8,2024-05-19 16:00:00+00:00,2324,0,0.4834841055660437,0.5659630606860159,0.2337568803349973,0.32031418606108286,0.6606492175484867,0.8346256348769998
btts,febbe8b6b74d0cfd,2024-05-19 16:00:00+00:00,2324,1,0.4822594338820554,0.5652173913043478,0.2680552938041298,0.18903591682419663,0.7292730651646081,0.570544858467613
btts,7050262bbf3611e3,2024-08-16 20:00:00+00:00,2425,0,0.5910175540319846,0.5657894736842105,0.3493017491739499,0.32011772853185594,0.8940830432540043,0.8342257788198508
btts,f852191cff10e80d,2024-08-17 12:30:00+00:00,2425,0,0.3841352642216792,0.5650459921156373,0.1475599012186593,0.3192769732059449,0.4847279243363372,0.832514982484623
btts,113740fd9b7c30d0,2024-08-17 15:00:00+00:00,2425,1,0.4395059060679047,0.5643044619422573,0.3141536293327604,0.18983060188342596,0.8221041237949674,0.5721613469990381
btts,6cc8c502fb2b8e87,2024-08-17 15:00:00+00:00,2425,0,0.4156920220822918,0.564875491480996,0.17279985722286456,0.31908432087589683,0.5373270757109049,0.8321230623679684
btts,7ef8d6a416c91b48,2024-08-17 15:00:00+00:00,2425,0,0.5056317292727891,0.5641361256544503,0.2556634456473911,0.3182495682684137,0.7044745522298023,0.8304252991860767
btts,d3bc4c66985fa60c,2024-08-17 15:00:00+00:00,2425,0,0.4658907702456364,0.5633986928104575,0.21705420980007237,0.31741808706053226,0.6271549108376574,0.8287348408498354
btts,9818bc60d2965646,2024-08-17 17:30:00+00:00,2425,1,0.5936850379063084,0.5626631853785901,0.165091848421198,0.19126348942320148,0.5214063394609862,0.5750740796368435
btts,89f4e346606bb11e,2024-08-18 14:00:00+00:00,2425,1,0.5027465105598323,0.5632333767926988,0.24726103276042294,0.1907650831479086,0.6876691910599123,0.574061213123146
btts,52977178e55b84bb,2024-08-18 16:30:00+00:00,2425,0,0.7608176901261571,0.5638020833333334,0.5788435576089012,0.317872789171007,1.430529215017405,0.8296592013226058
btts,fc175ef38e6bcdbc,2024-08-19 20:00:00+00:00,2425,1,0.4651317751624825,0.5630689206762028,0.28608401794083715,0.19090876807905832,0.7654345260952197,0.5743532415031541
btts,92f1ec655306f1c2,2024-08-24 12:30:00+00:00,2425,1,0.5575458495916442,0.5636363636363636,0.19576567521357993,0.19041322314049589,0.5842105376095138,0.5733459807473247
btts,15e872ba2a7c174d,2024-08-24 15:00:00+00:00,2425,0,0.5212489387733373,0.5642023346303502,0.27170045617233035,0.3183242744023376,0.7365745218283017,0.8305772136001253
btts,279e3b4ae034bea9,2024-08-24 15:00:00+00:00,2425,1,0.5114082556120808,0.5634715025906736,0.23872189268402977,0.1905571290504443,0.6705870730952391,0.5736385189360921
btts,49099b319120c7ea,2024-08-24 15:00:00+00:00,2425,0,0.4824738154758552,0.5640362225097024,0.2327809826198296,0.3181368603030145,0.6586951570083649,0.8301961182350601
btts,7bf56510ed6b50af,2024-08-24 15:00:00+00:00,2425,1,0.1517109218229506,0.5633074935400517,0.7195943601544681,0.19070034519827198,1.8857783990231376,0.5739296302406928
btts,ca2f8f0448c1046c,2024-08-24 15:00:00+00:00,2425,0,0.6008711992224344,0.5638709677419355,0.36104619805500643,0.31795046826222684,0.9184711052175479,0.8298171338703282
btts,4eb2278d814980cb,2024-08-24 17:30:00+00:00,2425,0,0.5981513221114453,0.5631443298969072,0.35778500414367,0.31713153629503665,0.911679684390898,0.8281524128027685
btts,0fe43474f2fec978,2024-08-25 14:00:00+00:00,2425,1,0.5225182661142073,0.5624195624195624,0.227988806194583,0.19147663935308729,0.6490953366839719,0.5755071552720574
btts,ca9740884fea3b66,2024-08-25 14:00:00+00:00,2425,1,0.4808335568300895,0.5629820051413882,0.26953379571369596,0.19098472783024167,0.7322341044568221,0.5745076138019455
btts,47b0126b5347b2e2,2024-08-25 16:30:00+00:00,2425,0,0.6226730007326897,0.5635430038510911,0.38772166584145223,0.3175807171895109,0.9746430954220656,0.8290654282605412
btts,ed67127339ab923f,2024-08-31 12:30:00+00:00,2425,1,0.4133625431452808,0.5628205128205128,0.3441435057849726,0.1911259040105194,0.8834302426482203,0.5747945066084661
btts,1f8406a64686b91d,2024-08-31 15:00:00+00:00,2425,1,0.5428156066871128,0.5633802816901409,0.20901756948887273,0.19063677841698073,0.6109855992477422,0.5738004229273791
btts,2843c2a36e1dca82,2024-08-31 15:00:00+00:00,2425,1,0.5816713626215193,0.5639386189258312,0.1749988488509364,0.19014952806431146,0.5418496597714896,0.5728098650984651
btts,a3a1b089748ed93d,2024-08-31 15:00:00+00:00,2425,1,0.5000425428725007,0.5644955300127714,0.2499574589373953,0.18966414337885687,0.6930620984345306,0.571822813913105
btts,bbed3b6320fc3d73,2024-08-31 15:00:00+00:00,2425,1,0.4224688049259315,0.5650510204081632,0.33354228128368174,0.18918061484798002,0.8616396694056457,0.5708392503052723
btts,ea5fe8be9359b733,2024-08-31 15:00:00+00:00,2425,1,0.4339306963997096,0.5656050955414013,0.32043445647851776,0.18869893301959512,0.8348704433478082,0.5698591553501837
btts,905b8be730dc9a54,2024-08-31 17:30:00+00:00,2425,1,0.5505276980068892,0.5661577608142494,0.2020253502589862,0.18821908850170604,0.5968780098128447,0.5688825102629663
btts,598b6e4f168232a0,2024-09-01 13:30:00+00:00,2425,1,0.6780008440093858,0.5667090216010165,0.10368345645866792,0.18774107196194834,0.3886067461909149,0.5679092963973391
btts,fec926ee8fe5b87a,2024-09-01 13:30:00+00:00,2425,1,0.5674272214020147,0.567258883248731,0.18711920878398158,0.18726487412713544,0.5666427820760979,0.5669394952443103
btts,b34997dbebbc370b,2024-09-01 16:00:00+00:00,2425,0,0.5805104197481742,0.5678073510773131,0.3369923474362014,0.32240518793743506,0.8687165918772165,0.8388838435623575
btts,eed5651d16c1a8d3,2024-09-14 12:30:00+00:00,2425,0,0.5747419000234624,0.5670886075949367,0.3303282516425796,0.32158948886396416,0.855059000323694,0.8372222083984621
btts,6c99253f25085e3f,2024-09-14 15:00:00+00:00,2425,1,0.4988979138720764,0.5663716814159292,0.25110330072175696,0.1880335186780484,0.695353785578936,0.5685047353526688
btts,b0ce04eebcb33c0a,2024-09-14 15:00:00+00:00,2425,0,0.3420895467250747,0.5669191919191919,0.11702525797856705,0.3213973701663096,0.41868644616563555,0.836830944648486
btts,c08b7974ae56d8a1,2024-09-14 15:00:00+00:00,2425,1,0.5683149198073612,0.5662042875157629,0.18635200846092503,0.18817872016970688,0.5650795776234273,0.5688003338925938
btts,c1a8c8ec51185bbf,2024-09-14 15:00:00+00:00,2425,1,0.4814395166762683,0.5667506297229219,0.26890497486494225,0.18770501684548474,0.7309746700136088,0.5678358784827703
btts,e8b4486d8356a07a,2024-09-14 15:00:00+00:00,2425,0,0.5650045274036585,0.5672955974842767,0.3192301159866315,0.3218242949250425,0.832419655772117,0.8377004572809336
btts,2cc242e6e1ba95d1,2024-09-14 17:30:00+00:00,2425,1,0.5144361769795356,0.5665829145728644,0.23577222622624888,0.187850369940153,0.6646837800333407,0.5681318463417045
btts,e362937fc49e2ad9,2024-09-14 20:00:00+00:00,2425,0,0.5786188777664377,0.5671267252195734,0.3347998057076918,0.3216327224582775,0.8642175763526534,0.8373102617588554
btts,25184448a25c5d29,2024-09-15 14:00:00+00:00,2425,0,0.5802693538286454,0.5664160401002506,0.3367125229927137,0.32082713048284867,0.8681420920771187,0.8356698223920844
btts,24d6767f0bb2ea40,2024-09-15 16:30:00+00:00,2425,1,0.5346627492416512,0.5657071339173968,0.21653875694333835,0.18861029353024192,0.6261191061053955,0.5696787659340434
btts,d0379027ac419f60,2024-09-21 12:30:00+00:00,2425,0,0.5244530314222254,0.56625,0.27505098216796176,0.3206390625,0.7432896246345174,0.8352869477210682
btts,5fdab79b1775e51d,2024-09-21 15:00:00+00:00,2425,1,0.3720934989384348,0.5655430711610487,0.3942665740753774,0.18875282301617355,0.9886101150575548,0.5699688215853251
btts,a8f0f459f0b8e3aa,2024-09-21 15:00:00+00:00,2425,0,0.5106426606135174,0.5660847880299252,0.2607559268384519,0.3204519872388854,0.7146623009874021,0.8349061280920402
btts,ace9c8c5f7e1a054,2024-09-21 15:00:00+00:00,2425,1,0.4390615278258976,0.5653798256537983,0.3146519695650163,0.18889469594872277,0.8231157212267846,0.5702575159054136
btts,cbe76ac6a5208dbf,2024-09-21 15:00:00+00:00,2425,1,0.5262427825712976,0.5659203980099502,0.22444590106578677,0.18842510086384004,0.6419926089084831,0.569301850228016
btts,f10b2a2c14c76b05,2024-09-21 15:00:00+00:00,2425,1,0.5316848225271741,0.5664596273291925,0.21931910545140443,0.18795725473554262,0.6317044040604316,0.5683494679041773
btts,fee959e2b26a0d8d,2024-09-21 15:00:00+00:00,2425,1,0.5623164770475101,0.5669975186104218,0.19156686626410277,0.187491148889532,0.5756904611655713,0.5674003516124236
btts,3fa8dc0c5a1384c2,2024-09-21 17:30:00+00:00,2425,0,0.4704170483053633,0.5675340768277571,0.22129219933633051,0.32209492836073456,0.6356654657863957,0.8382517460675216
btts,d66b9f8d51d49253,2024-09-22 14:00:00+00:00,2425,1,0.547021133603632,0.5668316831683168,0.2051898534017386,0.1876347907067935,0.6032678418336674,0.5676928744069105
btts,dc1efd9ae732586f,2024-09-22 16:30:00+00:00,2425,1,0.6104992066299495,0.5673671199011124,0.15171086803589878,0.18717120894265843,0.49347828497366436,0.5667487069979467
btts,207049bccbaa1a24,2024-09-28 12:30:00+00:00,2425,1,0.6272176286226351,0.5679012345679012,0.1389666964097316,0.18670934308794393,0.46646170348086063,0.5658077581833438
btts,146cc68a9b24f417,2024-09-28 15:00:00+00:00,2425,1,0.5068536691840552,0.5684340320591862,0.2431933035972293,0.18624918468469154,0.6795329379887403,0.5648700111187644
btts,658630bc739ae4fd,2024-09-28 15:00:00+00:00,2425,1,0.4587674137700208,0.5689655172413793,0.2929327123971918,0.18579072532699165,0.7792119211620807,0.5639354490799391
btts,9401586ee1b82ef9,2024-09-28 15:00:00+00:00,2425,1,0.5110216954930626,0.5694956949569495,0.23909978227847914,0.18533395666059987,0.6713432327461163,0.5630040554615766
btts,a756adb5302aad35,2024-09-28 15:00:00+00:00,2425,0,0.4948542784972994,0.5700245700245701,0.24488075694708275,0.324928010431696,0.6829083339003751,0.844027211519081
btts,ad5b80ee7ed042bf,2024-09-28 15:00:00+00:00,2425,1,0.4524645594620124,0.5693251533742332,0.29979505864512807,0.18548082351612777,0.7930458405403671,0.5633035610146073
btts,e4431265c6c23505,2024-09-28 17:30:00+00:00,2425,1,0.5052291065157651,0.5698529411764706,0.24479823703918807,0.1850264922145329,0.6827432763178989,0.5623769493767508
btts,bf4f28b06ce735f9,2024-09-29 14:00:00+00:00,2425,1,0.4796846000031187,0.5703794369645043,0.27072811547391457,0.1845738281829363,0.7346264743808995,0.561453460734357
btts,f46e055e109f8962,2024-09-29 16:30:00+00:00,2425,0,0.5527216377284196,0.5709046454767727,0.3055012088131864,0.3259321142269595,0.8045741437988436,0.8460761131368814
btts,b19d6149a8fd463d,2024-09-30 20:00:00+00:00,2425,1,0.5339909535013415,0.5702075702075702,0.21716443141858885,0.18472153270688071,0.6273763811741665,0.5617548261841722
btts,ec6ad5c0e346b811,2024-10-05 12:30:00+00:00,2425,0,0.526352132483024,0.5707317073170731,0.2770465673694269,0.3257346817370612,0.7472911289044963,0.8456731646602016
btts,071f8d1fb7ffd000,2024-10-05 15:00:00+00:00,2425,1,0.4457811503805357,0.5700365408038977,0.30715853327352244,0.18486857624387837,0.8079271416059222,0.5620548135347816
btts,1002c482565f9587,2024-10-05 15:00:00+00:00,2425,1,0.4253613056676412,0.5705596107055961,0.3302096290239981,0.18441904795732914,0.8548163402317065,0.5611376266099005
btts,1ce67016155c73a4,2024-10-05 15:00:00+00:00,2425,1,0.5322757035426071,0.5710814094775213,0.21876601749656316,0.18397115729578978,0.630593684138588,0.5602235059729656
btts,76e759045b75ccd2,2024-10-05 15:00:00+00:00,2425,1,0.4769553541705327,0.5716019417475728,0.2735757015308729,0.18352489631445,0.7403323896010461,0.5593124358930539
btts,efacc80994e45ad9,2024-10-05 15:00:00+00:00,2425,0,0.476817591874361,0.5721212121212121,0.2273550159208647,0.327322681359045,0.6478251030175098,0.8489153294013843
btts,3c5b6582515f1a98,2024-10-05 17:30:00+00:00,2425,0,0.5805021482078507,0.5714285714285714,0.3369827440739295,0.32653061224489793,0.868696873964867,0.8472978603872036
btts,429ac1f515a3313b,2024-10-06 14:00:00+00:00,2425,0,0.5087214799539888,0.5707376058041113,0.2587975441665766,0.3257414146790091,0.7107440614105494,0.8456869055482755
btts,855db8fbac768387,2024-10-06 14:00:00+00:00,2425,1,0.5184482393350116,0.5700483091787439,0.23189209819955026,0.18485845644005697,0.6569150840005676,0.5620341687997044
btts,8310b795ec0a169a,2024-10-06 16:30:00+00:00,2425,1,0.5179413384601482,0.5705669481302774,0.23238055316559336,0.18441274603814384,0.6578932893514209,0.5611247666433621
btts,871243788dee066d,2024-10-19 12:30:00+00:00,2425,1,0.5045870562728203,0.5710843373493976,0.24543398481242973,0.18396864566700538,0.684014894565103,0.5602183790955672
btts,56a7cd5ecba6d223,2024-10-19 15:00:00+00:00,2425,0,0.4576917006628361,0.5716004813477737,0.20948169285563917,0.3267271102770066,0.6119206212928608,0.8476990640034177
btts,9753aea1b4662a3b,2024-10-19 15:00:00+00:00,2425,1,0.4583109026783801,0.5709134615384616,0.29342707815711144,0.1841152574889053,0.780207498357964,0.5605176367865673
btts,99603568f1865fdb,2024-10-19 15:00:00+00:00,2425,1,0.4833904809984807,0.5714285714285714,0.26688539512298115,0.18367346938775514,0.7269305026764357,0.5596157879354228
btts,ad203f3406bdb4d9,2024-10-19 15:00:00+00:00,2425,1,0.513781801265404,0.5719424460431655,0.23640813678071512,0.1832332694995083,0.6659566148141431,0.5587169114704056
btts,b7666e3f698aa5ff,2024-10-19 15:00:00+00:00,2425,0,0.4818500265509229,0.5724550898203593,0.2321794480871251,0.32770482986123567,0.6574905545936816,0.8496959430712164
btts,52536a941a73523b,2024-10-19 17:30:00+00:00,2425,0,0.4385700509445344,0.5717703349282297,0.19234368958549147,0.32692131590393997,0.5772682693887928,0.8480956266840014
btts,e1e83431274980b3,2024-10-20 14:00:00+00:00,2425,1,0.5350442966710841,0.5710872162485066,0.21618380605808685,0.18396617606545537,0.6254057379976106,0.5602133379980194
btts,eaf2906dac8f7226,2024-10-20 16:30:00+00:00,2425,1,0.5744069647903479,0.5715990453460621,0.18112943161896417,0.18352737794840537,0.5544171359902482,0.5593175030711677
btts,d65de6eb677a1f80,2024-10-21 20:00:00+00:00,2425,0,0.4698109334067505,0.5721096543504172,0.22072231314852217,0.3273094566009538,0.6345216066275562,0.8488883179789273
btts,ec813eb1fd844941,2024-10-25 20:00:00+00:00,2425,1,0.4430665591504962,0.5714285714285714,0.31017485753646773,0.18367346938775514,0.8140352738334778,0.5596157879354228
btts,17c995c94f10060f,2024-10-26 15:00:00+00:00,2425,0,0.5079955481766769,0.5719381688466112,0.25805947696732245,0.32711326898361476,0.7092675141093773,0.8484876285227924
btts,3e8486e1e5721335,2024-10-26 15:00:00+00:00,2425,1,0.4729480373191594,0.5712589073634204,0.27778377136572613,0.1838189245152081,0.7487697542011963,0.5599127441365656
btts,84d482f50e7c9f15,2024-10-26 15:00:00+00:00,2425,1,0.4340405478373868,0.571767497034401,0.3203101014922053,0.18338307659618175,0.8346173210491306,0.5590228439512551
btts,bb88d1a09438b45a,2024-10-26 15:00:00+00:00,2425,1,0.5307339984196926,0.5722748815165877,0.22021058023916906,0.1829487769816491,0.6334943278505437,0.5581358409433844
btts,7961d7bc59ce064f,2024-10-26 17:30:00+00:00,2425,1,0.492005453489657,0.5727810650887574,0.2580584592842491,0.18251601834669656,0.7092654782226885,0.5572517206405422
btts,232e340a8fbda742,2024-10-27 14:00:00+00:00,2425,1,0.4953969109192145,0.5732860520094563,0.2546242775098712,0.18208479340967648,0.7023959974747515,0.5563704686687401
btts,4a55fc5c86cbf0ae,2024-10-27 14:00:00+00:00,2425,0,0.4883633968539507,0.5737898465171193,0.23849880738672935,0.3292347879661393,0.6701406654215076,0.8528227363191736
btts,8aca4b012fdae900,2024-10-27 14:00:00+00:00,2425,1,0.49723803174793,0.5731132075471698,0.25276959672069543,0.18223233357066576,0.6986864304207121,0.5566720118914094
btts,a89c28123f11dcc1,2024-10-27 16:30:00+00:00,2425,1,0.5720859807842382,0.5736160188457008,0.18311040784138735,0.1818032993849898,0.558465982842305,0.5557950632287576
btts,72f7d2c4bb081125,2024-11-02 12:30:00+00:00,2425,0,0.3814443186443446,0.5741176470588235,0.1454997682260483,0.32961107266435985,0.48036806475766464,0.853592137658591
btts,0697dfc2babfa81d,2024-11-02 15:00:00+00:00,2425,1,0.4945960394809774,0.5734430082256169,0.2554331633083137,0.18195086723161114,0.7040139314461347,0.556096722720227
btts,13ad5733f9c4ee7d,2024-11-02 15:00:00+00:00,2425,0,0.5537131057902037,0.573943661971831,0.3065982035238333,0.3294113271176354,0.8067932732053849,0.853183692564465
btts,1ce1237b5735ec4d,2024-11-02 15:00:00+00:00,2425,0,0.3900173808095983,0.5732708089097304,0.15211355733357923,0.3286394203480166,0.4943248153512062,0.8516056798549385
btts,888b62d03b95dbbb,2024-11-02 15:00:00+00:00,2425,1,0.5022481966022654,0.572599531615925,0.24775685778569706,0.18267116037492667,0.6886608659311396,0.5575687043136979
btts,ebc495cae0518f15,2024-11-02 15:00:00+00:00,2425,1,0.4916116773166791,0.5730994152046783,0.25845868664076044,0.18224410929858761,0.7100661478769302,0.556696077832088
btts,3c598e015fa7ca89,2024-11-02 17:30:00+00:00,2425,1,0.5010683419948513,0.5735981308411215,0.24893279935976667,0.1818185540221853,0.6910127760330617,0.5558262483472214
btts,0ca8f2c7e59dfe94,2024-11-03 14:00:00+00:00,2425,1,0.5254365935786568,0.574095682613769,0.22521042671422897,0.1813944875682314,0.6435257551673875,0.5549592021054717
btts,8fc07a6841aa59a0,2024-11-03 16:30:00+00:00,2425,1,0.5106248331225984,0.5745920745920746,0.23948805395628464,0.180971902999875,0.6721201401780119,0.5540949254452722
btts,4daaecd8af3fac3c,2024-11-04 20:00:00+00:00,2425,1,0.4902126970922544,0.5750873108265425,0.2598830942059535,0.18055079342061928,0.7129159063625882,0.5532334047963328
btts,1973aef8ac2983c3,2024-11-09 15:00:00+00:00,2425,0,0.4987526077640185,0.5755813953488372,0.24875416375140885,0.33129394267171447,0.690655502896624,0.857035035665062
btts,54fedd891c3aa3ea,2024-11-09 15:00:00+00:00,2425,0,0.4425096958286574,0.5749128919860628,0.1958148309023709,0.3305248333717783,0.5843101674200094,0.8554611710263647
btts,91a0c213a2c0566b,2024-11-09 15:00:00+00:00,2425,0,0.5527873241757514,0.574245939675174,0.30557382576938724,0.3297583992334236,0.804721012676568,0.8538934226091228
btts,aee73f91f248aade,2024-11-09 15:00:00+00:00,2425,1,0.5383841000073827,0.5735805330243338,0.21308923912599406,0.1818335618158113,0.619183033020491,0.5558569285147376
btts,f5f10bbc753191b6,2024-11-09 17:30:00+00:00,2425,1,0.5776356557627146,0.5740740740740741,0.17839163928299215,0.18141289437585734,0.5488119624176673,0.5549968420791281
btts,ec8c9aed89b96760,2024-11-09 20:00:00+00:00,2425,0,0.5291781884547062,0.5745664739884393,0.2800295551362046,0.3301266330315079,0.7532755759833152,0.8546465687629484
btts,6568b09aa56b2340,2024-11-10 14:00:00+00:00,2425,1,0.4355445434817673,0.5739030023094688,0.3186099623932065,0.18155865144088457,0.8311582066759372,0.5552948824658065
btts,aa8be18c760fc3e1,2024-11-10 14:00:00+00:00,2425,1,0.413441789453591,0.5743944636678201,0.34405053435940547,0.1811400725566025,0.8832385496310737,0.5544388997558889
btts,de96cb500908bd44,2024-11-10 14:00:00+00:00,2425,0,0.4887496857061995,0.5748847926267281,0.23887625527790876,0.3304925247934762,0.6708959568697145,0.8553950706198229
btts,34b0ece7c7460baf,2024-11-10 16:30:00+00:00,2425,1,0.4939560592366885,0.5742232451093211,0.2560804699832619,0.18128584500523726,0.7053087146639898,0.5547370295138733
btts,48e14e99bc31bb61,2024-11-23 12:30:00+00:00,2425,1,0.5310741449434686,0.5747126436781609,0.2198914575404991,0.18086933544721895,0.6328536348260315,0.5538851132264377
btts,11fd377e83761f2d,2024-11-23 15:00:00+00:00,2425,1,0.4849077350118027,0.5752009184845006,0.26532004145067123,0.1804542596564119,0.7237966432310907,0.5530358757676379
btts,714298d32222214e,2024-11-23 15:00:00+00:00,2425,1,0.4359241583683805,0.5756880733944955,0.3181815551124199,0.18004061105967506,0.8302869994603069,0.5521893042172503
btts,8e5f3bdc60aa60d1,2024-11-23 15:00:00+00:00,2425,0,0.442029441728565,0.5761741122565864,0.19539002735486685,0.33197660763466547,0.5834490809472574,0.8584325502013319
btts,9ab3c7547c7db940,2024-11-23 15:00:00+00:00,2425,1,0.5023575643964127,0.5755148741418764,0.24764799371347057,0.18018762207478703,0.6884431331670539,0.5524902055557963
btts,c3e0028bf754b085,2024-11-23 15:00:00+00:00,2425,0,0.4210348949063626,0.576,0.1772703827288118,0.33177599999999996,0.5465130707665165,0.8580218237501792
btts,28574e123745df24,2024-11-23 17:30:00+00:00,2425,0,0.6180104630773485,0.5753424657534246,0.38193693247307875,0.3310189528992306,0.9623620610055208,0.8564722366632448
btts,1d8c1d738a678043,2024-11-24 14:00:00+00:00,2425,1,0.4306650981932672,0.5746864310148233,0.3241422304152821,0.18089163196290867,0.8424245252804294,0.5539307243008144
btts,e62650df25afb2a4,2024-11-24 16:30:00+00:00,2425,1,0.5453608112983279,0.5751708428246014,0.2066967919033146,0.18047981278635952,0.6063076642905886,0.5530881643597567
btts,fc833a9d5b6e3b64,2024-11-25 20:00:00+00:00,2425,0,0.4023206658531891,0.5756541524459613,0.16186191817255344,0.33137770322827803,0.5147008993782373,0.8572064780413614
btts,f98cf28a0b25c991,2024-11-29 20:00:00+00:00,2425,1,0.4347724379177006,0.575,0.31948219693749963,0.18062500000000004,0.8329325159980082,0.5533852381847867
btts,1fd3aa940cd130e3,2024-11-30 15:00:00+00:00,2425,0,0.4740508024889613,0.5754824063564131,0.22472416334042822,0.3311800000257678,0.6425506535874682,0.8568018285216474
btts,2978f82717493849,2024-11-30 15:00:00+00:00,2425,1,0.4809234632483311,0.5748299319727891,0.26944045100610675,0.18076958674626314,0.7320471416031564,0.5536810524156082
btts,9fee10d5cadd2e25,2024-11-30 15:00:00+00:00,2425,1,0.5141604862551242,0.5753114382785957,0.23604003311585733,0.18036037445699507,0.6652198321923009,0.5528437530254782
btts,fb9c6050ec350690,2024-11-30 15:00:00+00:00,2425,1,0.4340573681914452,0.5757918552036199,0.32029106249839334,0.17995255011158662,0.8345785688444542,0.5520090460871208
btts,8d086056b8408af7,2024-11-30 17:30:00+00:00,2425,1,0.5112656049920384,0.576271186440678,0.2388613088637982,0.17954610744039068,0.6708660488791381,0.551176919289558
btts,31a55210ed570627,2024-12-01 13:30:00+00:00,2425,0,0.4903878094032549,0.5767494356659142,0.24048020361132302,0.3326399115409505,0.6741052531171655,0.8597909246346701
btts,6fff855e24efd7e1,2024-12-01 13:30:00+00:00,2425,1,0.5173801047197204,0.5760992108229989,0.23292196332034804,0.17969187906488437,0.6589774623859875,0.551475392105875
btts,964890617129ee69,2024-12-01 13:30:00+00:00,2425,0,0.4336196228284787,0.5765765765765766,0.18802597730191214,0.33244054865676487,0.5684893820270644,0.8593825996022756
btts,40cadf2878c5ba96,2024-12-01 16:00:00+00:00,2425,0,0.5562719069585227,0.5759280089988752,0.30943843447127134,0.33169307154940847,0.8125433072049951,0.857852048065894
btts,9a0c2596bc5478cb,2024-12-03 19:30:00+00:00,2425,0,0.5018311232008483,0.5752808988764045,0.251834476213025,0.330948112612044,0.6968161494038406,0.8563272671065979
btts,75db55085a6f8a75,2024-12-03 20:15:00+00:00,2425,1,0.4977312424577124,0.574635241301908,0.2522739048030733,0.18093517794228603,0.6976950214134865,0.5540198024313014
btts,52734ddb3c452bfb,2024-12-04 19:30:00+00:00,2425,1,0.4432189504649542,0.5751121076233184,0.31000513712134714,0.18052972108829854,0.8136913861938708,0.5531902874092397
btts,7df64cb919017832,2024-12-04 19:30:00+00:00,2425,0,0.4671969758728242,0.5755879059350504,0.2182730142647123,0.3313014374586964,0.6296034838576967,0.8570503757940727
btts,c0a434b21dd85c65,2024-12-04 19:30:00+00:00,2425,1,0.4449408692163419,0.5749440715883669,0.30809063866631003,0.18067254227787535,0.8098138838105062,0.553482509718349
btts,de1390be7c9e24b5,2024-12-04 19:30:00+00:00,2425,0,0.4777054766537418,0.5754189944134078,0.22820252242497865,0.33110701913173746,0.6495236292424595,0.856652465554424
btts,b124571aa2ff76c3,2024-12-04 20:15:00+00:00,2425,1,0.6033329639950775,0.5747767857142857,0.15734473745293046,0.1808147819674745,0.5052860555534177,0.5537735123111943
btts,d2e702a27cd022cc,2024-12-04 20:15:00+00:00,2425,0,0.520277458152505,0.5752508361204013,0.27068863346163163,0.3309135244572208,0.734547380026186,0.856256486932095
btts,671dc9d247da26aa,2024-12-05 19:30:00+00:00,2425,1,0.5291864739217969,0.5746102449888641,0.2216653763381909,0.1809564436684342,0.6364144065506068,0.5540633028206369
btts,416efee6c6e747d5,2024-12-05 20:15:00+00:00,2425,0,0.5810699306361007,0.575083426028921,0.3376422642894429,0.3307209468931615,0.8700512718820111,0.8558624258650451
btts,818b643d24c7491a,2024-12-07 15:00:00+00:00,2425,1,0.5122261072817859,0.5744444444444444,0.23792337041747988,0.18109753086419755,0.6689891356414428,0.5543518888158817
btts,d9d52247129f0592,2024-12-07 15:00:00+00:00,2425,0,0.4985611285655857,0.5749167591564928,0.24856319891659048,0.3305292799590047,0.6902735704663153,0.8554702684276919
btts,e7cfdc624c2570a9,2024-12-07 15:00:00+00:00,2425,1,0.4474501897483071,0.5742793791574279,0.30531129280918184,0.18123804701058505,0.8041900552874147,0.5546392778031407
btts,fb33e1f997cdf4e8,2024-12-07 17:30:00+00:00,2425,1,0.3911891294973504,0.574750830564784,0.370650676042194,0.180836856105341,0.9385641287910169,0.5538186702510968
btts,3bd5c90b28a2416d,2024-12-08 14:00:00+00:00,2425,1,0.4670704024347287,0.5752212389380531,0.284013955961082,0.18043699584932257,0.7612752779973644,0.5530005488167035
btts,a829d3f024bf2418,2024-12-08 14:00:00+00:00,2425,1,0.5678555419958494,0.5756906077348066,0.18674883258370106,0.18003846036445775,0.5658882200797979,0.5521849019465592
btts,d90941c993423591,2024-12-08 14:00:00+00:00,2425,1,0.5527142911640992,0.5761589403973509,0.2000645053288342,0.1796412438050963,0.5929140634768458,0.5513717181603407
btts,8831d3dc415a62d5,2024-12-08 16:30:00+00:00,2425,1,0.5704238843888764,0.5766262403528115,0.18453563910354145,0.17924534035779532,0.5613755377066754,0.5505609860502136
btts,cc4f5b9ac0d098eb,2024-12-09 20:00:00+00:00,2425,1,0.604854685147849,0.5770925110132159,0.15613981984960554,0.17885074424110692,0.5027670396397607,0.5497526942802511
btts,532cc61c17591e52,2024-12-14 15:00:00+00:00,2425,0,0.4730778716641582,0.5775577557755776,0.22380267265828974,0.3335729612565217,0.6407025054275716,0.861702541589752
btts,9401e61a47e3d761,2024-12-14 15:00:00+00:00,2425,1,0.5837660819950022,0.5769230769230769,0.1732506744977912,0.17899408284023674,0.5382549209224027,0.5500463369192721
btts,9c933f4fb37c271d,2024-12-14 15:00:00+00:00,2425,1,0.5261953891026091,0.5773874862788145,0.224490809307628,0.17860133675373918,0.6420826730471587,0.5492416845222484
btts,b0aa8dc25bf7743f,2024-12-14 15:00:00+00:00,2425,0,0.4798401295380927,0.5778508771929824,0.23024654991513357,0.33391163627269926,0.6536190714616634,0.8623966557865471
btts,c24498f41663e986,2024-12-14 17:30:00+00:00,2425,1,0.5265763648228359,0.5772179627601315,0.2241299383443606,0.17874465101269357,0.6413589155271899,0.549535332053606
btts,03dc87863235d584,2024-12-15 14:00:00+00:00,2425,1,0.519411701871591,0.5776805251641138,0.23096511229796052,0.1783537388256587,0.6550584504123765,0.5487342877478885
btts,ee1db02b6e915b2c,2024-12-15 16:30:00+00:00,2425,1,0.5044376844358016,0.5781420765027322,0.24558200860735013,0.17796410761742665,0.6843109662709462,0.5479356334172221
btts,e8fa9570f621d7a5,2024-12-15 19:00:00+00:00,2425,0,0.5038453631896372,0.5786026200873362,0.25386015000769746,0.33478099197193034,0.7008676330838516,0.8641789952092993
btts,ea506496ca63dbe5,2024-12-15 19:00:00+00:00,2425,1,0.6188527801504958,0.5779716466739367,0.14527320319900627,0.17810793101110847,0.4798878695597302,0.5482304657102973
btts,d2f76daa6e472fba,2024-12-16 20:00:00+00:00,2425,1,0.5054194230463603,0.5784313725490197,0.24460994709979508,0.17772010765090346,0.6823666537289811,0.5474353693785515
btts,9a710db459dc6367,2024-12-21 12:30:00+00:00,2425,1,0.5273864377761623,0.5788900979325353,0.22336357919790528,0.1773335496192697,0.6398217206454662,0.5466426330140427
btts,aa1716df8725fb65,2024-12-21 15:00:00+00:00,2425,1,0.5628433057636637,0.5793478260869566,0.19110597531564164,0.17694825141776935,0.574754009716272,0.5458522458772413
btts,c369c4ce06e26f73,2024-12-21 15:00:00+00:00,2425,0,0.5374400994183759,0.5798045602605864,0.2888418604628338,0.33617332809897194,0.7709792156448919,0.8670353432255251
btts,f737fc1ca2d87b65,2024-12-21 15:00:00+00:00,2425,0,0.412639408212493,0.579175704989154,0.17027128120995644,0.3354444972496836,0.532116351696142,0.8655398839333205
btts,e387ce6c1559e864,2024-12-21 17:30:00+00:00,2425,1,0.4580322292078544,0.5785482123510293,0.2937290645774076,0.1776216093125131,0.7808157278943019,0.5472333955426573
btts,110b5f01f862b127,2024-12-22 14:00:00+00:00,2425,0,0.4516616428038441,0.579004329004329,0.20399823958026725,0.33524601300575324,0.600862742432887,0.8651327280232378
btts,a126c83b4eda1818,2024-12-22 14:00:00+00:00,2425,0,0.594811997255723,0.5783783783783784,0.3538013120793422,0.3345215485756026,0.9034041152782288,0.863646998388733
btts,c650d7840e4ef3d2,2024-12-22 14:00:00+00:00,2425,0,0.4663887508279836,0.5777537796976242,0.21751846689888696,0.33379942995489087,0.6280877029462357,0.8621666746608136
btts,fc8331ef4304441d,2024-12-22 14:00:00+00:00,2425,0,0.397027424965329,0.5771305285868392,0.15763077617459995,0.33307964702692444,0.5058835641604301,0.8606917257753925
btts,b41433d24af40d4b,2024-12-22 16:30:00+00:00,2425,1,0.5171447857405173,0.5765086206896551,0.233149157937571,0.1793449483501784,0.6594323938920956,0.5507649858901941
btts,1b68f9eca25535e2,2024-12-26 12:30:00+00:00,2425,1,0.4818515860797167,0.5769644779332616,0.26847777884810525,0.17895905293027795,0.7301191250440681,0.5499745777430366
btts,09b145045cd0525d,2024-12-26 15:00:00+00:00,2425,0,0.5118056686576723,0.5774193548387097,0.26194504247012707,0.3334131113423517,0.7170417324337298,0.8613749742780403
btts,34dc83d4cd140781,2024-12-26 15:00:00+00:00,2425,0,0.5087487424560119,0.5767991407089151,0.2588252829505735,0.33269724872254286,0.7107995559159617,0.8599083679791333
btts,7899da0c737fe0be,2024-12-26 15:00:00+00:00,2425,0,0.5413007551249887,0.5761802575107297,0.2930065074988829,0.3319836891451307,0.7793605236088128,0.8584470497844694
btts,d11dd9499e668837,2024-12-26 15:00:00+00:00,2425,1,0.5102670129828559,0.5755627009646302,0.2398383985727342,0.18014702081243988,0.6728211354024524,0.5524071063384791
btts,f2739bb3edb4d208,2024-12-26 15:00:00+00:00,2425,0,0.611479036639397,0.576017130620985,0.373906612249445,0.33179573476883295,0.9454081508860576,0.8580622269743621
btts,a15516b1cb9d3397,2024-12-26 17:30:00+00:00,2425,0,0.4715211923437593,0.5754010695187166,0.22233223482928044,0.33108639080328295,0.6377525735179506,0.8566102486014967
btts,3193ef769d199a8a,2024-12-26 20:00:00+00:00,2425,1,0.4741735176537954,0.5747863247863247,0.2764934895365835,0.1808066695887209,0.7461819532751329,0.5537569163158077
btts,29e5fc7051c49a6a,2024-12-27 19:30:00+00:00,2425,0,0.4419852936350349,0.575240128068303,0.19535099978964804,0.3309012049400377,0.583369961455357,0.8562312769539844
btts,b36d90784a29343c,2024-12-27 20:15:00+00:00,2425,0,0.4612554680866871,0.5746268656716418,0.21275660683986883,0.3301960347516151,0.6185137871965447,0.8547885321163612
btts,f36b1e17efbdbc55,2024-12-29 14:30:00+00:00,2425,0,0.5677291680950163,0.5740149094781682,0.3223164083058592,0.3294931163032297,0.8387029614678702,0.8533509321002809
btts,24c58003d18bc419,2024-12-29 15:00:00+00:00,2425,1,0.4012207608081761,0.573404255319149,0.3585365772871394,0.18198392937980984,0.9132434774530751,0.5561643043550524
btts,77242306e7b7eccd,2024-12-29 15:00:00+00:00,2425,0,0.4209152108829366,0.5738575982996812,0.177169614752627,0.3293125431262783,0.5463063715138324,0.8529817122788105
btts,9478267ad8e402d7,2024-12-29 15:00:00+00:00,2425,1,0.6068462686591941,0.5732484076433121,0.15456985646719856,0.18211692157896872,0.49947978415231314,0.556436135018043
btts,d368894940528c35,2024-12-29 15:00:00+00:00,2425,1,0.4625492974654548,0.5737009544008483,0.2888532576548762,0.1817308762787476,0.7710021385953764,0.555647003786976
btts,c2d459eb015cab54,2024-12-29 17:15:00+00:00,2425,0,0.5054177887506041,0.5741525423728814,0.25544714118555023,0.32965114191324335,0.7040418904748985,0.8536740775264797
btts,1b277984d1f35341,2024-12-30 19:45:00+00:00,2425,1,0.5645980309602042,0.5735449735449736,0.18957487464373127,0.1818638895887573,0.5716412506640398,0.5559189260540964
btts,b4cb9828f8d14825,2024-12-30 19:45:00+00:00,2425,0,0.4303098370651434,0.5739957716701902,0.18516655587503028,0.32947114589525717,0.5626626397418346,0.8533060071051952
btts,d89114e7fcdaa0ec,2024-12-30 20:00:00+00:00,2425,0,0.4541658404695831,0.573389651531151,0.2062666106494428,0.32877569248301475,0.6054400864984734,0.8518842152249281
btts,787e92b8d50e9d96,2025-01-01 17:30:00+00:00,2425,1,0.5371543920822859,0.5727848101265823,0.21422605676871834,0.1825128184585803,0.6214697172628096,0.5572451823210862
btts,23823f30b0383b58,2025-01-04 12:30:00+00:00,2425,1,0.5664039896909914,0.5732349841938883,0.1880055001558899,0.18212837871599077,0.5684476926814762,0.5564595517539852
btts,6062473be40fccee,2025-01-04 15:00:00+00:00,2425,1,0.5231858976244128,0.5736842105263158,0.22735168822423693,0.18174515235457064,0.6478184332841957,0.5556761899313424
btts,654266b9450be987,2025-01-04 15:00:00+00:00,2425,1,0.5097401016124529,0.5741324921135647,0.24035476796696803,0.1813631342734031,0.6738542878378274,0.5548950868004853
btts,7cdca9725121cb27,2025-01-04 15:00:00+00:00,2425,1,0.5288213169819111,0.5745798319327731,0.22200935133066066,0.1809823193983476,0.6371046792641429,0.5541162323693842
btts,a48821fbced57f70,2025-01-04 15:00:00+00:00,2425,0,0.4695332650498445,0.5750262329485835,0.2204614869883675,0.3306551685790386,0.6339980279833906,0.855727836547663
btts,f1d825d9241fcb64,2025-01-04 15:00:00+00:00,2425,0,0.4584758850907568,0.5744234800838575,0.21020013720975286,0.3299623344716498,0.6133676799976051,0.8543105118465539
btts,9fc9b192ba17c182,2025-01-04 17:30:00+00:00,2425,1,0.4429231942490876,0.5738219895287958,0.3103345675056397,0.1816276966091938,0.8143589003813239,0.5554360535327147
btts,a8584f8433d0a8ac,2025-01-05 14:00:00+00:00,2425,1,0.3874110407614654,0.5742677824267782,0.37526523298095105,0.18124792107981305,0.9482690287729496,0.5546594715418707
btts,469021753d8de337,2025-01-05 16:30:00+00:00,2425,1,0.5242638407623278,0.5747126436781609,0.2263248932062118,0.18086933544721895,0.645760208475977,0.5538851132264377
btts,d482841eebe46029,2025-01-06 20:00:00+00:00,2425,0,0.4972960598031186,0.5751565762004175,0.2473033710957069,0.33080508714658663,0.6877538702461305,0.8560345925282654
btts,0d0dde680147e0c9,2025-01-14 19:30:00+00:00,2425,1,0.5150895471098316,0.5745568300312826,0.23513814732214824,0.181001890873031,0.6634145155502399,0.5541562657305238
btts,46a53297da58c4f6,2025-01-14 19:30:00+00:00,2425,1,0.5023273604337841,0.575,0.2476780561728046,0.18062500000000004,0.6885032594054221,0.5533852381847867
btts,a5e9944faad80642,2025-01-14 19:30:00+00:00,2425,1,0.5298052192159991,0.5754422476586889,0.22108313187651465,0.18024928507310606,0.6352458508978649,0.5526164074479576
btts,18476086bc02f3fd,2025-01-14 20:00:00+00:00,2425,1,0.5648904808103804,0.5758835758835759,0.18932029368942194,0.17987474120530256,0.5711234058986192,0.5518497639184228
btts,909150dd0962a063,2025-01-15 19:30:00+00:00,2425,0,0.5798150347024442,0.5763239875389408,0.3361854744669966,0.33214933861278517,0.8670602710838988,0.8587862373939638
btts,a1d540444a684840,2025-01-15 19:30:00+00:00,2425,0,0.4387889497564869,0.5757261410788381,0.1925357424284008,0.33146058952153024,0.5776582405636624,0.8573761385677438
btts,c33832e43cced13d,2025-01-15 19:30:00+00:00,2425,0,0.5147035816172091,0.5751295336787565,0.264919776929583,0.33077398050954393,0.7229954028108712,0.8559709416406326
btts,142b01fe98faac3a,2025-01-15 20:00:00+00:00,2425,1,0.500389489676001,0.5745341614906833,0.24961066202620666,0.18102117973843598,0.6923685044548867,0.5541957204660835
btts,5f397df60de9a1e6,2025-01-16 19:30:00+00:00,2425,0,0.4719019352426631,0.5749741468459152,0.2226914364857706,0.33059526954118806,0.6384732838142392,0.8556052809570597
btts,7df2648683cffd99,2025-01-16 20:00:00+00:00,2425,1,0.427949886446619,0.5743801652892562,0.32724133241643605,0.1811522436992009,0.8487491779971893,0.5544637930259947
btts,0fdb5b4d7d1a6164,2025-01-18 12:30:00+00:00,2425,1,0.6129716366903993,0.5748194014447885,0.14979095400610826,0.18077854138776792,0.4894366137894843,0.5536993719634822
btts,3e83abaf2ed36355,2025-01-18 15:00:00+00:00,2425,0,0.4986469642344387,0.5752577319587628,0.2486487949402216,0.33092145817833984,0.6904447638484044,0.856272722147902
btts,8ef28ed0e12724d4,2025-01-18 15:00:00+00:00,2425,0,0.5458500695370848,0.5746652935118435,0.29795229841364035,0.3302401995670532,0.7893278921487227,0.8548788753302922
btts,98c1dc26d7823b58,2025-01-18 15:00:00+00:00,2425,0,0.5533648165723807,0.5740740740740741,0.30621262022018453,0.3295610425240055,0.8060131620530032,0.8534898306351247
btts,4a0c22c54f6191a0,2025-01-18 17:30:00+00:00,2425,1,0.5015980238062739,0.5734840698869476,0.24840452987381148,0.18191583864020225,0.6899562294513427,0.5560251198046942
btts,a5df23ce0e9f43fc,2025-01-19 14:00:00+00:00,2425,1,0.462391366208583,0.5739219712525667,0.2890230431270739,0.18154248658129857,0.7713436334925284,0.5552618304874359
btts,a8803a5a15d98ea5,2025-01-19 14:00:00+00:00,2425,1,0.395725285808844,0.5743589743589743,0.3651479302108032,0.18117028270874427,0.9270350311695346,0.5545006872686523
btts,aa04f8d26814420d,2025-01-19 14:00:00+00:00,2425,1,0.5558050769496554,0.5747950819672131,0.19730912966370154,0.18079922231926904,0.5873376272252488,0.5537416808903962
btts,62513c404fb19b73,2025-01-19 16:30:00+00:00,2425,0,0.4762167920117752,0.5752302968270215,0.22678243299398634,0.3308898943877033,0.6466774054822954,0.8562081318120845
btts,8d0aabeada81a052,2025-01-20 20:00:00+00:00,2425,1,0.4528072873700545,0.5746421267893661,0.2994198647553181,0.1809293203022737,0.7922886582075331,0.5540078201411262
btts,a39f27441132658f,2025-01-25 15:00:00+00:00,2425,1,0.4372226541827912,0.575076608784474,0.31671834096506213,0.180559888402103,0.8273127075016177,0.55325201439082
btts,a5a592eb9e7c83cf,2025-01-25 15:00:00+00:00,2425,0,0.5495509277494687,0.5755102040816327,0.30200622219030177,0.3312119950020825,0.7975102554926892,0.8568673114033544
btts,d3434940ae434a7f,2025-01-25 15:00:00+00:00,2425,1,0.5018575547536263,0.5749235474006116,0.24814589575603646,0.18068999055448012,0.6894389550274729,0.5535182080673042
btts,df3e6dd48b54e8c1,2025-01-25 15:00:00+00:00,2425,0,0.4418351525251188,0.575356415478615,0.195218302006895,0.3310350048324007,0.5831009346481463,0.8565050865556644
btts,ee9c3c083717c472,2025-01-25 15:00:00+00:00,2425,0,0.4302174795385479,0.5747711088504578,0.18508707970050087,0.3303618275691848,0.5625005340096944,0.8551276876224102
btts,2f58c315d21fa9be,2025-01-25 17:30:00+00:00,2425,1,0.5992676550765051,0.5741869918699187,0.16058641226788284,0.18131671789278866,0.512046944146686,0.5548001659058124
btts,184f679aef8ea593,2025-01-26 14:00:00+00:00,2425,1,0.5051757016808762,0.5746192893401015,0.2448510862070132,0.18094874900152025,0.6828489860977919,0.5540475629689059
btts,accf7f40e98ef30e,2025-01-26 14:00:00+00:00,2425,1,0.5008554642481337,0.5750507099391481,0.24914526757094618,0.18058189912322206,0.6914377140345235,0.5532970508748833
btts,b6a3524c2331449f,2025-01-26 16:30:00+00:00,2425,1,0.4742726521655082,0.5754812563323202,0.27638924426108874,0.18021616372518526,0.7459729071210582,0.5525486207123302
btts,f67db7445bccca4c,2025-01-26 19:00:00+00:00,2425,0,0.456067050188412,0.5759109311740891,0.2079971542675595,0.33167340064580636,0.6089292937454118,0.8578117778257301
btts,7c3e625d04889599,2025-02-01 12:30:00+00:00,2425,0,0.5753546050384406,0.5753286147623863,0.33103292153894,0.33100301496440626,0.8565008231300973,0.8564396203452982
btts,a31183cd55759bec,2025-02-01 15:00:00+00:00,2425,0,0.4413475266139396,0.5747474747474748,0.19478763924824213,0.33033465972859916,0.5822276925644905,0.8550721094462543
btts,b493518644add315,2025-02-01 15:00:00+00:00,2425,0,0.6054481084578204,0.574167507568113,0.36656741203515264,0.32966832674697905,0.9300046098504867,0.8537092202939761
btts,bddc85da190363ae,2025-02-01 15:00:00+00:00,2425,1,0.5597637171819708,0.5735887096774194,0.19380798470943578,0.18182658851456815,0.5802405178955952,0.5558426731585419
btts,dc2361effe6a0bd0,2025-02-01 15:00:00+00:00,2425,1,0.4724812373557705,0.5740181268882175,0.27827604494169894,0.18146055621982274,0.7497572421367313,0.5550943032165767
btts,aa33c9632f3032dd,2025-02-01 17:30:00+00:00,2425,0,0.5032164440517755,0.5744466800804829,0.25322678956411365,0.3299889882554887,0.6996008488538705,0.8543650276102962
btts,4803443d1565a154,2025-02-02 14:00:00+00:00,2425,0,0.5143057450194213,0.5738693467336683,0.264510399359982,0.3293260271205272,0.7221759580294467,0.8530092819266349
btts,fd57ea7e23b9d145,2025-02-02 14:00:00+00:00,2425,0,0.6346088302503206,0.5732931726907631,0.40272836743168017,0.3286650618538411,1.006786801313595,0.8516580886601814
btts,a19d902124c79d84,2025-02-02 16:30:00+00:00,2425,1,0.5444636919344732,0.5727181544633901,0.20751332796597055,0.18256977552517134,0.6079540203118187,0.5573615603058282
btts,f17eeb7fce3ec9af,2025-02-03 20:00:00+00:00,2425,1,0.3954995139979181,0.5731462925851704,0.36542083757675325,0.182204087533785,0.9276057206047206,0.5566142849316661
btts,2eda59d1c92f5a03,2025-02-12 19:30:00+00:00,2425,1,0.6090919042927906,0.5735735735735735,0.1528091392894368,0.1818394971548125,0.4957861124892482,0.555869061933814
btts,41b7ebf646cfe57d,2025-02-14 20:00:00+00:00,2425,0,0.5353243134673499,0.574,0.2865721205892895,0.32947599999999994,0.7664155650418863,0.8533159327127665
btts,ad51c24c3c4a99ea,2025-02-15 12:30:00+00:00,2425,0,0.4461264801913959,0.5734265734265734,0.19902883632796395,0.3288180351117414,0.5908189218946636,0.851970766086596
btts,39eb00bcb82626bf,2025-02-15 15:00:00+00:00,2425,1,0.4112246235165113,0.5728542914171657,0.34665644395327383,0.1824534563607316,0.8886156845413595,0.5571238853252436
btts,729cb15b0005486b,2025-02-15 15:00:00+00:00,2425,1,0.4646825968325063,0.5732801595214357,0.2865647221339889,0.18208982225805134,0.7664006939206406,0.556380747164585
btts,b049421135ee6d8d,2025-02-15 15:00:00+00:00,2425,0,0.6497901943463129,0.5737051792828686,0.4222272966686191,0.3291376327359884,1.0492228593690784,0.8526241046698778
btts,b3de8bc28daa6010,2025-02-15 15:00:00+00:00,2425,1,0.3520806596715026,0.573134328358209,0.41979947157171527,0.18221430162619734,1.0438949828401152,0.5566351597972848
btts,d549d31460336ca7,2025-02-15 15:00:00+00:00,2425,0,0.4809426879490335,0.5735586481113321,0.23130586909164141,0.32896952282329883,0.6557409740690878,0.8522804317316677
btts,39db3751eea3c840,2025-02-15 17:30:00+00:00,2425,1,0.4097190333798199,0.5729890764647467,0.3484316195540541,0.18233832881842993,0.8922836386379571,0.5568886262104629
btts,f99d66f12dd30871,2025-02-16 14:00:00+00:00,2425,1,0.4973354066809202,0.5734126984126984,0.252671693376636,0.18197672587553543,0.6984906179657664,0.5561495799589365
btts,7eb46411119c7372,2025-02-16 16:30:00+00:00,2425,0,0.5728049798136384,0.5738354806739346,0.3281055448993027,0.3292871588802856,0.8505146482712249,0.852929811666001
btts,faf45df349262a10,2025-02-19 19:30:00+00:00,2425,1,0.5544238895970673,0.5732673267326732,0.19853807016180644,0.18210077443387906,0.5898257411310288,0.55640313226231
btts,7fb3c18caf573a31,2025-02-21 20:00:00+00:00,2425,0,0.5453771880329786,0.5736894164193868,0.2974362772267589,0.32911954651161657,0.7882871885168733,0.8525871289167236
btts,20cad9aafaf1cea0,2025-02-22 12:30:00+00:00,2425,1,0.4569569018014529,0.5731225296442688,0.2948958065010769,0.18222437469730818,0.783166199315287,0.5566557463069458
btts,7bba60ae77063c2a,2025-02-22 15:00:00+00:00,2425,0,0.4441228202114836,0.5735439289239882,0.19724507943260178,0.3289526384055648,0.58720790879442,0.8522459160045732
btts,b4b2ad7be6735b05,2025-02-22 15:00:00+00:00,2425,0,0.4330753081291014,0.5729783037475346,0.18755422251111611,0.32830413656540197,0.5675288026453962,0.8509204561486388
btts,da7c9baef94d0d50,2025-02-22 15:00:00+00:00,2425,0,0.4526591040796243,0.5724137931034483,0.20490026450616813,0.32765755053507734,0.6026834605828254,0.849599357375483
btts,de24e1829dc31ab9,2025-02-22 15:00:00+00:00,2425,1,0.6018747392329892,0.5718503937007874,0.15850372326080037,0.18331208537417076,0.5077059296875951,0.558877871286516
btts,ff3236a0755040b3,2025-02-22 15:00:00+00:00,2425,0,0.3755451054850474,0.5722713864306784,0.14103412625377537,0.32749453972729087,0.47087617858228975,0.8492663649598757
btts,d4198cc9fd53c273,2025-02-22 17:30:00+00:00,2425,1,0.4779897694275622,0.5717092337917485,0.27249468082228967,0.1834329804192511,0.7381659495909345,0.5591247493790302
btts,aa8ed40c659e50b2,2025-02-23 14:00:00+00:00,2425,1,0.5029223050920527,0.5721295387634936,0.24708623477499833,0.18307313159874072,0.68731958385071,0.5583898468722325
btts,9263e239b81968d3,2025-02-23 16:30:00+00:00,2425,0,0.627682615791531,0.5725490196078431,0.39398546616689867,0.3278123798539023,0.9880086051069259,0.8499156629292823
btts,563fac4c5badd11a,2025-02-25 19:30:00+00:00,2425,1,0.5220656684306494,0.5719882468168462,0.22842122529264197,0.18319406086291692,0.6499618974205725,0.5586368353364385
btts,575d425aa38df390,2025-02-25 19:30:00+00:00,2425,1,0.4330195133786239,0.5724070450097848,0.32146687220941245,0.1828357351572642,0.836972486455521,0.5579049235317931
btts,91c13637c1486404,2025-02-25 19:30:00+00:00,2425,1,0.5269528545901625,0.5728250244379277,0.22377360178039593,0.18247845974645704,0.6406441944232738,0.5571749763746138
btts,d93453512e7142b3,2025-02-25 20:15:00+00:00,2425,0,0.4265002374452243,0.5732421875,0.1819024525408327,0.32860660552978516,0.5559977564410873,0.8515386105038629
btts,962bff51f4f5d4a4,2025-02-26 19:30:00+00:00,2425,0,0.5665279389870659,0.5726829268292682,0.32095390565293264,0.327965734681737,0.835927934635671,0.8502289811960623
btts,bc13201d5de40089,2025-02-26 19:30:00+00:00,2425,0,0.5416547270978753,0.5721247563352827,0.2933898433874738,0.3273267368117066,0.7801325079205976,0.8489236126555436
btts,eb720ac6d2a1f604,2025-02-26 19:30:00+00:00,2425,1,0.4987776729972976,0.5715676728334956,0.25122382108600394,0.18355425896130664,0.6955948276109222,0.5593723901004618
btts,fd0169b75e7a5478,2025-02-26 19:30:00+00:00,2425,1,0.4283715233932846,0.5719844357976653,0.32675911526771423,0.18319732319944287,0.847764414622376,0.5586434981164835
btts,0088266e838576c0,2025-02-26 20:15:00+00:00,2425,0,0.5228688536963945,0.5724003887269193,0.27339183816578155,0.32764220501472835,0.7399638860429834,0.8495680089217428
btts,d4ee87d33c54a143,2025-02-27 20:00:00+00:00,2425,0,0.3920739885120333,0.5718446601941748,0.153722012467734,0.32700631539259123,0.497702096052631,0.8482692057768355
btts,4955397b71cfe0be,2025-03-08 12:30:00+00:00,2425,0,0.5788292498832786,0.5712900096993211,0.3350433005204389,0.32637227518225037,0.8647169453010024,0.8469746019392619
btts,161b7cfa7b519343,2025-03-08 15:00:00+00:00,2425,1,0.5701545917235887,0.5707364341085271,0.1847670750163147,0.18426720900186286,0.5618477413751319,0.5608277623899213
btts,5dc07f365321e7d1,2025-03-08 15:00:00+00:00,2425,1,0.3394180668455628,0.5711519845111326,0.43636849041005327,0.18391062038873987,1.0805226958793734,0.5600999322198735
btts,fac3eb035e8a5d2b,2025-03-08 15:00:00+00:00,2425,0,0.315039608001888,0.5715667311411993,0.09924995460998326,0.326688528147436,0.3783942642922287,0.8476202850232389
btts,460a8981adb434af,2025-03-08 17:30:00+00:00,2425,0,0.4698229922474922,0.5710144927536231,0.2207336440443871,0.32605755093467753,0.6345443513023131,0.8463321432672446
btts,4828459bc8702e86,2025-03-08 20:00:00+00:00,2425,1,0.4380758744362035,0.5704633204633205,0.3157587228906374,0.1845017590673961,0.825363154301754,0.5613064054133301
btts,11f23c4c4dfc75c9,2025-03-09 14:00:00+00:00,2425,1,0.5116892135282967,0.570877531340405,0.23844742418461345,0.1841460931085051,0.6700378430721904,0.5605805733455217
btts,ffae2d55c484a252,2025-03-09 14:00:00+00:00,2425,0,0.3826150270797978,0.571290944123314,0.1463942589472744,0.3263733428373075,0.4822625065037688,0.8469767815595937
btts,4a4df98cde4c0369,2025-03-09 16:30:00+00:00,2425,1,0.4915208221216754,0.5707410972088547,0.2585510743358169,0.18426320562545795,0.7102509758534526,0.5608195921015019
btts,bb3f78e51daacff8,2025-03-10 20:00:00+00:00,2425,0,0.4579682252477223,0.5711538461538461,0.20973489533654852,0.32621671597633134,0.6124306542566669,0.8466570401153543
btts,3a93db74703223a4,2025-03-15 15:00:00+00:00,2425,1,0.6171917523879286,0.5706051873198847,0.146542154439825,0.18437990515659128,0.48257552153133304,0.5610577492523239
btts,5570d4aede3a0ee1,2025-03-15 15:00:00+00:00,2425,1,0.358300110528483,0.5710172744721689,0.41177874814775717,0.1840261788012865,1.0263843461910003,0.5603358167676825
btts,c48f469269cdd417,2025-03-15 15:00:00+00:00,2425,1,0.4311440558971423,0.5714285714285714,0.32359708514115365,0.18367346938775514,0.8413130083026548,0.5596157879354228
btts,d27b6c5b0b1a78e3,2025-03-15 15:00:00+00:00,2425,1,0.5176421473164312,0.5718390804597702,0.23266909804550345,0.18332177302153516,0.6584711107557804,0.5588976550499819
btts,efd6d9e5ac7ccad7,2025-03-15 17:30:00+00:00,2425,1,0.5044852468413064,0.5722488038277512,0.2455348705979211,0.18297108582678964,0.6842166827452864,0.5581814104482796
btts,5cea77416c0cd47d,2025-03-16 13:30:00+00:00,2425,0,0.4515922528792315,0.5726577437858509,0.20393556286053977,0.32793689151790123,0.6007362046235765,0.8501700500112994
btts,a0876dca4fc88ee9,2025-03-16 13:30:00+00:00,2425,0,0.5509889033518999,0.5721107927411653,0.30358877161692926,0.32731075917092456,0.8007076774069644,0.8488909784555518
btts,4d54c270de3bbada,2025-03-16 19:00:00+00:00,2425,0,0.4864522375865642,0.5715648854961832,0.2366357794529751,0.326686418332265,0.6664122404756472,0.8476159771387333
btts,9c4f363ba6af2b57,2025-04-01 19:45:00+00:00,2425,0,0.4314429728415033,0.5710200190657769,0.18614303881431415,0.3260638621738802,0.5646536591979763,0.8463450256319317
btts,babc86d30739b48d,2025-04-01 19:45:00+00:00,2425,1,0.4514665344840574,0.5704761904761905,0.3008889627909298,0.1844907029478458,0.795254029616234,0.5612838450361197
btts,8a98f5542e933751,2025-04-01 20:00:00+00:00,2425,0,0.5659394292019584,0.570884871550904,0.3202874375254385,0.3259095365656921,0.8345711905691011,0.8460300313742729
btts,16a96560b54e8bd8,2025-04-02 19:45:00+00:00,2425,0,0.5322556301881656,0.5703422053231939,0.2832960558670013,0.32529023117292427,0.7598333506468593,0.8447662134654239
btts,412c1260eee7f437,2025-04-02 19:45:00+00:00,2425,1,0.4590821102159659,0.5698005698005698,0.29259216348841244,0.1850715497439144,0.7785261955609826,0.5624688569178291
btts,50ddc3d05a5ce462,2025-04-02 19:45:00+00:00,2425,1,0.6100173730372364,0.5702087286527514,0.15208644933277807,0.18472053692628426,0.49426784183142664,0.5617527945661
btts,82c7beb0b408ddd5,2025-04-02 19:45:00+00:00,2425,1,0.4079023015050295,0.5706161137440758,0.350579684563041,0.18437052177624041,0.8967275903479193,0.5610386006013458
btts,9fe47d614ee2b2c2,2025-04-02 19:45:00+00:00,2425,0,0.3646297281156629,0.5710227272727273,0.13295483862570226,0.3260669550619835,0.45354734469963487,0.8463513387831728
btts,e95a96ddff375c8c,2025-04-02 20:00:00+00:00,2425,0,0.5366466534324958,0.5704824976348155,0.2879896306402973,0.3254502801076573,0.7692653484277601,0.8450927878288896
btts,a4687d0dce4ffad2,2025-04-03 20:00:00+00:00,2425,0,0.5162013766051421,0.5699432892249527,0.26646386120904375,0.3248353529325581,0.7260865262115442,0.8438381934672943
btts,2602857e0dc999fa,2025-04-05 12:30:00+00:00,2425,1,0.4270003303103967,0.5694050991501416,0.32832862146439457,0.18541196863789938,0.8509704921931637,0.5631631488742211
btts,0a10604b55d3ed3b,2025-04-05 15:00:00+00:00,2425,1,0.4627250907964335,0.569811320754717,0.2886643280597006,0.18506229975080102,0.770622157618222,0.562449989171298
btts,d730a934dae81071,2025-04-05 15:00:00+00:00,2425,1,0.4203782997429505,0.5702167766258247,0.335961315408873,0.18471361909389625,0.8666002594301783,0.5617386805831417
btts,d80129df22ecd077,2025-04-05 15:00:00+00:00,2425,1,0.5440703491438592,0.5706214689265536,0.20787184652980245,0.18436592294679055,0.6086767222079293,0.5610292157325698
btts,d728c538eafc426f,2025-04-05 17:30:00+00:00,2425,1,0.5396320687914571,0.5710253998118533,0.2119386320852337,0.1840192076065803,0.6168677257409011,0.5603215872824496
btts,17826bfa57401170,2025-04-06 14:00:00+00:00,2425,1,0.4240839059013195,0.5714285714285714,0.3316793474418802,0.18367346938775514,0.8578239520513782,0.5596157879354228
btts,4d9c7114944893cf,2025-04-06 14:00:00+00:00,2425,1,0.4467923104824988,0.571830985915493,0.306038747741292,0.18332870462209877,0.8056614221355046,0.5589118104336285
btts,ed3b6bddf7f450fd,2025-04-06 14:00:00+00:00,2425,0,0.4437560648570008,0.5722326454033771,0.19691944509737072,0.3274502004653472,0.5865483486748357,0.8491757952114038
btts,8649589a57d134ff,2025-04-06 16:30:00+00:00,2425,0,0.5524058952775948,0.5716963448922212,0.305152273137441,0.32683671076312554,0.8038684734925752,0.8479228604075487
btts,2e6947a7fef66b0b,2025-04-07 20:00:00+00:00,2425,0,0.5178113562531644,0.5711610486891385,0.2681286006647416,0.32622494353967646,0.7294198644314406,0.8466738354059551
btts,7fddc9dde65fabd1,2025-04-12 12:30:00+00:00,2425,1,0.51458543891417,0.5706267539756782,0.235627296114149,0.1843613844014628,0.6643936754653205,0.5610199538576883
btts,6ae369b1f336f29f,2025-04-12 15:00:00+00:00,2425,0,0.4992500301847843,0.5710280373831775,0.24925059263950805,0.3260730194776836,0.6916483647153612,0.8463637173954066
btts,c1ee8b012774f248,2025-04-12 15:00:00+00:00,2425,0,0.5883494487674996,0.5704948646125116,0.34615507386502065,0.325464390549248,0.8875804661580681,0.845121580964608
btts,e0b77e3950509adb,2025-04-12 15:00:00+00:00,2425,1,0.3640237205969019,0.5699626865671642,0.40446582796340746,0.18493209094453106,1.0105362469936336,0.5621843824591519
btts,0d81e379a211b2a2,2025-04-12 17:30:00+00:00,2425,1,0.4923602357670955,0.570363466915191,0.25769813023043886,0.18458755056113416,0.7085446438891219,0.5614814601183724
btts,1eb17dfcf40f69f2,2025-04-13 14:00:00+00:00,2425,1,0.4533342547379618,0.5707635009310987,0.29884343704289973,0.18424397213292687,0.7911255564120048,0.5607803391325985
btts,21853fe975321e41,2025-04-13 14:00:00+00:00,2425,1,0.4027110647079612,0.5711627906976744,0.35675407222229727,0.18390135208220662,0.90953593519735,0.5600810124146207
btts,9ae63c53e70ebbac,2025-04-13 14:00:00+00:00,2425,1,0.4733198667687289,0.5715613382899628,0.27739196274050953,0.1835596868478877,0.7479838679482641,0.5593834729152118
btts,30f5382b093bf33b,2025-04-13 16:30:00+00:00,2425,1,0.567988237102563,0.5719591457753017,0.18663416328175136,0.18321897288540942,0.5656545698019004,0.5586877136228688
btts,3377c600d7f0c348,2025-04-14 20:00:00+00:00,2425,0,0.4758361337448934,0.5723562152133581,0.2264200261772881,0.3275916370933599,0.6459509216874938,0.849464708472294
btts,f89118e9c6b4f099,2025-04-16 19:30:00+00:00,2425,0,0.5621874756550255,0.571825764596849,0.31605475778336983,0.32698470505677096,0.8259644868448749,0.8482250741763959
btts,3046fed6033f7162,2025-04-19 15:00:00+00:00,2425,1,0.4235810242074019,0.5712962962962963,0.33225883565378783,0.18378686556927298,0.8590104627469424,0.5598472962128775
btts,3bc82da0fcbb35ba,2025-04-19 15:00:00+00:00,2425,0,0.4163900859059676,0.5716928769657724,0.17338070364077907,0.3268327455734018,0.5385224746538905,0.8479147635529741
btts,b62743a630921b0a,2025-04-19 15:00:00+00:00,2425,1,0.3191787818683405,0.5711645101663586,0.4635175310582767,0.18389987734085916,1.1420038884594457,0.560078001948736
btts,d5772e9089e33982,2025-04-19 15:00:00+00:00,2425,0,0.5967386475736138,0.5715604801477377,0.35609701350798567,0.3266813824667125,0.9081704100447902,0.8476056947747354
btts,19acd6c5fc4eb8c0,2025-04-19 17:30:00+00:00,2425,1,0.5462954387596206,0.5710332103321033,0.20584782889032519,0.18401250663798152,0.6045953529478844,0.5603079093149954
btts,479f87895bd0a938,2025-04-20 14:00:00+00:00,2425,0,0.4914138599522007,0.5714285714285714,0.24148758175312113,0.32653061224489793,0.6761206775494739,0.8472978603872036
btts,aefb371667d84cdd,2025-04-20 14:00:00+00:00,2425,1,0.496016484189954,0.570902394106814,0.25399938420825496,0.18412475538326398,0.7011461185555157,0.5605370224547436
btts,b87fd05cc702a003,2025-04-20 14:00:00+00:00,2425,0,0.4731782837341175,0.5712971481140754,0.22389768819756503,0.3263804314432758,0.6408930869826197,0.8469912529955634
btts,f4661c2336ebd6a5,2025-04-20 16:30:00+00:00,2425,0,0.4584398231825833,0.5707720588235294,0.21016707147967825,0.3257807431336506,0.6133010888588315,0.8457671697469907
btts,ad708351114f2858,2025-04-21 20:00:00+00:00,2425,1,0.556524365946896,0.5702479338842975,0.1966706379988026,0.18468683833071511,0.5860443249538889,0.5616840409994818
btts,8dc6822c60fc0512,2025-04-22 20:00:00+00:00,2425,1,0.5575787663773385,0.5706422018348624,0.19573654796019763,0.18434811884521507,0.5841515006458732,0.56099288248401
btts,194485b9906f3770,2025-04-23 20:00:00+00:00,2425,1,0.4432010254795843,0.5710357470210816,0.3100250980269865,0.1840103303337615,0.8137318297440136,0.5603034670456176
btts,be86c082afdd80f5,2025-04-26 12:30:00+00:00,2425,0,0.513756190792202,0.5714285714285714,0.2639454235773135,0.32653061224489793,0.7210451158368579,0.8472978603872036
btts,5cb0cf7d57971009,2025-04-26 15:00:00+00:00,2425,1,0.4215504931117846,0.5709057639524245,0.33460383201921956,0.1841218634092524,0.8638157148554256,0.5605311198071109
btts,7fa0d19b6a92a0a9,2025-04-26 15:00:00+00:00,2425,0,0.5926667267774858,0.5712979890310786,0.351253849029139,0.3263813922709545,0.898123575490286,0.8469932145356472
btts,a8e57e6062bb6a1c,2025-04-26 15:00:00+00:00,2425,1,0.541798081657659,0.5707762557077626,0.20994899797260136,0.18423302266424801,0.6128618900209488,0.5607579925141997
btts,f1b7a36a39a2947f,2025-04-26 15:00:00+00:00,2425,0,0.3160430350531281,0.5711678832116789,0.09988320000559275,0.3262327508125101,0.3798602800832672,0.8466897728038567
btts,7d9082bb66668513,2025-04-27 14:00:00+00:00,2425,1,0.4427585029535044,0.5706472196900638,0.3105180860306196,0.18434380995987232,0.8147307976396766,0.5609840891751317
btts,33053ba610930f31,2025-04-27 16:30:00+00:00,2425,1,0.526952302051731,0.5710382513661202,0.2237741245341567,0.1840081817910359,0.6406452429776489,0.5602990814365553
btts,8ec9f8f5d3f9fa49,2025-05-01 19:30:00+00:00,2425,0,0.5208507616147398,0.5714285714285714,0.27128551587465444,0.32653061224489793,0.7357431677057646,0.8472978603872036
btts,c6deff879dd12fb8,2025-05-02 20:00:00+00:00,2425,0,0.5171546162847425,0.5709090909090909,0.2674488971446192,0.32593719008264466,0.7280587931093564,0.8460864732009066
btts,fe1f1779625288a2,2025-05-03 12:30:00+00:00,2425,0,0.4857901985106022,0.5703905540417802,0.23599211696897027,0.32534538414008896,0.6651239227034734,0.8448787482307469
btts,03301b290ef04512,2025-05-03 15:00:00+00:00,2425,1,0.3484087899555148,0.5698729582577132,0.4245711050072364,0.1850092720379709,1.054378804828607,0.5623418232446612
btts,2b4d0012be7a52db,2025-05-03 15:00:00+00:00,2425,0,0.546373032118808,0.5702629193109701,0.29852349022670005,0.32519979714106995,0.7904800753349903,0.8445816975584259
btts,b0938dd498d532fd,2025-05-03 17:30:00+00:00,2425,1,0.533716588540907,0.5697463768115942,0.21742021980192985,0.18511818026675064,0.627890313980052,0.5625639701366001
btts,3465a9345c1c6da9,2025-05-04 14:00:00+00:00,2425,1,0.5195121036238469,0.5701357466063348,0.23086861856398083,0.1847832763456932,0.6548651701120555,0.5618807945662748
btts,5f76b14a34463e1b,2025-05-04 14:00:00+00:00,2425,1,0.443701225296997,0.5705244122965641,0.30946832673606256,0.18444928043321163,0.8126038590572571,0.561199319541067
btts,95bd63507ca0f84a,2025-05-04 14:00:00+00:00,2425,1,0.4096324870753245,0.5709123757904245,0.34853380031686687,0.18411618924981785,0.8924948942532983,0.5605195385617795
btts,0a591657a2142712,2025-05-04 16:30:00+00:00,2425,1,0.5174251078832675,0.5712996389891697,0.23287852650147606,0.18378399953081623,0.6588904833815772,0.5598414451630529
btts,968a058dfde4bff5,2025-05-05 20:00:00+00:00,2425,1,0.5305658202871182,0.5716862037871957,0.22036844908270622,0.18345270802622365,0.6338112564526555,0.559165032913141
btts,3eef69a6fa19f4ef,2025-05-10 15:00:00+00:00,2425,0,0.4534008132786151,0.5720720720720721,0.20557229748170958,0.3272664556448341,0.6040394933755097,0.8488004902717388
btts,69ca091c550714c2,2025-05-10 15:00:00+00:00,2425,1,0.4955976177967061,0.5715571557155715,0.2544217631723578,0.18356327081853102,0.701990935944299,0.5593907907469384
btts,7023a2a7f495a373,2025-05-10 15:00:00+00:00,2425,0,0.4167350879139077,0.5719424460431655,0.17366813349861235,0.32711816158583923,0.5391138011788142,0.8484976205791077
btts,a9baaa92db603ff7,2025-05-10 15:00:00+00:00,2425,0,0.4897491809379725,0.5714285714285714,0.23985426022941492,0.32653061224489793,0.6728528720763668,0.8472978603872036
btts,8d81634661b1e806,2025-05-10 17:30:00+00:00,2425,0,0.4338148903289395,0.5709156193895871,0.1881953590711098,0.3259446444629959,0.5688342053589849,0.8461016879957735
btts,995a3e1c466330fe,2025-05-11 12:00:00+00:00,2425,0,0.579337923057665,0.5704035874439461,0.3356324290927689,0.32536025256892354,0.8659254352052772,0.8449090864833038
btts,55bdc7a1dc31b1d1,2025-05-11 14:15:00+00:00,2425,1,0.3309515947730063,0.5698924731182796,0.4476257685367836,0.18499248468030982,1.105783153655568,0.562307579601134
btts,8f6d4d36c6768f38,2025-05-11 14:15:00+00:00,2425,0,0.454323360239959,0.5702775290957923,0.20640971565972757,0.3252164601916023,0.6057287135492948,0.8446156951672642
btts,ce11a7506ebb2bb1,2025-05-11 14:15:00+00:00,2425,0,0.44597282747414,0.5697674418604651,0.19889176284527907,0.32463493780421854,0.5905415455570475,0.8434293836092833
btts,7649d1b48f917606,2025-05-11 16:30:00+00:00,2425,1,0.5319007478202035,0.5692582663092046,0.21911690989128474,0.1855384411429521,0.6312983712935046,0.563421052739762
btts,12bd9b9875eee0a8,2025-05-16 19:30:00+00:00,2425,0,0.402194334484473,0.5696428571428571,0.16176028269140816,0.3244929846938775,0.5144895519013186,0.8431398502385399
btts,48df8ca996645594,2025-05-16 20:15:00+00:00,2425,0,0.4783482130017069,0.5691347011596789,0.22881701288192632,0.32391430806411703,0.6507549884087467,0.8419597694195873
btts,4a82bfe8ceb79aff,2025-05-18 12:00:00+00:00,2425,0,0.3885930785138748,0.5686274509803921,0.15100458066889047,0.32333717800845824,0.4919925488728884,0.8407831793660099
btts,be72641a219f2d14,2025-05-18 14:15:00+00:00,2425,1,0.3969833584656886,0.5681211041852182,0.36362906996732025,0.18651938065019513,0.9238609173959867,0.5654206713936533
btts,3ee5b78bfefc9cfa,2025-05-18 15:00:00+00:00,2425,0,0.5325733696043115,0.5685053380782918,0.28363439401169055,0.3231983194235129,0.7605128828998956,0.8405001395161532
btts,e78efec904266cdc,2025-05-18 15:00:00+00:00,2425,1,0.4912866272059208,0.568,0.25878929565952774,0.18662400000000004,0.7107275593802617,0.5656338602609858
btts,5afa1cf98c32a5e0,2025-05-18 16:30:00+00:00,2425,0,0.388601923204424,0.5683836589698046,0.15101145471817704,0.3230599837839031,0.492007015105136,0.8402181847991419
btts,6524eba76beaf0c6,2025-05-19 20:00:00+00:00,2425,1,0.51777369443003,0.5678793256433008,0.2325422097836621,0.1867282772064885,0.6582170155236954,0.5658463376860587
btts,5c6942e35aefc4c6,2025-05-20 20:00:00+00:00,2425,1,0.4570167189079241,0.5682624113475178,0.29483084354551625,0.18639734545545997,0.7830353047135146,0.5651719751373341
btts,b3e7e625e1e29cb5,2025-05-20 20:00:00+00:00,2425,1,0.5830953115085079,0.5686448184233835,0.17380951928618807,0.18606729267299574,0.5394046214165913,0.5644992604597008
btts,05ffd33965d66965,2025-05-25 16:00:00+00:00,2425,1,0.4755217544590221,0.5690265486725664,0.2750774300457423,0.18573811574907978,0.7433426473407585,0.5638281874687668
btts,10f81c4b392ae4d9,2025-05-25 16:00:00+00:00,2425,1,0.5170217352663105,0.5694076038903625,0.2332680042051659,0.18540981158743897,0.6596703642233489,0.5631587500117669
btts,3c50f191dda3b0d0,2025-05-25 16:00:00+00:00,2425,0,0.4010526926825698,0.5697879858657244,0.1608432623079398,0.32465834883691896,0.5125816524866111,0.8434771356805386
btts,406d338f37a3089b,2025-05-25 16:00:00+00:00,2425,1,0.4233050163699974,0.5692850838481907,0.332577104144009,0.18551533899566017,0.8596622808994497,0.5633739442322339
btts,41f22ad7f2a5cc75,2025-05-25 16:00:00+00:00,2425,0,0.4755304637197211,0.5696649029982364,0.22612922192549295,0.32451810170799006,0.6453679342810451,0.8431910784345502
btts,50d4116e231f1140,2025-05-25 16:00:00+00:00,2425,1,0.5118686644612246,0.5691629955947136,0.23827220073486854,0.18562052436492077,0.6696872015723292,0.5635884261329013
btts,795378518dc011da,2025-05-25 16:00:00+00:00,2425,0,0.5177702331884299,0.5695422535211268,0.26808601437600105,0.32437837854592344,0.7293345838845134,0.8429061098062246
btts,85f8642564312cc8,2025-05-25 16:00:00+00:00,2425,0,0.4355341647126891,0.5690413368513633,0.18969000863197977,0.3238080430455867,0.5718754193013496,0.8417431026458638
btts,94908782f66e9d4e,2025-05-25 16:00:00+00:00,2425,0,0.4489608035645487,0.5685413005272407,0.20156580313732528,0.32323921040520626,0.5959493354528871,0.8405834868917555
btts,d19e3a5138d01354,2025-05-25 16:00:00+00:00,2425,1,0.356410387710224,0.5680421422300264,0.41420758904730415,0.18658759088922477,1.0316724375974757,0.5655596689462815
cards,0418592e50816c57,2022-08-06 12:30:00+00:00,2223,0,0.5148821666930332,0.0,0.26510364557851246,0.0,0.72336346228141,9.992007221626415e-16
cards,40a2d61155560aff,2022-08-06 15:00:00+00:00,2223,0,0.4905424676080596,0.0,0.2406319125270042,0.0,0.6744087813302078,9.992007221626415e-16
cards,6a19ca4ceef99f6f,2022-08-06 15:00:00+00:00,2223,1,0.5101015488430273,0.0,0.2400004924460008,1.0,0.6731454577061167,34.538776394910684
cards,bfcba317ce1b951b,2022-08-06 15:00:00+00:00,2223,0,0.505537759779191,0.25,0.25556842656256307,0.0625,0.7042844903479316,0.2876820724517809
cards,c89b4e952f9649a5,2022-08-06 15:00:00+00:00,2223,0,0.5998970361069865,0.2,0.3598764539299471,0.04000000000000001,0.9160333552658224,0.2231435513142097
cards,acc3ad5e7b131aa7,2022-08-06 17:30:00+00:00,2223,1,0.5503386284658066,0.16666666666666666,0.2021953490500119,0.6944444444444445,0.5972215020941416,1.791759469228055
cards,334321c6222f70cc,2022-08-07 14:00:00+00:00,2223,0,0.5214460869177997,0.2857142857142857,0.27190602156188554,0.08163265306122448,0.736986403417848,0.3364722366212129
cards,6065a38144ba19d6,2022-08-07 14:00:00+00:00,2223,1,0.5002916212549982,0.25,0.24970846378795822,0.5625,0.6925641080697564,1.3862943611198906
cards,f10e2858e9094f23,2022-08-07 16:30:00+00:00,2223,0,0.5239087760740557,0.3333333333333333,0.27448040564741505,0.1111111111111111,0.7421457962093946,0.4054651081081643
cards,60d209a09ed74aab,2022-08-13 12:30:00+00:00,2223,1,0.4442846891673512,0.3,0.30881950669382746,0.48999999999999994,0.8112897302071995,1.2039728043259361
cards,2b9ba559ab19a84e,2022-08-13 15:00:00+00:00,2223,1,0.5182457454289349,0.36363636363636365,0.23208716179732264,0.4049586776859504,0.6573057371954891,1.0116009116784799
cards,43f6726623cc3f88,2022-08-13 15:00:00+00:00,2223,1,0.38050373766744,0.4166666666666667,0.3837756190440119,0.3402777777777777,0.96625927868675,0.8754687373538999
cards,895eeb30794f4954,2022-08-13 15:00:00+00:00,2223,1,0.5641881054990063,0.46153846153846156,0.18993200738854524,0.28994082840236685,0.5723675627013304,0.7731898882334817
cards,8efc7747ec930b92,2022-08-13 15:00:00+00:00,2223,0,0.4558820007910655,0.5,0.20782839864526503,0.25,0.6085891453372932,0.6931471805599453
cards,d765b86dad193566,2022-08-13 15:00:00+00:00,2223,0,0.4714181994849515,0.4666666666666667,0.22223511880563354,0.2177777777777778,0.6375577070016176,0.6286086594223742
cards,13b4b309b38c6ae5,2022-08-13 17:30:00+00:00,2223,1,0.4985136404396869,0.4375,0.2514885688250557,0.31640625,0.6961243269863246,0.8266785731844679
cards,58274714f09633e8,2022-08-14 14:00:00+00:00,2223,1,0.6871148931338014,0.47058823529411764,0.09789709009867253,0.28027681660899656,0.3752537618288257,0.7537718023763802
cards,c3897016bf0b2659,2022-08-14 16:30:00+00:00,2223,0,0.4681150968667288,0.5,0.2191317439145469,0.25,0.6313281605408388,0.6931471805599453
cards,2814f022f06ad94c,2022-08-15 20:00:00+00:00,2223,1,0.4261901271030777,0.47368421052631576,0.3292577702339821,0.27700831024930755,0.8528697245247451,0.7472144018302211
cards,f031596e0bff32c4,2022-08-20 12:30:00+00:00,2223,1,0.5219716985219928,0.5,0.22851105701394858,0.25,0.6501419099601327,0.6931471805599453
cards,99fc723cd927e861,2022-08-20 15:00:00+00:00,2223,1,0.5526639860394004,0.5238095238095238,0.2001095093861578,0.22675736961451246,0.5930050823176735,0.6466271649250525
cards,d1c70110c4be7099,2022-08-20 15:00:00+00:00,2223,0,0.5145089426548977,0.5454545454545454,0.26471945207186076,0.29752066115702475,0.7225944108949556,0.78845736036427
cards,e95e34dc0156a5cf,2022-08-20 15:00:00+00:00,2223,1,0.5353425588663133,0.5217391304347826,0.2159065376009055,0.2287334593572779,0.6248484400423792,0.6505875661411494
cards,fea1454f5cb0c175,2022-08-20 15:00:00+00:00,2223,1,0.5355330032693071,0.5416666666666666,0.2157295910520295,0.21006944444444448,0.624492760238422,0.6131044728864089
cards,eda40560fd002695,2022-08-20 17:30:00+00:00,2223,0,0.5045059869233632,0.56,0.25452629084151673,0.31360000000000005,0.7022000078751263,0.8209805520698303
cards,29a03393c79eddad,2022-08-21 14:00:00+00:00,2223,0,0.5961531635844769,0.5384615384615384,0.35539859445178007,0.28994082840236685,0.9067195906876612,0.7731898882334817
cards,487561f2b44e88ed,2022-08-21 14:00:00+00:00,2223,0,0.4593637464069893,0.5185185185185185,0.21101505151306477,0.2688614540466392,0.6150085856180547,0.7308875085427923
cards,9835b98e3024196d,2022-08-21 16:30:00+00:00,2223,1,0.5099189757756327,0.5,0.24017941030480486,0.25,0.6735034369132753,0.6931471805599453
cards,820be1cbe16a9612,2022-08-22 20:00:00+00:00,2223,1,0.4812763304707481,0.5172413793103449,0.2690742453298925,0.23305588585017833,0.7313136822103369,0.6592456288842639
cards,6384186621b31b04,2022-08-27 12:30:00+00:00,2223,0,0.4919704093922497,0.5333333333333333,0.24203488371757775,0.28444444444444444,0.6772155838722206,0.7621400520468967
cards,57d1cff4f5395f20,2022-08-27 15:00:00+00:00,2223,1,0.4727429537336931,0.5161290322580645,0.27799999283747046,0.2341311134235172,0.7492034764014108,0.661398482245365
cards,8d72f1364be45812,2022-08-27 15:00:00+00:00,2223,0,0.4101644181570626,0.53125,0.1682348499221217,0.2822265625,0.5279114557619002,0.7576857016975165
cards,9e76937ffa74608a,2022-08-27 15:00:00+00:00,2223,0,0.4951068269145023,0.5151515151515151,0.24513077005734696,0.26538108356290174,0.6834084105287488,0.723918839226699
cards,a207ba0700e2776a,2022-08-27 15:00:00+00:00,2223,1,0.5621282489965649,0.5,0.1917316703268143,0.25,0.5760252540608443,0.6931471805599453
cards,c4df7aa88b88129a,2022-08-27 15:00:00+00:00,2223,0,0.4913686850183025,0.5142857142857142,0.24144318461661576,0.2644897959183673,0.6760318569463581,0.7221347174331975
cards,6665e8d8dbb1523e,2022-08-27 17:30:00+00:00,2223,1,0.451892977623088,0.5,0.3004213079788847,0.25,0.7943099023557313,0.6931471805599453
cards,8f2eea11605df002,2022-08-28 14:00:00+00:00,2223,0,0.534410360813658,0.5135135135135135,0.2855944337449841,0.2636961285609934,0.7644506354191557,0.7205461547480597
cards,b276a1918d8653b9,2022-08-28 14:00:00+00:00,2223,0,0.5225874361403019,0.5,0.2730976284116941,0.25,0.7393742481641735,0.6931471805599453
cards,fb90d04833307d0b,2022-08-28 16:30:00+00:00,2223,1,0.6822018020968048,0.48717948717948717,0.10099569459051841,0.2629848783694937,0.38242976740506074,0.719122666963206
cards,ad3acba892e848f8,2022-08-30 19:30:00+00:00,2223,0,0.4516281243546762,0.5,0.20396796270812287,0.25,0.6008016169903143,0.6931471805599453
cards,d247c8c5c94ff299,2022-08-30 19:30:00+00:00,2223,0,0.5451296057876993,0.4878048780487805,0.2971662871062525,0.23795359904818558,0.7877427484931045,0.6690496289808848
cards,68be1e1790d952e3,2022-08-30 19:45:00+00:00,2223,0,0.4467683681131427,0.47619047619047616,0.19960197474648056,0.22675736961451246,0.5919785009873787,0.6466271649250525
cards,64375450895fb0cc,2022-08-30 20:00:00+00:00,2223,1,0.5190909020931833,0.46511627906976744,0.2312735604495482,0.28610059491617096,0.6556762626111845,0.7654678421395714
cards,6637c2960a7ef9a2,2022-08-31 19:30:00+00:00,2223,1,0.4304533504551006,0.4772727272727273,0.32438338600782046,0.2732438016528925,0.8429163222980565,0.7396671961948381
cards,8dd473cfbb00c83f,2022-08-31 19:30:00+00:00,2223,0,0.5344935017261498,0.4888888888888889,0.28568330338748177,0.23901234567901233,0.764629222590486,0.6711682738411702
cards,eb8a9e9563d6fd0c,2022-08-31 19:30:00+00:00,2223,0,0.4545762370229535,0.4782608695652174,0.20663955526594843,0.2287334593572779,0.6061922397048858,0.6505875661411494
cards,f9b016ddff45cce8,2022-08-31 19:45:00+00:00,2223,1,0.4743806053857587,0.46808510638297873,0.27627574799464155,0.282933454051607,0.7457453145420896,0.7591051483517427
cards,618a965621910884,2022-08-31 20:00:00+00:00,2223,0,0.501695183214612,0.4791666666666667,0.25169805686074315,0.22960069444444448,0.6965433073048373,0.6523251860396904
cards,c953d9c7e3e72b6e,2022-09-01 20:00:00+00:00,2223,1,0.4908271162495514,0.46938775510204084,0.2592570255467478,0.2815493544356517,0.7116633185893395,0.7563260821814769
cards,c2d6c1ef807b9e68,2022-09-03 12:30:00+00:00,2223,1,0.5196220213549567,0.48,0.23076300236709765,0.27040000000000003,0.6546536137231783,0.7339691750802004
cards,04e259f01ec1cc86,2022-09-03 15:00:00+00:00,2223,1,0.5047662147148324,0.49019607843137253,0.24525650208787547,0.2599000384467512,0.6836598980558664,0.712949807856125
cards,433b5827c4bb8308,2022-09-03 15:00:00+00:00,2223,0,0.5996125875947711,0.5,0.35953525520209706,0.25,0.91532266958462,0.6931471805599453
cards,664c559a7f65625f,2022-09-03 15:00:00+00:00,2223,1,0.4746240784868701,0.49056603773584906,0.27601985890577047,0.2595229619081524,0.7452322019925083,0.7121953755306398
cards,8b163f0a273f0021,2022-09-03 15:00:00+00:00,2223,1,0.4415654832619999,0.5,0.31184910948440364,0.25,0.8174289499772103,0.6931471805599453
cards,d53e4018faa1ee5b,2022-09-03 15:00:00+00:00,2223,0,0.5210151190263665,0.509090909090909,0.2714567542540589,0.2591735537190082,0.7360862457987333,0.7114963192281417
cards,e9de2c2eec6cd100,2022-09-03 15:00:00+00:00,2223,1,0.4751004472354616,0.5,0.2755195404924124,0.25,0.7442290294395433,0.6931471805599453
cards,09ed19202e3d2d1e,2022-09-03 17:30:00+00:00,2223,0,0.534362749024597,0.5087719298245614,0.28554354754512445,0.25884887657740846,0.7643483793747792,0.7108467576593462
cards,5cb0716ec320e42b,2022-09-04 14:00:00+00:00,2223,0,0.4717146590876587,0.5,0.22251471959818606,0.25,0.6381187228547215,0.6931471805599453
cards,a04665832a495b83,2022-09-04 16:30:00+00:00,2223,1,0.562831856132269,0.4915254237288136,0.19111598601275712,0.2585463947141626,0.5747743524079874,0.7102416139192453
cards,66d193421bbe59f3,2022-09-16 20:00:00+00:00,2223,1,0.5290798053661055,0.5,0.22176582971402503,0.25,0.6366159976966921,0.6931471805599453
cards,be9b3163ef7bc7b2,2022-09-16 20:00:00+00:00,2223,1,0.6307699019288746,0.5081967213114754,0.13633086532161287,0.24187046492878259,0.4608141391583137,0.676886659688165
cards,0daedd4970aca168,2022-09-17 12:30:00+00:00,2223,0,0.4671153448206762,0.5161290322580645,0.2181967453669392,0.26638917793964617,0.6294502850286348,0.7259370033829361
cards,41e2ed08b8fe0e65,2022-09-17 15:00:00+00:00,2223,1,0.4989476476687657,0.5079365079365079,0.25105345977666327,0.24212648022171834,0.6952541032259801,0.6773988235918061
cards,80e033d9c2fdb4d3,2022-09-17 17:30:00+00:00,2223,0,0.482893673618799,0.515625,0.23318630002105917,0.265869140625,0.65950676530709,0.7248958788745256
cards,b842443e3c14fb7c,2022-09-18 12:00:00+00:00,2223,0,0.5270312976624743,0.5076923076923077,0.27776198871579155,0.2577514792899408,0.7487260610990378,0.7086513670959105
cards,453dac754f601b56,2022-09-18 14:15:00+00:00,2223,1,0.5134545871433694,0.5,0.23672643877182908,0.25,0.66659369141461,0.6931471805599453
cards,040b0c20cc0b4fe2,2022-10-01 12:30:00+00:00,2223,0,0.5330250641832163,0.5074626865671642,0.2841157190475218,0.2575183782579639,0.7614796933814315,0.7081850579244858
cards,35a81f9e39f17f21,2022-10-01 15:00:00+00:00,2223,0,0.6034744705222798,0.5,0.3641814365721459,0.25,0.9250148528987319,0.6931471805599453
cards,61f84454a6871e1d,2022-10-01 15:00:00+00:00,2223,0,0.5313928142053942,0.4927536231884058,0.28237832298912857,0.24280613316530142,0.7579904184237838,0.6787584431078456
cards,822aab19ffe61814,2022-10-01 15:00:00+00:00,2223,1,0.4444774168969857,0.4857142857142857,0.3086053403374454,0.2644897959183673,0.8108560309499058,0.7221347174331976
cards,d1cad35d2d0f3d8f,2022-10-01 15:00:00+00:00,2223,0,0.470385108491579,0.49295774647887325,0.22126215029063453,0.24300733981352907,0.6356051563475142,0.6791609385852054
cards,e8160829396b6276,2022-10-01 15:00:00+00:00,2223,1,0.5485767623231228,0.4861111111111111,0.20378293951467435,0.26408179012345673,0.6004280595180864,0.7213180575266417
cards,40b8261a9a37d10d,2022-10-01 17:30:00+00:00,2223,1,0.4666471584444375,0.4931506849315068,0.284465253595393,0.25689622818540064,0.7621818562540287,0.7069405026922811
cards,3cf3207c6074c27f,2022-10-02 14:00:00+00:00,2223,0,0.3878089398785312,0.5,0.15039577384971023,0.25,0.4907108554499261,0.6931471805599453
cards,3df932e32c71df10,2022-10-02 16:30:00+00:00,2223,1,0.5463940862622442,0.49333333333333335,0.2057583249778644,0.25671111111111106,0.6044147938766521,0.706570200892086
cards,03fa587ecdfa0155,2022-10-03 20:00:00+00:00,2223,1,0.5176234159935225,0.5,0.23268716879775828,0.25,0.6585072972640053,0.6931471805599453
cards,3908ed8ccb348716,2022-10-08 15:00:00+00:00,2223,0,0.4870844113381483,0.5064935064935064,0.23725122376863045,0.25653567212008765,0.6676439918691096,0.706219262127298
cards,415866c0bfdb0e1d,2022-10-08 15:00:00+00:00,2223,0,0.3689156236212427,0.5,0.1360987373518504,0.25,0.4603157068721151,0.6931471805599453
cards,4e40eef512ae6a41,2022-10-08 15:00:00+00:00,2223,0,0.5622730361112526,0.4936708860759494,0.3161509671377659,0.243710943759013,0.8261599330986402,0.6805683983530851
cards,6a1727337d157b90,2022-10-08 15:00:00+00:00,2223,0,0.5570895945384887,0.4875,0.3103488163430578,0.23765624999999999,0.8143877743991561,0.6684545679695739
cards,e4e21405a58d1611,2022-10-08 17:30:00+00:00,2223,0,0.4643704123428728,0.48148148148148145,0.2156398798594897,0.23182441700960216,0.6243124246126263,0.6567795363890703
cards,3599987285a09e0a,2022-10-09 14:00:00+00:00,2223,1,0.4912255258455769,0.47560975609756095,0.25885146555110977,0.2749851279000595,0.710851937201407,0.7431576011346067
cards,c5cbc506376de924,2022-10-09 14:00:00+00:00,2223,1,0.5055430862364306,0.4819277108433735,0.24448763956859387,0.26839889679198725,0.6821220092648164,0.7299611536826617
cards,8d300cfc87372a61,2022-10-09 16:30:00+00:00,2223,0,0.5276279714708898,0.4880952380952381,0.2783912762784861,0.23823696145124715,0.7499884078237005,0.6696166831497513
cards,1967db94bdf1ba14,2022-10-09 19:00:00+00:00,2223,0,0.5461748780052399,0.4823529411764706,0.2983069973640387,0.2326643598615917,0.790043348991135,0.6584616225720554
cards,a1f0a36bc0c672a6,2022-10-10 20:00:00+00:00,2223,1,0.5894502649029298,0.47674418604651164,0.16855108498827448,0.2737966468361277,0.5285649308371462,0.7407752295491999
cards,7427e934e4a27994,2022-10-14 20:00:00+00:00,2223,1,0.4792359467980585,0.4827586206896552,0.2711951991073146,0.26753864447086795,0.7355622208080552,0.7282385003712154
cards,86fc260c91997f23,2022-10-15 12:30:00+00:00,2223,1,0.4700599853310344,0.48863636363636365,0.28083641914734353,0.26149276859504134,0.7548949640579365,0.716136698784644
cards,87c595484bbf16ae,2022-10-15 15:00:00+00:00,2223,1,0.5083345119490905,0.4943820224719101,0.24173495214033902,0.25564953919959604,0.6766155600230479,0.7044467358138787
cards,9784d473aac7a5c7,2022-10-15 15:00:00+00:00,2223,0,0.6282824703024071,0.5,0.39473886248929513,0.25,0.9896210419150137,0.6931471805599453
cards,203804f5e8a564bb,2022-10-15 17:30:00+00:00,2223,1,0.5993247948936593,0.4945054945054945,0.1605406199870082,0.25552469508513465,0.5119515992824681,0.7041970167465302
cards,1a0e06a17c5686e8,2022-10-16 14:00:00+00:00,2223,0,0.5295091756161984,0.5,0.280379967061746,0.25,0.7539788219878828,0.6931471805599453
cards,6d9136e6e6e4466a,2022-10-16 14:00:00+00:00,2223,0,0.5702785139230958,0.4946236559139785,0.3252175834423346,0.2446525609897098,0.8446179869450944,0.6824518914431974
cards,70b4985247152945,2022-10-16 14:00:00+00:00,2223,0,0.4801373735615648,0.48936170212765956,0.2305318974905976,0.2394748755092802,0.6541906822344139,0.6720937713621128
cards,753dbdd2a25bb950,2022-10-16 14:00:00+00:00,2223,1,0.5853440800185504,0.4842105263157895,0.1719395319756623,0.26603878116343493,0.5355554336831505,0.7252354951114458
cards,45e8052eb43ed412,2022-10-16 16:30:00+00:00,2223,1,0.4192234751410285,0.4895833333333333,0.3373013718272636,0.26052517361111116,0.8693511476839145,0.7142005897577777
cards,6160215913f6e98a,2022-10-18 19:30:00+00:00,2223,1,0.4471886728752625,0.4948453608247423,0.3056003633974135,0.25518120948028483,0.8047746864529477,0.7035099675954919
cards,1279dd66ce4a76b1,2022-10-18 20:15:00+00:00,2223,1,0.5272740687076902,0.5,0.22346980611618159,0.25,0.6400348111484413,0.6931471805599453
cards,02f13b38dfb77336,2022-10-19 19:30:00+00:00,2223,0,0.4706852557483425,0.5050505050505051,0.22154460997888262,0.25507601265177027,0.6361720443722999,0.7032995520239634
cards,2abe294a99067555,2022-10-19 19:30:00+00:00,2223,0,0.4483618534050569,0.5,0.20102835158881774,0.25,0.5948629791906808,0.6931471805599453
cards,8ed1750877adbba4,2022-10-19 19:30:00+00:00,2223,1,0.5218792839194463,0.49504950495049505,0.22859941914538148,0.2549750024507401,0.6503189747027874,0.7030975114131134
cards,94e7e707996c0529,2022-10-19 19:30:00+00:00,2223,1,0.4267769392088891,0.5,0.32858467742272957,0.25,0.8514937928585263,0.6931471805599453
cards,92953252a3189aee,2022-10-19 20:15:00+00:00,2223,0,0.5455242926591299,0.5048543689320388,0.29759675388124407,0.2548779338297672,0.788610815988068,0.70290335550531
cards,d0f2fa44d7d07b12,2022-10-20 19:30:00+00:00,2223,0,0.6039216518682624,0.5,0.3647213615952907,0.25,0.9261432384796334,0.6931471805599453
cards,fad27c0e41f9ab00,2022-10-20 20:15:00+00:00,2223,0,0.4378031644717924,0.49523809523809526,0.19167161082151532,0.24526077097505672,0.5759032492551669,0.6836684366054016
cards,506fb4d13410a782,2022-10-22 12:30:00+00:00,2223,0,0.5361138840497309,0.49056603773584906,0.28741809667088836,0.24065503737985047,0.7681161966435008,0.6744550475477927
cards,066d66fcb3503319,2022-10-22 15:00:00+00:00,2223,1,0.4910992261243848,0.48598130841121495,0.2589799976512001,0.26421521530264647,0.7111090817386587,0.7215851158804788
cards,9f89b112e133e1ce,2022-10-22 15:00:00+00:00,2223,1,0.4778424816882111,0.49074074074074076,0.2726484739295262,0.2593449931412895,0.7384741370168034,0.7118393135720978
cards,e8737bf4741c00d6,2022-10-22 17:30:00+00:00,2223,1,0.578903858620687,0.4954128440366973,0.17732196028454633,0.2546081979631344,0.5466188624837606,0.7023638356648693
cards,12df7b3bc1405680,2022-10-23 14:00:00+00:00,2223,0,0.5332037422847535,0.5,0.2843062307864659,0.25,0.761862395492946,0.6931471805599453
cards,58836776e2ba8a6c,2022-10-23 14:00:00+00:00,2223,0,0.5313240161348476,0.4954954954954955,0.28230521012166376,0.2455157860563266,0.7578436152528806,0.684178510577185
cards,652e3649f2fca411,2022-10-23 14:00:00+00:00,2223,0,0.4557010239163617,0.49107142857142855,0.20766342319842046,0.24115114795918366,0.6082565947055409,0.6754476034605444
cards,edee1507d3d5577a,2022-10-23 14:00:00+00:00,2223,0,0.512953468597168,0.48672566371681414,0.26312126094586574,0.23690187172057325,0.7193956134354713,0.6669448081659212
cards,6c20dda2655725a2,2022-10-23 16:30:00+00:00,2223,1,0.5062871959327406,0.4824561403508772,0.24375233289995604,0.267851646660511,0.6806511898130407,0.7288652631620245
cards,e6c861724bf44f89,2022-10-24 20:00:00+00:00,2223,0,0.500155424209867,0.48695652173913045,0.250155448366552,0.23712665406427222,0.6934580773030639,0.6673946844575308
cards,2cfc2dd0a00804eb,2022-10-29 12:30:00+00:00,2223,0,0.4620327992984618,0.4827586206896552,0.2134743076275727,0.2330558858501784,0.619957685917585,0.6592456288842641
cards,00d23535e467a6d3,2022-10-29 15:00:00+00:00,2223,1,0.5580413104576124,0.47863247863247865,0.19532748326202454,0.2718240923369128,0.5833222862629808,0.7368222440626069
cards,171fc9259d1ceb55,2022-10-29 15:00:00+00:00,2223,0,0.4545964344782105,0.4830508474576271,0.20665791824030194,0.23333812122953174,0.6062292711483261,0.6598107602923536
cards,288e3636fd108e11,2022-10-29 15:00:00+00:00,2223,0,0.4093365904826647,0.4789915966386555,0.16755644430797273,0.22943294965044844,0.5265089508615951,0.651989108066438
cards,3a4d4fc064357f99,2022-10-29 15:00:00+00:00,2223,0,0.4857998964460523,0.475,0.23600153938699514,0.225625,0.6651427827619053,0.6443570163905132
cards,ff94fbdd525eac4b,2022-10-29 15:00:00+00:00,2223,1,0.3995438931535283,0.47107438016528924,0.36054753624922153,0.279762311317533,0.9174316495895007,0.752739277762191
cards,3f423520216fcd2a,2022-10-29 17:30:00+00:00,2223,0,0.5798817902252208,0.47540983606557374,0.33626289063480697,0.2260145122278957,0.8672191554601509,0.6451379613735847
cards,06e36ee0f6089907,2022-10-29 19:45:00+00:00,2223,0,0.3671638634127075,0.4715447154471545,0.13480930259614535,0.2223544186661379,0.45754375830061705,0.6377970854767804
cards,8c718abd1610004a,2022-10-30 14:00:00+00:00,2223,0,0.4698914067189136,0.46774193548387094,0.2207979341082795,0.21878251821019767,0.6346734004404881,0.6306268235786113
cards,318297c2b8cff339,2022-10-30 16:15:00+00:00,2223,1,0.5962346436086498,0.464,0.16302646302183407,0.28729600000000005,0.5171209920652972,0.7678707267558817
cards,119013d7a7a9c08d,2022-11-05 15:00:00+00:00,2223,1,0.4733516559598068,0.46825396825396826,0.2773584782802777,0.2827538422776518,0.7479167080299045,0.7587444630457585
cards,a21b39fe55dfc945,2022-11-05 15:00:00+00:00,2223,0,0.4635064952653725,0.47244094488188976,0.2148382711531888,0.2232004464008928,0.6227008237234827,0.6394944670676254
cards,aeaf697f564c2d50,2022-11-05 15:00:00+00:00,2223,1,0.5162133343358838,0.46875,0.23404953787440336,0.2822265625,0.661235160307344,0.7576857016975165
cards,e7c54748e974c5ad,2022-11-05 15:00:00+00:00,2223,1,0.4983711397064185,0.4728682170542636,0.25163151347943746,0.277867916591551,0.6964102190715024,0.7489385401883608
cards,b74e2cb59988667d,2022-11-05 17:30:00+00:00,2223,0,0.4928098105444952,0.47692307692307695,0.24286150936890125,0.22745562130177518,0.6788692186023718,0.6480267452794759
cards,636a52c126217a6d,2022-11-06 12:00:00+00:00,2223,1,0.5309097176486604,0.4732824427480916,0.22004569299645954,0.2774313851174174,0.633163295456318,0.74806293815606
cards,5bb3ef346b1f7748,2022-11-06 14:00:00+00:00,2223,0,0.4928224791806826,0.4772727272727273,0.24287399598579434,0.22778925619834714,0.6788941969924758,0.6486954179891115
cards,7dafef46c5a452d5,2022-11-06 14:00:00+00:00,2223,1,0.514044339350527,0.47368421052631576,0.2361529041172658,0.27700831024930755,0.6654457539195654,0.7472144018302211
cards,9f79d4982b0858d2,2022-11-06 14:00:00+00:00,2223,0,0.5517218471260036,0.47761194029850745,0.3043969965961293,0.22811316551570504,0.802341362280618,0.6493445579015524
cards,4b4ad009e8de936e,2022-11-06 16:30:00+00:00,2223,0,0.4869114144682785,0.4740740740740741,0.2370827255394997,0.2247462277091907,0.6673067673706903,0.6425949013971141
cards,72480d9cf2521d02,2022-11-12 12:30:00+00:00,2223,1,0.4562791835566014,0.47058823529411764,0.29563232623387603,0.28027681660899656,0.7846504121713683,0.7537718023763802
cards,5d36068babf91733,2022-11-12 15:00:00+00:00,2223,1,0.4487193291225821,0.4744525547445255,0.3039103780830559,0.27620011721455595,0.8013576888745841,0.7455936559324878
cards,8c0199201fb036a7,2022-11-12 15:00:00+00:00,2223,0,0.5139453965751692,0.4782608695652174,0.26413987066080796,0.2287334593572779,0.7214343086667488,0.6505875661411494
cards,93e6a44dbb9a70a3,2022-11-12 15:00:00+00:00,2223,0,0.5028568000331157,0.4748201438848921,0.25286496133954495,0.2254541690388696,0.6988771656806078,0.6440144919823005
cards,9594b451ce64d9ad,2022-11-12 15:00:00+00:00,2223,0,0.4207439022751115,0.4714285714285714,0.17702543130168857,0.22224489795918367,0.5460105887938749,0.6375773294051346
cards,d611a29223227b8b,2022-11-12 15:00:00+00:00,2223,1,0.5565518363281811,0.46808510638297873,0.19664627386390832,0.282933454051607,0.5859949655636971,0.7591051483517427
cards,45b5ae6214c09b98,2022-11-12 17:30:00+00:00,2223,1,0.5093047218411183,0.47183098591549294,0.24078185600742227,0.27896250743900014,0.6747087738973315,0.7511344382102947
cards,7339fcf5fdd39b26,2022-11-12 19:45:00+00:00,2223,1,0.4823062278293127,0.4755244755244755,0.26800684174431555,0.27507457577387645,0.7291760392198715,0.7433369250838006
cards,86e29739c5bb559a,2022-11-13 14:00:00+00:00,2223,1,0.4130581982360594,0.4791666666666667,0.34450067865790096,0.27126736111111105,0.884166780122997,0.7357067949787413
cards,6781e1b4aa4679d1,2022-11-13 16:30:00+00:00,2223,0,0.5021976966579903,0.4827586206896552,0.2522025265285908,0.2330558858501784,0.6975522620163415,0.6592456288842641
cards,2e6ae816b7709543,2022-12-26 12:30:00+00:00,2223,1,0.5281685808808344,0.4794520547945205,0.2226248880680057,0.27097016325764695,0.6383397642642402,0.7351113796589775
cards,131b6513f19f2c3e,2022-12-26 15:00:00+00:00,2223,0,0.5573194151986796,0.48299319727891155,0.3106049305573982,0.23328242861770557,0.8149067965388954,0.6596992464924052
cards,b371cce9ebf7de1a,2022-12-26 15:00:00+00:00,2223,0,0.5505065519050761,0.4797297297297297,0.3030574636904163,0.23014061358655952,0.7996340011612894,0.6534068519104311
cards,bcc4b40eb689be0e,2022-12-26 15:00:00+00:00,2223,0,0.5357012830930505,0.47651006711409394,0.28697586470754066,0.22706184406107832,0.7672271474600807,0.6472374792558674
cards,dcbabfbbcd9d494b,2022-12-26 15:00:00+00:00,2223,1,0.4447542494310678,0.47333333333333333,0.3082978435248569,0.2773777777777777,0.810233397830758,0.7479554170549403
cards,45c4fce36bc1455a,2022-12-26 17:30:00+00:00,2223,0,0.6177969392454166,0.4768211920529801,0.38167305814100494,0.22735844919082496,0.9618032389542798,0.6478319843479028
cards,569c7b7c28a76294,2022-12-26 20:00:00+00:00,2223,0,0.4944315713758594,0.47368421052631576,0.24446257877320157,0.22437673130193903,0.6820718814849566,0.6418538861723946
cards,d37a68916b7c058f,2022-12-27 17:30:00+00:00,2223,0,0.4737844189107013,0.47058823529411764,0.22447167560255088,0.22145328719723184,0.6420443002303332,0.6359887667199967
cards,fe881b55237b06fc,2022-12-27 20:00:00+00:00,2223,1,0.5349604906544095,0.4675324675324675,0.21626174525238753,0.28352167313206283,0.6255623840572145,0.7602864833975739
cards,ea266ec48a03226e,2022-12-28 20:00:00+00:00,2223,1,0.5722633808648939,0.47096774193548385,0.1829586153491308,0.2798751300728408,0.5581559375221921,0.7529656757708555
cards,ddb104ae12533116,2022-12-30 19:45:00+00:00,2223,0,0.459474579690403,0.47435897435897434,0.2111168893816725,0.22501643655489809,0.6152136119087146,0.6431367599852839
cards,6dd766b5484e0211,2022-12-30 20:00:00+00:00,2223,0,0.4324720485410289,0.4713375796178344,0.18703207276927405,0.22215911395999838,0.5664652771673059,0.6374051975517101
cards,6d54124650139a3f,2022-12-31 12:30:00+00:00,2223,1,0.6025461511808446,0.46835443037974683,0.15796956194116,0.2826470116968434,0.506591017080635,0.758529939822797
cards,661f0df19f2ecd16,2022-12-31 15:00:00+00:00,2223,0,0.4567832749258014,0.4716981132075472,0.20865096025194027,0.22249911000355999,0.6102469133106952,0.6380874033769179
cards,750837c1a3b0ec5b,2022-12-31 15:00:00+00:00,2223,1,0.4596751749866887,0.46875,0.2919509165256654,0.2822265625,0.7772351802675044,0.7576857016975165
cards,8c028fae7e1b8ba9,2022-12-31 15:00:00+00:00,2223,1,0.4585785527306171,0.4720496894409938,0.2931371835632732,0.2787315304193511,0.7796236764844319,0.750671024698132
cards,c78054fcd6fb4b25,2022-12-31 15:00:00+00:00,2223,1,0.3982798067177969,0.47530864197530864,0.36206719100357193,0.27530102118579486,0.9206004887546357,0.7437909133787002
cards,52aa5169a536bb6e,2022-12-31 17:30:00+00:00,2223,1,0.4749839236719967,0.4785276073619632,0.27564188040285176,0.2719334562836388,0.744474320421307,0.7370413741171705
cards,7249b9ab1e862cbc,2023-01-01 14:00:00+00:00,2223,1,0.5038360218671183,0.4817073170731707,0.24617869319664673,0.26862730517549077,0.6855044172879385,0.7304185753571769
cards,7e47fec03bea03d6,2023-01-01 16:30:00+00:00,2223,1,0.5797260900033301,0.48484848484848486,0.17663015942388902,0.26538108356290174,0.5451995456058413,0.723918839226699
cards,8b881beb7f8eecbf,2023-01-02 17:30:00+00:00,2223,1,0.5356757689562577,0.4879518072289157,0.2155969915343626,0.26219335172013347,0.6242262096060942,0.7175386336841044
cards,7c6ab648b91a5fb0,2023-01-03 19:45:00+00:00,2223,1,0.4499174051588366,0.49101796407185627,0.30259086114718753,0.25906271289755817,0.798691257155524,0.711274565152502
cards,8d7d7f6eeb0d6436,2023-01-03 19:45:00+00:00,2223,1,0.4624480982648991,0.49404761904761907,0.2889620470590236,0.2559878117913832,0.7712209482945747,0.7051233716066609
cards,ffe8267962121b5d,2023-01-03 19:45:00+00:00,2223,1,0.5339081065700318,0.4970414201183432,0.21724165312113278,0.252967333076573,0.6275315399051243,0.6990819160797599
cards,2b8b445bd6fbf2d1,2023-01-03 20:00:00+00:00,2223,0,0.4987322495207389,0.5,0.2487338567120166,0.25,0.6906148885609098,0.6931471805599453
cards,c588a80e8b66e406,2023-01-04 19:30:00+00:00,2223,1,0.5093252384292906,0.49707602339181284,0.24076172164247256,0.25293252624739243,0.6746684911862878,0.6990123000123435
cards,bda1237d6f9239b4,2023-01-04 19:45:00+00:00,2223,1,0.6070551681746038,0.5,0.1544056408582889,0.25,0.49913560543873203,0.6931471805599453
cards,5957f2c1da45fabf,2023-01-04 20:00:00+00:00,2223,1,0.5820566871192192,0.5028901734104047,0.17467661278176222,0.24711817969193756,0.5411874354453381,0.6873834758431951
cards,cd0b3ed3081cda27,2023-01-04 20:00:00+00:00,2223,0,0.6039740932177207,0.5057471264367817,0.3647847052781679,0.255780155899062,0.9262756487001557,0.7047080029610214
cards,76e54300f9a3ad54,2023-01-05 20:00:00+00:00,2223,0,0.5014102875707048,0.5028571428571429,0.2514122764817369,0.252865306122449,0.6959717410191086,0.6988778552689304
cards,bd24f5fe51774946,2023-01-12 20:00:00+00:00,2223,1,0.4515608076397274,0.5,0.3007855477167881,0.25,0.7950452360357633,0.6931471805599453
cards,46cbad44bc723677,2023-01-13 20:00:00+00:00,2223,1,0.6043253582658654,0.5028248587570622,0.15655842211143575,0.24718312106993517,0.5036425534537351,0.6875133628416893
cards,bb7e635e22b345c9,2023-01-14 12:30:00+00:00,2223,0,0.4967571219518366,0.5056179775280899,0.24676763820987183,0.25564953919959604,0.6866823664785932,0.7044467358138787
cards,3178ca796e332ea0,2023-01-14 15:00:00+00:00,2223,0,0.5249871605599014,0.5027932960893855,0.27561151875274764,0.2528010985924285,0.7444134449126029,0.6987494361086152
cards,723fea9bf61cd190,2023-01-14 15:00:00+00:00,2223,0,0.5525583977833031,0.5,0.30532078296085097,0.25,0.8042092476225944,0.6931471805599453
cards,a1dff3fda8c7a4e3,2023-01-14 15:00:00+00:00,2223,0,0.5755657510889804,0.4972375690607735,0.3312759338266222,0.2472452000854675,0.8569981758965098,0.6876375247489759
cards,a450f43bab117f14,2023-01-14 15:00:00+00:00,2223,1,0.4960587957433832,0.4945054945054945,0.2539567373476092,0.25552469508513465,0.701060819477289,0.7041970167465302
cards,207be1716720bcca,2023-01-14 17:30:00+00:00,2223,0,0.5245928917465303,0.4972677595628415,0.2751977020709869,0.24727522470064797,0.7435837720149658,0.6876975757923807
cards,1fd4b15b820e6ea3,2023-01-15 14:00:00+00:00,2223,1,0.5154623154346154,0.4945652173913043,0.23477676776398415,0.2554643194706995,0.6626910811369129,0.7040762510921357
cards,e14a144c7746ef02,2023-01-15 14:00:00+00:00,2223,1,0.5292873108757509,0.4972972972972973,0.221570435702582,0.25271000730460186,0.6362238738124184,0.6985672480292845
cards,adca55e2c2fe9d62,2023-01-15 16:30:00+00:00,2223,1,0.5089026671129393,0.5,0.2411765903687845,0.25,0.6754985044638873,0.6931471805599453
cards,405fe2fbd007f2bc,2023-01-18 20:00:00+00:00,2223,0,0.5654258194986578,0.5026737967914439,0.3197063573557287,0.2526809459807258,0.8333886227236683,0.6985091237013307
cards,42d312d8f24adfaf,2023-01-19 20:00:00+00:00,2223,0,0.4370790137240536,0.5,0.19103806423799144,0.25,0.574616004784058,0.6931471805599453
cards,edd8cf19d8223e25,2023-01-21 12:30:00+00:00,2223,1,0.436115365354382,0.4973544973544973,0.3179658811894221,0.25265250132975003,0.8298484711967038,0.6984522327896385
cards,49eaba7cd2b5ec1a,2023-01-21 15:00:00+00:00,2223,0,0.4992097644849417,0.5,0.24921038895711095,0.25,0.6915679571597783,0.6931471805599453
cards,c930dd88b7a27e92,2023-01-21 15:00:00+00:00,2223,0,0.4712765291448368,0.4973821989528796,0.22210156692280422,0.2473890518352019,0.6372897232039412,0.6879252365787937
cards,d0661a6525ce80cb,2023-01-21 15:00:00+00:00,2223,0,0.5137546329186409,0.4947916666666667,0.26394382284536744,0.2448187934027778,0.7210419119481173,0.6827843935243989
cards,d1707b231e8621e4,2023-01-21 15:00:00+00:00,2223,0,0.489005578460985,0.49222797927461137,0.2391264557659626,0.24228838358076724,0.6713966055914161,0.6777227102343136
cards,534e3ef367efeb39,2023-01-21 17:30:00+00:00,2223,1,0.5906825930553516,0.4896907216494845,0.16754073962789087,0.26041555957062384,0.5264764734367319,0.7139812674627873
cards,c3ae3b19c623d5fc,2023-01-22 14:00:00+00:00,2223,0,0.442967161594801,0.49230769230769234,0.19621990625135452,0.24236686390532547,0.5851310849485171,0.6778797084291569
cards,ceeaf705681c45f8,2023-01-22 14:00:00+00:00,2223,1,0.5993952802108038,0.4897959183673469,0.1604841415173804,0.2603082049146189,0.5118339983200924,0.713766467762681
cards,7977e1ed1706ab7e,2023-01-22 16:30:00+00:00,2223,0,0.5333048371575464,0.49238578680203043,0.2844140493356371,0.24244376304465456,0.762078990677351,0.6780335427498972
cards,fa739c336168fa91,2023-01-23 20:00:00+00:00,2223,1,0.4719760410801693,0.4898989898989899,0.27880930119337116,0.26020304050607085,0.7508270551083057,0.7135560521911525
cards,de3c51c456e6e888,2023-02-03 20:00:00+00:00,2223,1,0.5387261564759074,0.49246231155778897,0.21277355871948908,0.25759450518926286,0.6185478956648404,0.7083373460539204
cards,1a938b08d8abdcab,2023-02-04 12:30:00+00:00,2223,1,0.5282126718285681,0.495,0.22258328302313835,0.255025,0.6382562888189003,0.7031975164134467
cards,2e28f45e1e2e1d31,2023-02-04 15:00:00+00:00,2223,0,0.5194473989578461,0.4975124378109453,0.2698256002840717,0.2475186257765897,0.7328185850916499,0.6881843912178162
cards,401a381b5d1c026b,2023-02-04 15:00:00+00:00,2223,0,0.4938348980705799,0.49504950495049505,0.24387290655238003,0.2450740123517302,0.680892374517091,0.6832948841169336
cards,786d3daa65d734d7,2023-02-04 15:00:00+00:00,2223,1,0.5703981997150369,0.49261083743842365,0.1845577068080813,0.2574437622849377,0.5614205660668407,0.7080357930536959
cards,b7549e6edc891408,2023-02-04 15:00:00+00:00,2223,0,0.5964877719511382,0.4950980392156863,0.35579766208723307,0.24512206843521725,0.9075484867775108,0.6833910056145807
cards,fbab817f9391259a,2023-02-04 15:00:00+00:00,2223,0,0.5208654657311307,0.4926829268292683,0.27130083339130767,0.24273646638905413,0.7357738561444332,0.6786190799970355
cards,40bb6c22bff05f4b,2023-02-04 17:30:00+00:00,2223,0,0.4814272261291289,0.49029126213592233,0.23177217405838743,0.24038552172683572,0.6566749065405697,0.6739158186320577
cards,d3dfa76aa4d8e675,2023-02-05 14:00:00+00:00,2223,1,0.5287090127390153,0.48792270531400966,0.22211519467343366,0.26222315573292265,0.637317068904727,0.7175982764241097
cards,c3fda4ca879edb88,2023-02-05 16:30:00+00:00,2223,1,0.4782274818465917,0.49038461538461536,0.2722465607001488,0.25970784023668636,0.7376687562520575,0.712565266417047
cards,445134bd28740170,2023-02-08 20:00:00+00:00,2223,1,0.5242367171584437,0.49282296650717705,0.22635070130017473,0.25722854330258005,0.6458119463671689,0.7076052637351752
cards,652983becb03cf3c,2023-02-11 12:30:00+00:00,2223,0,0.5120124522294158,0.49523809523809526,0.2621567512379798,0.24526077097505672,0.7174653903181076,0.6836684366054016
cards,07c2d8dc5568205f,2023-02-11 15:00:00+00:00,2223,1,0.5374439579846069,0.4928909952606635,0.21395809200494614,0.2571595426877204,0.6209307886308951,0.7074672343346938
cards,44f938adce25a529,2023-02-11 15:00:00+00:00,2223,0,0.5210791295668408,0.49528301886792453,0.27152345927013644,0.2453052687789249,0.7362198926433743,0.6837574402101062
cards,b50d883efb5c7bdd,2023-02-11 15:00:00+00:00,2223,1,0.4497231463753889,0.49295774647887325,0.30280461563500166,0.25709184685578257,0.7991231158264911,0.7073318155519017
cards,b8affff4a38858c2,2023-02-11 15:00:00+00:00,2223,0,0.5294329887172147,0.4953271028037383,0.28029928954204236,0.24534893877194514,0.7538169044175431,0.6838447878976317
cards,c5ce56dbf3365870,2023-02-11 15:00:00+00:00,2223,1,0.4260250886656769,0.4930232558139535,0.32944719884124407,0.257025419145484,0.8532570408655243,0.7071989340155956
cards,7c6003d8726062e0,2023-02-11 17:30:00+00:00,2223,1,0.586875700744295,0.49537037037037035,0.17067168663551732,0.2546510631001372,0.5329422349938349,0.7024495732222589
cards,9882f7903ebf274c,2023-02-12 14:00:00+00:00,2223,0,0.4865454357772885,0.4976958525345622,0.23672646107571155,0.2477011616301047,0.6665937360546988,0.6885494713113159
cards,702df9c83b17e2bb,2023-02-12 16:30:00+00:00,2223,0,0.5030805379777906,0.4954128440366973,0.2530900276920232,0.24543388603652894,0.6993273142617954,0.6840146969966728
cards,74273dc3f2d371f6,2023-02-13 20:00:00+00:00,2223,1,0.4901020435421661,0.4931506849315068,0.25999592599987503,0.25689622818540064,0.7131416574320593,0.7069405026922811
cards,b3ecdca29f6a8c92,2023-02-15 19:30:00+00:00,2223,1,0.4927547249913104,0.4954545454545455,0.2572977690186411,0.25456611570247933,0.7077437439718208,0.7022796641232177
cards,6b55f83e6734f282,2023-02-18 12:30:00+00:00,2223,0,0.4824833268852986,0.497737556561086,0.2327901607223059,0.24774267521140025,0.658713535782487,0.6886325002054187
cards,32b84b6d046ee0a9,2023-02-18 15:00:00+00:00,2223,0,0.4892880712766057,0.4954954954954955,0.23940281669358077,0.2455157860563266,0.671949588007052,0.684178510577185
cards,457146c86cadeffa,2023-02-18 15:00:00+00:00,2223,1,0.4890837111187898,0.49327354260089684,0.26103545424414826,0.2567717026282451,0.7152216157763408,0.7066914056677026
cards,6c585b4cf507ca33,2023-02-18 15:00:00+00:00,2223,1,0.5108011248319803,0.4955357142857143,0.23931553946565576,0.25448421556122447,0.6717749527275474,0.7021158505427056
cards,8ad253ad1339b0c2,2023-02-18 15:00:00+00:00,2223,1,0.4483383155447928,0.49777777777777776,0.3043306140959565,0.25222716049382715,0.8022071629367384,0.6976015309093256
cards,ca9c37d8158397fe,2023-02-18 15:00:00+00:00,2223,1,0.482289884776652,0.5,0.26802376340457224,0.25,0.7292099250140368,0.6931471805599453
cards,e174897d99e55cc7,2023-02-18 15:00:00+00:00,2223,1,0.607921034549387,0.5022026431718062,0.15372591514882303,0.24780220846513612,0.49771028283664476,0.6887515690869072
cards,f1e5df5d59e5d2b7,2023-02-18 17:30:00+00:00,2223,0,0.5229989221200345,0.5043859649122807,0.2735278725387179,0.25440520160049246,0.7402365283899224,0.7019578102421002
cards,2407f0814416d350,2023-02-19 14:00:00+00:00,2223,0,0.554819225558271,0.5021834061135371,0.3078243730490796,0.2521881733757937,0.8092748446063585,0.6975235551597441
cards,dd85636bde545e8a,2023-02-19 16:30:00+00:00,2223,0,0.4973797126483536,0.5,0.24738657855415883,0.25,0.6879202898809822,0.6931471805599453
cards,f1067b7bafb48a73,2023-02-24 20:00:00+00:00,2223,0,0.524763403939092,0.49783549783549785,0.2753766301137427,0.247840182905118,0.7439425019862819,0.688827519415429
cards,3f3b2c7aa95581be,2023-02-25 15:00:00+00:00,2223,0,0.5695637406144664,0.4956896551724138,0.3244028546227431,0.2457082342449465,0.8429560278988067,0.6845634368685539
cards,abaab4c2619f1fe3,2023-02-25 15:00:00+00:00,2223,0,0.5313357104802681,0.49356223175965663,0.2823176372315713,0.243603676619573,0.7578685674410093,0.6803538291000357
cards,b06fd895165e6469,2023-02-25 15:00:00+00:00,2223,1,0.5170278137468259,0.49145299145299143,0.23326213269417065,0.2586200599021112,0.6596586075710272,0.7103889869944514
cards,eb4a78e2da5aca64,2023-02-25 15:00:00+00:00,2223,0,0.5057030491980307,0.49361702127659574,0.2557355739681858,0.24365776369397918,0.7046188274077133,0.6804620210326296
cards,b60ece960a1d8f0f,2023-02-25 17:30:00+00:00,2223,1,0.5179767401317528,0.4915254237288136,0.2323464230540118,0.2585463947141626,0.6578249409513883,0.7102416139192453
cards,1d0deb88b8637a3f,2023-02-25 19:45:00+00:00,2223,1,0.575086446001526,0.4936708860759494,0.18055152837161406,0.25636917160711425,0.5532349086126238,0.705886206337375
cards,298f0d61f31fad2e,2023-02-26 13:30:00+00:00,2223,1,0.5333961333618171,0.4957983193277311,0.21771916836170316,0.2542193347927406,0.6284909163009604,0.7015860492058099
cards,8b00c75fd91bde5d,2023-03-01 19:45:00+00:00,2223,0,0.5174549814525514,0.497907949790795,0.26775965783006034,0.24791232646487282,0.728681059866509,0.6889718091494648
cards,74ce8274e60f32af,2023-03-01 20:00:00+00:00,2223,1,0.4681734431625698,0.49583333333333335,0.28283948655755636,0.25418402777777777,0.7589164466733526,0.7015154302304619
cards,9f125d4e02f4c659,2023-03-04 12:30:00+00:00,2223,1,0.5102109607055355,0.4979253112033195,0.23989330301299447,0.25207899313028354,0.6729309903504709,0.697305190708609
cards,1ac031ae7df6a987,2023-03-04 15:00:00+00:00,2223,1,0.4820701377160267,0.5,0.26825134224549557,0.25,0.7296656615839969,0.6931471805599453
cards,407a6b4afa246a4e,2023-03-04 15:00:00+00:00,2223,0,0.4685783945141668,0.5020576131687243,0.21956571180547413,0.25206184694067646,0.6321995888129337,0.6972708977438075
cards,c88fcdf36cb554c3,2023-03-04 15:00:00+00:00,2223,0,0.5089229040967226,0.5,0.25900252231424187,0.25,0.7111541453807254,0.6931471805599453
cards,d6645d1add619fd6,2023-03-04 15:00:00+00:00,2223,0,0.5039185332058186,0.49795918367346936,0.2539338881083037,0.247963348604748,0.7010151181754506,0.6890738551723095
cards,ddde6cffc605b594,2023-03-04 15:00:00+00:00,2223,0,0.4902052828995148,0.4959349593495935,0.24030121938259336,0.24595148390508292,0.6737471497841148,0.6850499703273258
cards,4545e755585cebc7,2023-03-04 17:30:00+00:00,2223,1,0.5361688961664818,0.4939271255060729,0.21513929288341996,0.2561097542985461,0.62330606275821,0.7053672918947207
cards,755d6efacf6a81bb,2023-03-05 14:00:00+00:00,2223,1,0.5888860463484239,0.4959677419354839,0.16901468288703025,0.25404851716961496,0.5295225837452996,0.7012443907925646
cards,de2092f4ae7c7095,2023-03-05 16:30:00+00:00,2223,1,0.5300135151748278,0.4979919678714859,0.22088729591832187,0.2520120643215432,0.6348527724312337,0.6971713308596708
cards,dfda1abc1de07295,2023-03-06 20:00:00+00:00,2223,0,0.4926795759279037,0.5,0.242733164536499,0.25,0.6786124748767365,0.6931471805599453
cards,d8726796877f4662,2023-03-11 12:30:00+00:00,2223,0,0.5966839225228627,0.49800796812749004,0.35603170339726964,0.24801193631847113,0.9080347130892192,0.6891710321803058
cards,03bb81d5dc3898a9,2023-03-11 15:00:00+00:00,2223,0,0.4802002486511805,0.49603174603174605,0.23059227880465558,0.2460474930713026,0.654311635134193,0.6852420010528321
cards,287258afe1fb81e1,2023-03-11 15:00:00+00:00,2223,0,0.5357728557906293,0.49407114624505927,0.28705255300204646,0.24410629755190674,0.7673813116050285,0.6813592248079031
cards,6c2e7a891c2caf48,2023-03-11 15:00:00+00:00,2223,1,0.5199775618663133,0.4921259842519685,0.2304215411118091,0.25793601587203174,0.653969618594753,0.7090205297162354
cards,b90a2fc9f9db2da9,2023-03-11 15:00:00+00:00,2223,0,0.5246179978735189,0.49411764705882355,0.2752240436928195,0.24415224913494812,0.7436365831519894,0.6814511407967541
cards,d647ac23d80d206a,2023-03-11 17:30:00+00:00,2223,1,0.605238860054069,0.4921875,0.1558363576114109,0.25787353515625,0.502132088861533,0.7088955375280844
cards,089b00bb614bb6fa,2023-03-12 14:00:00+00:00,2223,0,0.5372566372234923,0.49416342412451364,0.28864469424069517,0.24419748974246394,0.7705826706319155,0.6815416344396374
cards,5fdb6e73d07be82d,2023-03-12 14:00:00+00:00,2223,0,0.4948327866771271,0.49224806201550386,0.24485948677065117,0.24230815455801932,0.6828657890225762,0.6777622617204658
cards,c95a5c18ce218fdb,2023-03-12 14:00:00+00:00,2223,0,0.6043658090699972,0.49034749034749037,0.36525803117283223,0.24044066129008215,0.9272652549348931,0.6740261391131669
cards,b010fe41191eceb2,2023-03-12 16:30:00+00:00,2223,0,0.5123096051422736,0.48846153846153845,0.26246113152103234,0.238594674556213,0.7180745112361125,0.6703325027937741
cards,287d3fd814561450,2023-03-15 19:30:00+00:00,2223,0,0.602922455554699,0.48659003831417624,0.36351548741210804,0.2367698653865915,0.923623691309905,0.666680607371782
cards,9db18dea472d4bb7,2023-03-15 19:30:00+00:00,2223,0,0.4428763120597581,0.4847328244274809,0.19613942778365223,0.23496591107744302,0.5849680027727258,0.6630697253226674
cards,1ac299ea014b9068,2023-03-17 20:00:00+00:00,2223,1,0.5443803900830744,0.4828897338403042,0.20758922894085147,0.26740302736775146,0.6081070300088672,0.7279669457191732
cards,1df7adf3bca21599,2023-03-18 15:00:00+00:00,2223,1,0.5201583615389253,0.48484848484848486,0.23024799800100876,0.26538108356290174,0.6536219723489797,0.723918839226699
cards,6720b49369a265bd,2023-03-18 15:00:00+00:00,2223,0,0.5683942465368962,0.4867924528301887,0.3230720194962459,0.23696689213243147,0.8402427151422822,0.6670749402501702
cards,829d93c204a8b1a4,2023-03-18 15:00:00+00:00,2223,0,0.5045768146122777,0.4849624060150376,0.2545977618442728,0.23518853524789418,0.702342961674182,0.6635153829535742
cards,e8cac58ea32bfe84,2023-03-18 15:00:00+00:00,2223,1,0.5319470745862966,0.48314606741573035,0.21907354098832577,0.2671379876278247,0.6312112784496848,0.7274362540385774
cards,d06ce784aa0c0571,2023-03-18 17:30:00+00:00,2223,1,0.5317195577133023,0.48507462686567165,0.21928657262822526,0.26514813989752734,0.6316390757868492,0.7234525300552742
cards,0962982d9da7bced,2023-03-19 14:00:00+00:00,2223,0,0.4443416647412004,0.48698884758364314,0.19743951502498133,0.23715813767084482,0.5876016785473106,0.6674576944446344
cards,e44a0c35ac59ebd9,2023-04-01 12:30:00+00:00,2223,0,0.494512246117637,0.48518518518518516,0.2445423615603104,0.23540466392318243,0.6822314665670612,0.663948025867683
cards,044926f6252f8ea9,2023-04-01 15:00:00+00:00,2223,1,0.5399512661989386,0.4833948339483395,0.21164483747195983,0.2668808975912637,0.6162763912761362,0.7269214976785493
cards,1662b8bfe60925d3,2023-04-01 15:00:00+00:00,2223,0,0.4101362623152201,0.4852941176470588,0.16821175366589902,0.23551038062283736,0.5278637218327848,0.6641596436866931
cards,9fc2d7b3c288c4d9,2023-04-01 15:00:00+00:00,2223,1,0.5036388912077379,0.4835164835164835,0.2463743503214839,0.2667552227991788,0.6858957534082486,0.7266698725985888
cards,e73a1788720b36da,2023-04-01 15:00:00+00:00,2223,0,0.4396504121400365,0.4854014598540146,0.19329248489490394,0.23561457722840856,0.5791944259890309,0.664368216009902
cards,ed97bcf0f2d10f4f,2023-04-01 15:00:00+00:00,2223,1,0.4396972098838893,0.48363636363636364,0.31393921661189844,0.26663140495867765,0.8216689483149612,0.7264219694448175
cards,87e9ea37bbf3af43,2023-04-01 17:30:00+00:00,2223,1,0.5192879938516818,0.4855072463768116,0.23108403285514073,0.2647027935307709,0.6552966482687994,0.7225610657662387
cards,bd739d95d6044e24,2023-04-02 14:00:00+00:00,2223,0,0.4987405707468354,0.48736462093862815,0.24874215690887916,0.2375242737426527,0.6906314890606566,0.6681904485860779
cards,12b190d6a98e33a7,2023-04-02 16:30:00+00:00,2223,0,0.5125975300476326,0.4856115107913669,0.26275622781093366,0.23581853941307385,0.7186650701954034,0.6647764834307297
cards,f366889fc9bfb7e3,2023-04-03 20:00:00+00:00,2223,0,0.5073037343340631,0.4838709677419355,0.25735707886928566,0.2341311134235172,0.7078623887872328,0.661398482245365
cards,26562a804bc91110,2023-04-04 19:45:00+00:00,2223,0,0.5042420225474242,0.48214285714285715,0.2542600173027171,0.23246173469387757,0.7016674200272319,0.6580558607486753
cards,319516a34ce500ac,2023-04-04 19:45:00+00:00,2223,0,0.5517460657119927,0.4804270462633452,0.30442372102866255,0.23081014678132244,0.8023953895404156,0.6547480476254094
cards,c84475496ec6deb7,2023-04-04 19:45:00+00:00,2223,1,0.5286877607205702,0.4787234042553192,0.22213522689459048,0.27172928927116335,0.6373572657711849,0.7366322924996841
cards,87c79de9058e7ec7,2023-04-04 20:00:00+00:00,2223,1,0.5261873205857089,0.48056537102473496,0.22449845517374975,0.26981233377867125,0.642098006854577,0.7327920119071857
cards,6c519ee5a4663028,2023-04-05 20:00:00+00:00,2223,1,0.4674255524643129,0.4823943661971831,0.2836355421679423,0.2679155921444158,0.7605151890000372,0.7289933123330811
cards,a49b8bc45ce8e9a3,2023-04-05 20:00:00+00:00,2223,0,0.5035809523209348,0.4842105263157895,0.2535937755404596,0.23445983379501387,0.7003348547539628,0.6620565934899141
cards,53fe24c1e07972f8,2023-04-08 12:30:00+00:00,2223,0,0.4241500893982255,0.4825174825174825,0.1799032983365227,0.23282312093500904,0.5519082241129138,0.6587795370557374
cards,2aa25619b8cd1447,2023-04-08 15:00:00+00:00,2223,0,0.5621962612217721,0.4808362369337979,0.3160646361317391,0.23120348674865543,0.82598455400698,0.6555359098141621
cards,492ba6d3ffb50263,2023-04-08 15:00:00+00:00,2223,1,0.5668686148333472,0.4791666666666667,0.18760279681638337,0.27126736111111105,0.5676277219762221,0.7357067949787413
cards,5487bc988d4111f5,2023-04-08 15:00:00+00:00,2223,1,0.6365591786604735,0.4809688581314879,0.1320892306159496,0.2693933262293315,0.4516778901919458,0.7319527549817404
cards,7bf90bac62be56a7,2023-04-08 15:00:00+00:00,2223,0,0.5683981210900396,0.4827586206896552,0.32307642405868736,0.2330558858501784,0.8402516922481329,0.6592456288842641
cards,800db1b65cfecc6f,2023-04-08 15:00:00+00:00,2223,1,0.5145695649891254,0.48109965635738833,0.23564270723484693,0.26925756663242045,0.6644245239283519,0.7316808445621882
cards,d2731ccfb1b85175,2023-04-08 15:00:00+00:00,2223,0,0.6050618873040363,0.4828767123287671,0.3660998874679223,0.2331699193094389,0.9290262030751738,0.6594739654533575
cards,c7df11c2dfb0635b,2023-04-08 17:30:00+00:00,2223,0,0.606222601723225,0.4812286689419795,0.3675058428400758,0.23158103181166934,0.9319695083379307,0.656292088170791
cards,492f773043a0c674,2023-04-09 14:00:00+00:00,2223,1,0.4873800177675175,0.47959183673469385,0.2627792461840307,0.27082465639316955,0.7187111362360569,0.7348198769605134
cards,8bdcea919e28592c,2023-04-09 16:30:00+00:00,2223,1,0.5136725718435294,0.48135593220338985,0.23651436737728704,0.2689916690606148,0.6661692362699368,0.731148298738559
cards,27dcf57eec11c980,2023-04-15 12:30:00+00:00,2223,0,0.5528690624047963,0.4831081081081081,0.3056642001643585,0.23339344411979548,0.8049038019938863,0.6599215329316249
cards,0a34ee026c9d0d4c,2023-04-15 15:00:00+00:00,2223,1,0.5571470853043048,0.48148148148148145,0.1961187040544727,0.2688614540466393,0.5849260069407823,0.7308875085427924
cards,6bfabb964be6d5c1,2023-04-15 15:00:00+00:00,2223,1,0.5781716097394208,0.48322147651006714,0.17793919082983148,0.2670600423404351,0.5478845517132753,0.7272801869294038
cards,6c4f7650908d6bf9,2023-04-15 15:00:00+00:00,2223,0,0.56963236418236,0.48494983277591974,0.3244810303239848,0.23517634030939252,0.8431154685528777,0.6634909709770573
cards,a410a6783dfbc3c4,2023-04-15 15:00:00+00:00,2223,0,0.58895662808515,0.48333333333333334,0.34686990976542975,0.2336111111111111,0.8890565422802087,0.6603573577369546
cards,fc07bf0f4a8cd2b0,2023-04-15 15:00:00+00:00,2223,1,0.4941078050662017,0.48172757475083056,0.2559269128949361,0.268606306773656,0.7050015567237218,0.7303765223283013
cards,ce960dc7567df04c,2023-04-15 17:30:00+00:00,2223,0,0.4564923423684084,0.48344370860927155,0.2083852586409962,0.23371781939388625,0.6097114830415793,0.6605710101253326
cards,e8198377e064c85e,2023-04-16 14:00:00+00:00,2223,0,0.501546233365938,0.48184818481848185,0.2515486242035599,0.23217767321286584,0.6962444388481006,0.6574870001610612
cards,cbe88f845bc387fc,2023-04-16 16:30:00+00:00,2223,1,0.5082372033272894,0.48026315789473684,0.2418306481913657,0.27012638504155123,0.6768070047005577,0.7334210796978853
cards,a79cf76c5e8d3cfd,2023-04-17 20:00:00+00:00,2223,0,0.5185658116984961,0.4819672131147541,0.2689105010625202,0.2322923945176028,0.7309857376639911,0.6577167435804449
cards,d748516969c42f75,2023-04-21 20:00:00+00:00,2223,1,0.4613356424055121,0.4803921568627451,0.29015929014268227,0.26999231064975004,0.7736294262708976,0.7331525151736444
cards,63506c1562343e8d,2023-04-22 12:30:00+00:00,2223,1,0.5592100322309704,0.4820846905537459,0.19429579568582211,0.2682362677588091,0.5812301478962619,0.7296354738230821
cards,543c2a69627076e1,2023-04-22 15:00:00+00:00,2223,0,0.5081482449392911,0.4837662337662338,0.2582146388348818,0.23402976893236635,0.7095779187452821,0.6611955807533431
cards,843f35a23b384005,2023-04-22 15:00:00+00:00,2223,0,0.5005598622773852,0.48220064724919093,0.25056017572315487,0.23251746420753866,0.6942675324746124,0.6581674616639184
cards,e90d111dab76401d,2023-04-22 15:00:00+00:00,2223,1,0.5744395370389479,0.4806451612903226,0.181101707635625,0.269729448491155,0.5543604317246098,0.7326259915337328
cards,fd599e58ad9ed5ab,2023-04-22 15:00:00+00:00,2223,1,0.5530287107016421,0.48231511254019294,0.1997833334570364,0.26799764270427306,0.5923453607213475,0.7291576180829784
cards,8caad3ce3b075a01,2023-04-23 14:00:00+00:00,2223,0,0.5127920935820454,0.483974358974359,0.2629557312402572,0.23423118014464167,0.7190643344382528,0.6615988228250195
cards,b8fa635debc8aedc,2023-04-23 14:00:00+00:00,2223,0,0.4229373982118674,0.48242811501597443,0.17887604280622368,0.23273688615786625,0.5498045230591704,0.658606855307769
cards,ed69214dfca58eb5,2023-04-25 19:30:00+00:00,2223,1,0.5764028945834789,0.48089171974522293,0.17943450771725528,0.26947340662907215,0.5509483930382223,0.732113149093329
cards,3f00312d3aaa548b,2023-04-25 19:45:00+00:00,2223,1,0.531299883887152,0.48253968253968255,0.2196797988441972,0.2677651801461325,0.6324286640700554,0.7286921179793566
cards,45bbd584ec3a019f,2023-04-25 20:00:00+00:00,2223,1,0.4455387804538886,0.48417721518987344,0.30742724398056115,0.2660731453292741,0.8084709865806304,0.7253042921944766
cards,3124d712329f5884,2023-04-26 19:30:00+00:00,2223,0,0.5035278850064694,0.48580441640378547,0.25354033097908824,0.2360059309974226,0.7002279602291428,0.6651515730705182
cards,b390c91010bb12b9,2023-04-26 19:45:00+00:00,2223,0,0.5352212896502859,0.48427672955974843,0.2864618288949153,0.23452395079308572,0.7661938783882292,0.6621849549559784
cards,f7a9e567dc08a5f4,2023-04-26 19:45:00+00:00,2223,0,0.4463033627713606,0.4827586206896552,0.19918669162102473,0.2330558858501784,0.5911383284448395,0.6592456288842641
cards,17e49792055d22a3,2023-04-26 20:00:00+00:00,2223,1,0.4441990770536413,0.48125,0.3089146659480242,0.26910156250000006,0.8114824452960503,0.731368393380143
cards,12132f52c787b7ee,2023-04-27 19:45:00+00:00,2223,0,0.5442318057649794,0.48286604361370716,0.29618825840621027,0.23315961607515454,0.7857709446952035,0.6594533347734726
cards,f402b9bdd804ea66,2023-04-27 19:45:00+00:00,2223,0,0.5952620271778978,0.4813664596273292,0.3543368809999403,0.23171366845414917,0.9045154019440852,0.6565577331276533
cards,1701cd97644eda8f,2023-04-27 20:15:00+00:00,2223,0,0.6088529051156834,0.47987616099071206,0.3707018600678073,0.2302811298871838,0.9386715879927365,0.6536883438193976
cards,7853a1652115ee9d,2023-04-29 12:30:00+00:00,2223,0,0.5225150672579142,0.4783950617283951,0.2730219955115426,0.22886183508611493,0.7392226740260408,0.6508448008692559
cards,d2133adf7fc740ea,2023-04-29 15:00:00+00:00,2223,0,0.4623325885393334,0.47692307692307695,0.21375142242548056,0.22745562130177518,0.6205151042922715,0.6480267452794759
cards,fb04fad778e2c86f,2023-04-29 15:00:00+00:00,2223,0,0.5525576461128465,0.4754601226993865,0.30531995227776976,0.22606232827731565,0.8042075676942608,0.6452338248640477
cards,74938a0be37e60ec,2023-04-30 14:00:00+00:00,2223,1,0.4280800103960538,0.4740061162079511,0.3270924745085779,0.2766695657866435,0.8484451606937822,0.7465350539780068
cards,99b4132638dbc3c6,2023-04-30 14:00:00+00:00,2223,0,0.4639799429901489,0.47560975609756095,0.21527738749714181,0.22620464009518143,0.6235836988169398,0.6455191315706906
cards,9e49bf56608b2430,2023-04-30 14:00:00+00:00,2223,0,0.5340186115599974,0.47416413373860183,0.2851758774924674,0.2248316257240787,0.7636095846240246,0.6427661562675928
cards,d99f6c83c8ceb33e,2023-04-30 14:00:00+00:00,2223,1,0.5340786975408185,0.4727272727272727,0.2170826600852601,0.2780165289256199,0.6272120772084302,0.7492366472109889
cards,649c448fc6248329,2023-04-30 16:30:00+00:00,2223,1,0.5288070919004128,0.4743202416918429,0.2220227566433461,0.27633920829492253,0.6371315792251875,0.7458725700287548
cards,218c2c1ac4aa923d,2023-05-01 20:00:00+00:00,2223,1,0.4811655656178565,0.4759036144578313,0.26918917030063877,0.2746770213383656,0.7315438568397473,0.7425399358895218
cards,428a18438b82f8dc,2023-05-02 20:00:00+00:00,2223,0,0.5307081626663783,0.4774774774774775,0.2816511539207231,0.227984741498255,0.7565304496131883,0.6490871907659148
cards,9761e24b6263beac,2023-05-03 20:00:00+00:00,2223,0,0.5367852459493052,0.47604790419161674,0.28813840026885607,0.22662160708523071,0.7695645007895788,0.6463550190531864
cards,f87179e6cf218778,2023-05-03 20:00:00+00:00,2223,0,0.5158274875410442,0.4746268656716418,0.2660779969029061,0.2252706616172867,0.7253140050715157,0.6436465367869146
cards,3b9ad6f12451375b,2023-05-04 20:00:00+00:00,2223,1,0.5074677838339333,0.4732142857142857,0.24258798396145703,0.2775031887755102,0.6783220502113241,0.7482069577429727
cards,4408548cd280da8b,2023-05-06 15:00:00+00:00,2223,1,0.5240622840968713,0.47477744807121663,0.22651670941908728,0.2758587290545836,0.6461447389444267,0.7449091151185347
cards,80f66b37f2418cce,2023-05-06 15:00:00+00:00,2223,1,0.5667186336618181,0.47633136094674555,0.1877327424158818,0.2742288435278877,0.5678923353486879,0.7416415304985559
cards,a9b6a691445e2e13,2023-05-06 15:00:00+00:00,2223,1,0.5685253542787402,0.4778761061946903,0.18617036990028668,0.2726133604824183,0.5647093682306407,0.7384037721480662
cards,e7ac82e1460c4068,2023-05-06 15:00:00+00:00,2223,0,0.491895019242262,0.47941176470588237,0.24196070995534527,0.22983564013840832,0.6770671977189482,0.6527958850363781
cards,509c34e01c1a2d42,2023-05-06 17:30:00+00:00,2223,1,0.4955846779156861,0.4780058651026393,0.2544348171534222,0.272477876867244,0.7020170459365309,0.7381322764767544
cards,3dc05337c9e961cc,2023-05-07 16:30:00+00:00,2223,0,0.4063135514459565,0.47953216374269003,0.16509070208862592,0.22995109606374609,0.5214039633760774,0.65302718677052
cards,024f34f83fdcb974,2023-05-07 19:00:00+00:00,2223,0,0.5252683371573823,0.478134110787172,0.27590682602008143,0.22861222789823965,0.7450055549064382,0.6503446413251848
cards,0dfa667b9d9e64c0,2023-05-08 15:00:00+00:00,2223,0,0.5106408603613781,0.47674418604651164,0.2607540882706085,0.2272850189291509,0.7146586221852611,0.6476848064831879
cards,cb7f17a15f7a926c,2023-05-08 17:30:00+00:00,2223,1,0.441716912691891,0.4753623188405797,0.3116800055742737,0.27524469649233346,0.8170860711152103,0.7436779892071613
cards,3b8fe9958a4060c4,2023-05-08 20:00:00+00:00,2223,0,0.5596918889708133,0.476878612716763,0.3132550105797173,0.22741321126666444,0.8202805447930419,0.6479417437918985
cards,4587f24eac6812cc,2023-05-13 12:30:00+00:00,2223,1,0.5482605425724498,0.4755043227665706,0.20406853739693742,0.27509571543655376,0.6010046623707114,0.7433793060462786
cards,001e2aab026c6f95,2023-05-13 15:00:00+00:00,2223,1,0.5433473774810931,0.47701149425287354,0.2085316176533953,0.27351697714361206,0.6100064260587845,0.7402146914179312
cards,84aeb0a6f6803217,2023-05-13 15:00:00+00:00,2223,1,0.5434493617968008,0.4785100286532951,0.20843848524374847,0.2719517902151871,0.6098187473285837,0.7370781097856721
cards,947e14341ae155b1,2023-05-13 15:00:00+00:00,2223,0,0.563360688371605,0.48,0.3173752652025287,0.2304,0.8286477985431504,0.6539264674066639
cards,97a87850f7c884c6,2023-05-13 15:00:00+00:00,2223,1,0.5188306349386469,0.47863247863247865,0.23152395787354568,0.2718240923369128,0.6561777786713211,0.7368222440626069
cards,cd1c7657ff0c4dbf,2023-05-13 15:00:00+00:00,2223,0,0.5003286259717454,0.48011363636363635,0.25032873396677474,0.23050910382231404,0.6938046485881814,0.6541450227566762
cards,4982a1f4d8afc23c,2023-05-14 14:00:00+00:00,2223,0,0.4911143577176067,0.47875354107648727,0.24119331235637737,0.2292049530932758,0.6755319590249004,0.6515322993243112
cards,f87f980b723c7fd1,2023-05-14 14:00:00+00:00,2223,0,0.6218664791640943,0.4774011299435028,0.38671791790794696,0.22791183887133326,0.9725079160088632,0.6489410880554496
cards,c942a08710183fdb,2023-05-14 16:30:00+00:00,2223,0,0.4801959163295387,0.476056338028169,0.2305881180595653,0.2266296369767903,0.654303300571553,0.6463711157622146
cards,d8c9bb7248c3731f,2023-05-15 20:00:00+00:00,2223,0,0.540854296760507,0.4747191011235955,0.2925233703243026,0.2253582249715945,0.7783876830422004,0.6438221139974438
cards,0977e8951b30e862,2023-05-18 19:30:00+00:00,2223,1,0.4831790548660963,0.4733893557422969,0.26710388932910145,0.27731877064551314,0.7273679800185439,0.7478370668565656
cards,8b3f6e89e0eab81c,2023-05-20 12:30:00+00:00,2223,0,0.5269220753851572,0.4748603351955307,0.27764687352820133,0.2254923379420118,0.7484951585733258,0.6440910235707511
cards,3f91b083ac0fe0f3,2023-05-20 15:00:00+00:00,2223,0,0.5387080412504789,0.4735376044568245,0.2902063537079277,0.224237862834708,0.7737241202860538,0.6415753734286365
cards,4abda390446ac4f4,2023-05-20 15:00:00+00:00,2223,1,0.5117720091330163,0.4722222222222222,0.23836657106601147,0.2785493827160494,0.6698760477778167,0.750305594399894
cards,5fa7adfb6debc941,2023-05-20 15:00:00+00:00,2223,1,0.5506487232138835,0.47368421052631576,0.20191656994931312,0.27700831024930755,0.5966581990629062,0.7472144018302211
cards,6f1131e7e9463c6e,2023-05-20 15:00:00+00:00,2223,0,0.3862100051265543,0.47513812154696133,0.1491581680598531,0.225756234547175,0.4881024372332859,0.644620139665285
cards,759dfe676e682393,2023-05-20 17:30:00+00:00,2223,1,0.5424554670955455,0.4738292011019284,0.20934699959075545,0.2768557096130349,0.6116492852400935,0.7469083574513977
cards,6d8be4f35ecbcb38,2023-05-21 13:30:00+00:00,2223,1,0.4754878312503315,0.47527472527472525,0.2751130151664808,0.27533661393551506,0.7434139888061123,0.7438622731389618
cards,bf60ad25fd0213f6,2023-05-21 14:00:00+00:00,2223,1,0.5090857611534222,0.4767123287671233,0.24099678990231485,0.27382998686432725,0.6751387871284573,0.7408420543679625
cards,ee119d8d4742a2e0,2023-05-21 16:00:00+00:00,2223,0,0.4731512617445398,0.4781420765027322,0.22387211649045002,0.22861984532234464,0.6408417958232867,0.6503599053547363
cards,1525ca20572cdc2d,2023-05-22 20:00:00+00:00,2223,0,0.445732323867574,0.4768392370572207,0.19867730454038787,0.22737565799731232,0.5901075390097242,0.6478664760267888
cards,c6ceb3b33ac683f9,2023-05-24 20:00:00+00:00,2223,0,0.549998817092599,0.47554347826086957,0.3024986988032582,0.22614159971644612,0.7985050675381132,0.6453927492640454
cards,c48288a7e615c030,2023-05-25 20:00:00+00:00,2223,0,0.477470362520666,0.4742547425474255,0.2279779470856162,0.22491756082872486,0.6490735743033421,0.6429384849771991
cards,55d1e5418b9d3a92,2023-05-28 16:30:00+00:00,2223,1,0.5543707178450884,0.47297297297297297,0.19858545711390183,0.2777574872169466,0.589921650241089,0.7487170317147561
cards,5d3205b4c210936d,2023-05-28 16:30:00+00:00,2223,0,0.5111372351969737,0.4743935309973046,0.26126127320480647,0.2250492222520906,0.7156734734699116,0.6432025040436884
cards,5e546d24a3c945e1,2023-05-28 16:30:00+00:00,2223,0,0.578373953201708,0.4731182795698925,0.33451642974217155,0.22384090646317495,0.8636365028324782,0.6407791950426294
cards,6414d1174662900d,2023-05-28 16:30:00+00:00,2223,1,0.495337903479315,0.4718498659517426,0.25468383166465314,0.27894256409519225,0.7025151160100279,0.7510944246056638
cards,6591e2a375258ca1,2023-05-28 16:30:00+00:00,2223,0,0.5753189839988146,0.4732620320855615,0.33099193334942834,0.22397695101375503,0.8564169424472714,0.6410520686765434
cards,887b080c7bbdc658,2023-05-28 16:30:00+00:00,2223,0,0.5006238076180661,0.472,0.2506241967540105,0.22278399999999998,0.6943955747158952,0.6386589952758756
cards,932c52240e19ba48,2023-05-28 16:30:00+00:00,2223,0,0.4582165782808074,0.47074468085106386,0.20996243261137132,0.22160055454956998,0.6128889483242174,0.636284318665402
cards,a78416e46ed10e92,2023-05-28 16:30:00+00:00,2223,0,0.490798375117469,0.46949602122015915,0.2408830450179478,0.22042651394156013,0.6749112212542302,0.633927820899974
cards,a971fd2460606a9d,2023-05-28 16:30:00+00:00,2223,1,0.5617895851818454,0.46825396825396826,0.19202836765509912,0.2827538422776518,0.5766279027859922,0.7587444630457585
cards,d76211b50fb8587d,2023-05-28 16:30:00+00:00,2223,0,0.4573655291967759,0.46965699208443273,0.2091832272974469,0.22057769021379692,0.611319351834483,0.6342312970233506
cards,d0342c1d9c96635f,2023-08-11 20:00:00+00:00,2324,0,0.4771910733613902,0.46842105263157896,0.2277113204957957,0.21941828254847648,0.6485392227056721,0.6319035553192267
cards,3e9923f666ce142a,2023-08-12 12:30:00+00:00,2324,1,0.3977974709160785,0.4671916010498688,0.36264788603507125,0.28388478999180217,0.9218122702595029,0.7610158248346157
cards,33acbc0047576ef0,2023-08-12 15:00:00+00:00,2324,1,0.5582774211820554,0.468586387434555,0.19511883663757532,0.28240042761985684,0.5828992695720093,0.7580348027658201
cards,43788438e8fad0a7,2023-08-12 15:00:00+00:00,2324,0,0.5770853082919575,0.4699738903394256,0.3330274530464236,0.22087545760077446,0.8605847947239574,0.6348290101388587
cards,91a82b6d149b2245,2023-08-12 15:00:00+00:00,2324,0,0.4431668258382923,0.46875,0.1963968355235873,0.2197265625,0.5854895917049443,0.6325225587435105
cards,d54f702123308768,2023-08-12 15:00:00+00:00,2324,1,0.5768370535538087,0.4675324675324675,0.1790668792450222,0.28352167313206283,0.55019545521025,0.7602864833975739
cards,8194a43a749501d5,2023-08-12 17:30:00+00:00,2324,1,0.4630106617196228,0.4689119170984456,0.28835754942679737,0.28205455180004835,0.7700051976888437,0.7573403381990051
cards,f8002d2d22a9c1f8,2023-08-13 14:00:00+00:00,2324,1,0.572959824196774,0.4702842377260982,0.18236331175005013,0.28059878880142086,0.5569396795653936,0.7544180059529865
cards,a4e2e37ed525cb58,2023-08-13 16:30:00+00:00,2324,1,0.5027678998294547,0.47164948453608246,0.2472397614400112,0.27915426719098735,0.6876266471253757,0.7515191867818525
cards,837953ffde633954,2023-08-14 20:00:00+00:00,2324,1,0.4868087676464832,0.4730077120822622,0.2633652409645213,0.2777208715247718,0.719883907253465,0.7486435860094607
cards,42bd534c451191ff,2023-08-18 19:45:00+00:00,2324,1,0.5544476553806388,0.47435897435897434,0.19851689179581003,0.2762984878369494,0.5897828763218762,0.7457909140453673
cards,0e0063c7b822f1da,2023-08-19 15:00:00+00:00,2324,1,0.5509134648224596,0.47570332480818417,0.20167871607776822,0.2748870036171925,0.5961775333019558,0.7429608862721645
cards,0fbf1001f41cddc8,2023-08-19 15:00:00+00:00,2324,1,0.501695829302675,0.4770408163265306,0.24830704653434885,0.2734863077884215,0.689761260656492,0.7401532229358759
cards,7633a86cdf29d694,2023-08-19 15:00:00+00:00,2324,1,0.4705460266761326,0.47837150127226463,0.2803215098684306,0.27209629068495095,0.7538614997122841,0.7373676490393121
cards,12a85bca4f9863d6,2023-08-19 17:30:00+00:00,2324,1,0.4794318909174787,0.4796954314720812,0.27099115619375186,0.2707168440310238,0.7351534366297611,0.7346038942382914
cards,86ca836d8bee101c,2023-08-19 20:00:00+00:00,2324,1,0.4649342708563574,0.4810126582278481,0.2862953345040179,0.2693478609197244,0.765859236383138,0.7318616927406357
cards,e660d8b04cef03c4,2023-08-20 14:00:00+00:00,2324,1,0.5434093365583272,0.4823232323232323,0.2084750339421069,0.26798923579226613,0.6098924003960012,0.7291407832078507
cards,96cd279564292d3d,2023-08-20 16:30:00+00:00,2324,1,0.5325324464143496,0.4836272040302267,0.21852591365535293,0.26664086441764107,0.6301114510213296,0.7264409086594089
cards,3169e552cae48623,2023-08-21 20:00:00+00:00,2324,0,0.496279845073066,0.4849246231155779,0.24629368462574638,0.23515189010378526,0.6857344132789586,0.6634420261460297
cards,a3975fa561d07fcb,2023-08-25 20:00:00+00:00,2324,1,0.5826724391363873,0.48370927318295737,0.17416229305637235,0.2665561145972702,0.5401301044991934,0.726271227984978
cards,1d98494148cd7435,2023-08-26 12:30:00+00:00,2324,1,0.5278008637195865,0.485,0.22297202430396856,0.265225,0.6390362184618339,0.7236063880446539
cards,801577c355bea5eb,2023-08-26 15:00:00+00:00,2324,1,0.461317789096671,0.486284289276808,0.2901785243436986,0.2639038314438343,0.7736681261949075,0.7209618687428223
cards,8853cd5a385f0b4b,2023-08-26 15:00:00+00:00,2324,0,0.5123323912270515,0.48756218905472637,0.2624844791004286,0.23771688819583675,0.7181212347667489,0.66857591982944
cards,c2fd4ec5da11f778,2023-08-26 15:00:00+00:00,2324,1,0.4385260872132386,0.48635235732009924,0.31525295474007575,0.2638339008306191,0.8243359770050647,0.7208219027161658
cards,db2a92ac4cb4f68a,2023-08-26 15:00:00+00:00,2324,0,0.5335274914170511,0.4876237623762376,0.2846515840977716,0.23777693363395744,0.7625561916575133,0.668696084695781
cards,6b2f758dc38c245b,2023-08-26 17:30:00+00:00,2324,1,0.6060711324434,0.48641975308641977,0.15517995269442528,0.26376467001981396,0.5007579195317103,0.7206833383685506
cards,66cc2e42765159d4,2023-08-27 14:00:00+00:00,2324,0,0.4673696223366034,0.4876847290640394,0.21843436388305928,0.23783639496226555,0.6299275706847103,0.6688150799004146
cards,c8a4eef90907a290,2023-08-27 14:00:00+00:00,2324,0,0.5408758634331378,0.4864864864864865,0.2925466996445423,0.23666910153396642,0.7784346554498737,0.6664789334777841
cards,d2152dd48ec2a06b,2023-08-27 16:30:00+00:00,2324,0,0.4893007732565494,0.4852941176470588,0.23941524670945719,0.23551038062283736,0.6719744594408059,0.6641596436866931
cards,3b47d6223e39326d,2023-09-01 20:00:00+00:00,2324,0,0.6479976468304494,0.4841075794621027,0.4199009502977998,0.23436014849265607,1.0441174182656165,0.6618570225667353
cards,843c6e39a8c58937,2023-09-02 12:30:00+00:00,2324,0,0.6145467462180197,0.48292682926829267,0.37766770328715515,0.2332183224271267,0.9533353545974342,0.659570885026341
cards,134af961ffb35025,2023-09-02 15:00:00+00:00,2324,0,0.4545163463915043,0.48175182481751827,0.20658510913708192,0.2320848207150088,0.606082440045265,0.6573010487868096
cards,306099c57c77666a,2023-09-02 15:00:00+00:00,2324,1,0.5325517770103463,0.48058252427184467,0.21850784117618502,0.2697945140918088,0.630075152303212,0.7327563186549911
cards,51b08cc8ed13e7e4,2023-09-02 15:00:00+00:00,2324,1,0.5032312177152294,0.48184019370460046,0.24677922305269384,0.268489584860086,0.6867055371354113,0.7301427682365405
cards,bf254e0ca2f99457,2023-09-02 15:00:00+00:00,2324,1,0.3934017549513002,0.4830917874396135,0.3679614308961624,0.2671941002123738,0.9329239120526338,0.7275486072772778
cards,03d57c28bfafa5ad,2023-09-02 17:30:00+00:00,2324,1,0.5181348785239384,0.4843373493975904,0.23219399529513965,0.2659079692263027,0.6575196873656429,0.7249736121716225
cards,a7980433da9a3a58,2023-09-03 14:00:00+00:00,2324,0,0.5915283249832265,0.4855769230769231,0.3499057592574616,0.23578494822485208,0.8953327060903657,0.6647092452394119
cards,f2147309e1c9c76b,2023-09-03 14:00:00+00:00,2324,1,0.4524847483013219,0.4844124700239808,0.2997729508426668,0.2658305010667725,0.7930012218216397,0.7248185243975968
cards,14b274c3626eff45,2023-09-03 16:30:00+00:00,2324,1,0.5391309960161711,0.48564593301435405,0.2124002388330465,0.2645601062246743,0.6177967023209636,0.7222754534829691
cards,575c3fc5b6f69c04,2023-09-16 12:30:00+00:00,2324,1,0.5940546411590433,0.48687350835322196,0.16479163436451313,0.263298796429731,0.5207839753669353,0.7197509260779213
cards,08c38703b104f387,2023-09-16 15:00:00+00:00,2324,1,0.4709050406517283,0.4880952380952381,0.27994147600774927,0.26204648526077096,0.7530988174965905,0.7172447321390059
cards,1700e9aa8113d019,2023-09-16 15:00:00+00:00,2324,1,0.6626287640333843,0.48931116389548696,0.11381935085764187,0.26080308732178215,0.4115403792022656,0.7147566648928003
cards,3affcb88ca27b73d,2023-09-16 15:00:00+00:00,2324,1,0.5298021152000083,0.490521327014218,0.22108605087038627,0.2595685182273534,0.6352517097021407,0.7122865207706427
cards,5034bd0aa36616d9,2023-09-16 15:00:00+00:00,2324,1,0.575473960683036,0.491725768321513,0.18022235805814846,0.25834269458835624,0.5525612982677666,0.70983409934496
cards,b78c53b1596f050a,2023-09-16 15:00:00+00:00,2324,1,0.4985846378776521,0.49292452830188677,0.2514173653722852,0.257125533997864,0.6959819188814685,0.7073992032671468
cards,0bae08a0173c8e9e,2023-09-16 17:30:00+00:00,2324,1,0.5334192973527108,0.49411764705882355,0.21769755208283814,0.255916955017301,0.6284474898745508,0.7049816382069481
cards,06e78a751c51a05d,2023-09-17 14:00:00+00:00,2324,1,0.5401520325652454,0.4953051643192488,0.21146015315387517,0.2547168771628205,0.6159046372617774,0.702581212793304
cards,9410284fa73c0078,2023-09-17 16:30:00+00:00,2324,0,0.5134143807804423,0.4964871194379391,0.263594326392165,0.24649945976778243,0.720342402666723,0.6861459851009617
cards,a674f44b4f4958d1,2023-09-18 19:45:00+00:00,2324,1,0.6175036329815377,0.4953271028037383,0.14630347078232225,0.25469473316446856,0.4820703271264006,0.7025369209097844
cards,26b8bd6277a86d68,2023-09-23 15:00:00+00:00,2324,1,0.4975124718564847,0.4965034965034965,0.25249371593978004,0.2535087290332046,0.6981346536394525,0.7001647532185918
cards,91b8a3284dd54b8a,2023-09-23 15:00:00+00:00,2324,1,0.4604586944263001,0.49767441860465117,0.29110482042017266,0.2523309897241753,0.7755321245382596,0.6978091936657566
cards,f179ec048fbb8284,2023-09-23 15:00:00+00:00,2324,0,0.5620846264952244,0.4988399071925754,0.3159391273422759,0.24884125300789728,0.8257295984496862,0.6908296824195829
cards,875da126231a90d0,2023-09-23 17:30:00+00:00,2324,1,0.4804836039351102,0.4976851851851852,0.2698972857802515,0.25232017318244176,0.7329621740777982,0.6977875601164475
cards,d3d54329bff227bd,2023-09-23 20:00:00+00:00,2324,0,0.604118218784105,0.49884526558891457,0.36495882226687976,0.2488465990004747,0.9266396445803825,0.6908403744620304
cards,0141d31d1a8b3d81,2023-09-24 14:00:00+00:00,2324,1,0.5624739550833081,0.4976958525345622,0.19142903998044308,0.2523094565609802,0.5754104480496549,0.6977661264162398
cards,22ffbb01e4781ea3,2023-09-24 14:00:00+00:00,2324,0,0.5599251595618534,0.49885057471264366,0.313516184310367,0.24885189589113488,0.8208104746289395,0.6908509682995951
cards,7e35cc793e038ef1,2023-09-24 14:00:00+00:00,2324,1,0.5705488996597131,0.49770642201834864,0.18442824758348314,0.2522988384816092,0.5611563996639721,0.6977448898085747
cards,bbba85a535de9553,2023-09-24 14:00:00+00:00,2324,1,0.4943227194271037,0.4988558352402746,0.2557095120875997,0.25114547387272285,0.7045666968950072,0.6954381323065011
cards,8c330bab8ea7906a,2023-09-24 16:30:00+00:00,2324,0,0.565527128450888,0.5,0.31982093301390724,0.25,0.8336217722463556,0.6931471805599453
cards,4c346803313e322e,2023-09-30 12:30:00+00:00,2324,1,0.6230256088478302,0.4988610478359909,0.1421096915845491,0.25114024937604096,0.4731676553447483,0.6954276832586705
cards,03ed41387dccd604,2023-09-30 15:00:00+00:00,2324,0,0.5295272966881961,0.5,0.28039915793790887,0.25,0.7540173379801962,0.6931471805599453
cards,0f9e5536870619e4,2023-09-30 15:00:00+00:00,2324,0,0.5879442007644506,0.4988662131519274,0.3456783832125486,0.24886749862454427,0.8865965037653663,0.6908821739290932
cards,1828a41c3ee13854,2023-09-30 15:00:00+00:00,2324,1,0.6377664330172295,0.497737556561086,0.1312131570490613,0.2522675620892283,0.4497831551150311,0.6976823357253366
cards,3e4e56f4a5170841,2023-09-30 15:00:00+00:00,2324,0,0.4799085964783261,0.49887133182844245,0.23031226097379684,0.24887260572028394,0.6537507068502365,0.6908923881728563
cards,5a0da5a1af75c980,2023-09-30 15:00:00+00:00,2324,1,0.51129079316423,0.49774774774774777,0.23883668884604745,0.25225732489246,0.6708167837779818,0.6976618609144719
cards,f902006ca01d9e85,2023-09-30 15:00:00+00:00,2324,1,0.488975081573073,0.49887640449438203,0.26114646725324736,0.25112485797247813,0.7154437487339405,0.6953969002939607
cards,44760a9a92f51cb7,2023-09-30 17:30:00+00:00,2324,1,0.5540827651016287,0.5,0.19884218037940926,0.25,0.5904412079029437,0.6931471805599453
cards,f005f05cba8d95bb,2023-10-01 14:00:00+00:00,2324,0,0.6821568333231796,0.5011185682326622,0.46533794524950817,0.25111981942755335,1.1461972044093276,0.6953868231534501
cards,7c7bb0e2943c8c7d,2023-10-02 20:00:00+00:00,2324,1,0.6482641184787217,0.5,0.12371813034955075,0.25,0.4334570754272613,0.6931471805599453
cards,a4505087636e9134,2023-10-03 19:30:00+00:00,2324,1,0.5431809951989023,0.5011135857461024,0.20868360314746534,0.2488876543271115,0.6103126900969356,0.6909224855378342
cards,3f7ae5f31fd71f93,2023-10-07 12:30:00+00:00,2324,0,0.5897841834440991,0.5022222222222222,0.34784538304082274,0.25222716049382715,0.8910718759304485,0.6976015309093256
cards,07af90069556ae8a,2023-10-07 15:00:00+00:00,2324,1,0.5865804135846934,0.5011086474501109,0.17091575443180318,0.24889258164905778,0.5334455127257051,0.6909323402303925
cards,2f6ef2e4024ad1d0,2023-10-07 15:00:00+00:00,2324,1,0.595176586453874,0.5022123893805309,0.1638819961551378,0.24779250528624017,0.5188971335120632,0.6887321623508286
cards,e56989dfe17de621,2023-10-07 15:00:00+00:00,2324,0,0.479953329442062,0.5033112582781457,0.23035519844252048,0.2533222227095303,0.6538367203610927,0.6997917232786139
cards,f861dca440494dc6,2023-10-07 15:00:00+00:00,2324,0,0.4415585230689004,0.5022026431718062,0.19497392929478866,0.2522074948087485,0.5826054521207212,0.6975621987690621
cards,0f983bf5d8272282,2023-10-07 17:30:00+00:00,2324,0,0.5183821723923548,0.5010989010989011,0.2687200766542171,0.25110010868252625,0.73060436821492,0.6953474014695478
cards,11a1b4c2e2514d8a,2023-10-08 14:00:00+00:00,2324,1,0.6513721910873715,0.5,0.12154134914722019,0.25,0.42867407804396523,0.6931471805599453
cards,4e2d4760f8f34fdf,2023-10-08 14:00:00+00:00,2324,0,0.5264925148396015,0.5010940919037199,0.27719436818212795,0.2510952889408137,0.7475875583280508,0.6953377619397639
cards,70f13fee1ba9a34d,2023-10-08 14:00:00+00:00,2324,1,0.5517196058845331,0.5,0.20095531174831838,0.25,0.5947153221147145,0.6931471805599453
cards,3d7abb79c543f1e6,2023-10-08 16:30:00+00:00,2324,1,0.4907137642504488,0.5010893246187363,0.25937246992394736,0.24891186200938864,0.7118942860444061,0.6909709011373498
cards,99a830da3a898a0e,2023-10-21 12:30:00+00:00,2324,0,0.5327364760105653,0.5021739130434782,0.2838081528721556,0.25217863894139886,0.7608618892677154,0.697504485928901
cards,1f7232f4b5ce19cd,2023-10-21 15:00:00+00:00,2324,1,0.5548678679792167,0.5010845986984815,0.19814261495736804,0.2489165776558552,0.589025269293347,0.690980332474855
cards,46e9cbb6ca582f24,2023-10-21 15:00:00+00:00,2324,1,0.5691627352301295,0.5021645021645021,0.1856207487143835,0.247840182905118,0.5635888835847133,0.688827519415429
cards,7bdc2db9ac9f4c9c,2023-10-21 15:00:00+00:00,2324,0,0.5544184593386059,0.5032397408207343,0.3073798280553934,0.25325023674131986,0.808375017031906,0.6996477451630386
cards,962bca027f2b798b,2023-10-21 15:00:00+00:00,2324,1,0.4439413597195694,0.5021551724137931,0.3092012114305213,0.24784947235434002,0.8120627979759524,0.6888460986605546
cards,b7cddc326d999415,2023-10-21 15:00:00+00:00,2324,1,0.5140597561034782,0.5032258064516129,0.2361379206382111,0.24678459937565042,0.6654157632736365,0.686716290229655
cards,270156fc433cc564,2023-10-21 17:30:00+00:00,2324,1,0.5214652406642606,0.5042918454935622,0.22899551589251405,0.2457265744441784,0.6511126593719736,0.684600119981487
cards,4197fe41d48e5b9e,2023-10-21 20:00:00+00:00,2324,1,0.6109942789485391,0.5053533190578159,0.15132545101076703,0.24467533896711888,0.4926676832773918,0.6824974526432872
cards,deae005d95bb9bba,2023-10-22 16:30:00+00:00,2324,0,0.5828092099760378,0.5064102564102564,0.33966657523289334,0.2564513477975016,0.8742116317848043,0.7060505853958532
cards,76bee6821ca57eb7,2023-10-23 20:00:00+00:00,2324,0,0.5708123200162064,0.5053304904051172,0.32582670468228403,0.2553589045330763,0.8458609732419738,0.7038653967799694
cards,7eed37053ae5ef2a,2023-10-27 20:00:00+00:00,2324,0,0.6514276414888938,0.5042553191489362,0.4243579720957827,0.2542734268899955,1.0539094418940305,0.7016942411384037
cards,02717c9c9d20a063,2023-10-28 12:30:00+00:00,2324,1,0.6021186197277338,0.5031847133757962,0.15830959276736367,0.2468254290234898,0.507300810346587,0.6867979528812865
cards,477fa062507fe2f9,2023-10-28 15:00:00+00:00,2324,0,0.4697447240151975,0.5042372881355932,0.22066010574011408,0.25425524274633726,0.6343967355919333,0.701657870227854
cards,a4d80b5e0b049c9e,2023-10-28 15:00:00+00:00,2324,1,0.5029745397733585,0.5031712473572939,0.2470343081135048,0.24683880945250725,0.6872157269162353,0.6868247148204581
cards,096ba263eac9b2d3,2023-10-28 17:30:00+00:00,2324,1,0.6614027282484723,0.5042194092827004,0.11464811243757786,0.24579839413199456,0.4133923534830606,0.6847437697635659
cards,99bb0c0ec7d34ac8,2023-10-29 13:00:00+00:00,2324,1,0.5172769640062215,0.5052631578947369,0.2330215294790508,0.24476454293628808,0.6591768341719796,0.6826758806926498
cards,9b3c062ce7549e91,2023-10-29 14:00:00+00:00,2324,1,0.5347237614314791,0.5063025210084033,0.21648197817647113,0.24373720076265804,0.626004999205252,0.6806209207407651
cards,c85c91840904f721,2023-10-29 14:00:00+00:00,2324,0,0.5350405582074875,0.5073375262054507,0.28626839892697986,0.25739136549626634,0.7658050991504224,0.7079309767441821
cards,d2711c3e2630bec1,2023-10-29 14:00:00+00:00,2324,1,0.4997619329251885,0.5062761506276151,0.25023812375074356,0.2437632394390854,0.6936234280974258,0.6806730063347695
cards,9ca23ffcf3f9e28f,2023-10-29 15:30:00+00:00,2324,1,0.5220822197954927,0.5073068893528184,0.22840540463560371,0.24274650127919592,0.6499301943160002,0.6786391540703667
cards,3b5e31d38f1fa844,2023-11-04 12:30:00+00:00,2324,1,0.5068749547233378,0.5083333333333333,0.24317231027911018,0.24173611111111115,0.679490943437568,0.6766178786087348
cards,365c21fbc714fda3,2023-11-04 15:00:00+00:00,2324,1,0.5927181037037419,0.5093555093555093,0.16587854305067595,0.2407320161997917,0.5230363661909369,0.6746090595610342
cards,3742b2ff451095df,2023-11-04 15:00:00+00:00,2324,0,0.5582778676270654,0.5103734439834025,0.3116741774822232,0.26048105232347923,0.8170742543836026,0.7141123090249901
cards,4baa3b97eb1e3c9a,2023-11-04 15:00:00+00:00,2324,1,0.5661644242929718,0.5093167701863354,0.18821330674904863,0.24077003202036962,0.5688707406821701,0.67468511772021
cards,98279600491664ee,2023-11-04 15:00:00+00:00,2324,1,0.565891555442032,0.5103305785123967,0.18845014163653842,0.23977614234000408,0.5693528172951804,0.6726965700886545
cards,e4abed43e6cd33a1,2023-11-04 15:00:00+00:00,2324,1,0.5365094884841553,0.511340206185567,0.21482345426521943,0.2387883940907642,0.6226710311700044,0.6707201447725011
cards,28e2f6e4ee84a09c,2023-11-04 17:30:00+00:00,2324,1,0.566454268425195,0.5123456790123457,0.18796190136673288,0.23780673677793013,0.5683589282947995,0.668755727435786
cards,613fccc17216aa69,2023-11-05 14:00:00+00:00,2324,0,0.5716506472687337,0.5133470225872689,0.3267844625227622,0.263525165599214,0.8478161716476595,0.7202039819474585
cards,ca50e6d6b50f6af3,2023-11-05 16:30:00+00:00,2324,0,0.4857252538577636,0.5122950819672131,0.2359290222351889,0.26244625100779356,0.6649976307663231,0.7180447321816724
cards,612defdc0462f9d7,2023-11-06 20:00:00+00:00,2324,1,0.5794787380871229,0.5112474437627812,0.17683813172079857,0.23887906122841573,0.545626306975303,0.6709015716126255
cards,d603f96de7696830,2023-11-11 12:30:00+00:00,2324,1,0.6068224541887863,0.5122448979591837,0.15458858253012903,0.2379050395668471,0.49951902792610825,0.6689524519728883
cards,1a1816a17fc5c30d,2023-11-11 15:00:00+00:00,2324,0,0.4451487685586904,0.5132382892057027,0.1981574261493185,0.2634135415067965,0.5890552526250153,0.71998057586301
cards,291fa9dae2a9447f,2023-11-11 15:00:00+00:00,2324,0,0.4639889776904637,0.5121951219512195,0.21528577141824162,0.26234384295062463,0.6236005541124426,0.7178397931503169
cards,b94e20a1a95833e5,2023-11-11 15:00:00+00:00,2324,1,0.5207723075555325,0.5111561866125761,0.22965918120564913,0.23896827388715852,0.6524423623979491,0.6710800865312667
cards,663a73d32eb9bf93,2023-11-11 17:30:00+00:00,2324,0,0.5763315181698377,0.5121457489878543,0.33215801883595003,0.2622932682063302,0.8588040120557404,0.7177385836972675
cards,37a153ae31d68e07,2023-11-12 14:00:00+00:00,2324,1,0.5004004431361516,0.5111111111111111,0.24959971721855367,0.2390123456790124,0.692346614825921,0.6711682738411702
cards,47d2d119db99a3f5,2023-11-12 14:00:00+00:00,2324,0,0.5642253792678172,0.5120967741935484,0.3183502786099122,0.2622431061394381,0.8306300942110393,0.717638200568241
cards,5a3a635a135fc4f2,2023-11-12 14:00:00+00:00,2324,1,0.5359749540270345,0.5110663983903421,0.2153192432902127,0.23905606678299168,0.6236678465646043,0.6712557590780921
cards,7732a27a848c305a,2023-11-12 14:00:00+00:00,2324,1,0.5453674892962733,0.5120481927710844,0.20669071978877415,0.23809696617796483,0.606295419265055,0.6693365318662267
cards,451ce25b1147ff4b,2023-11-12 16:30:00+00:00,2324,1,0.6243479469839092,0.5130260521042084,0.1411144649352039,0.23714362592921318,0.4710474586719099,0.6674286512719563
cards,b55d82ae58b42b2f,2023-11-25 12:30:00+00:00,2324,1,0.42427181716871,0.514,0.33146294050621933,0.236196,0.8573809509249555,0.6655320135269719
cards,2e2fa8474d282b6e,2023-11-25 15:00:00+00:00,2324,1,0.5891604748653064,0.5149700598802395,0.1687891154129005,0.23525404281257847,0.529056679357137,0.6636465161632474
cards,660181391f4d3096,2023-11-25 15:00:00+00:00,2324,1,0.6190127772582015,0.5159362549800797,0.1451512638925088,0.23431770924271045,0.4796293647364252,0.6617720579921915
cards,a7f7a7ef2fd7fa45,2023-11-25 15:00:00+00:00,2324,1,0.5689510948517463,0.5168986083499006,0.1858031586295082,0.23338695461426268,0.5639607978436015,0.6599085390842114
cards,afba3d057822a9e1,2023-11-25 15:00:00+00:00,2324,1,0.4910408875582034,0.5178571428571429,0.25903937813754135,0.23246173469387751,0.7112278806054135,0.6580558607486751
cards,ba6e4e1ba8e634b3,2023-11-25 15:00:00+00:00,2324,1,0.541994133715078,0.5188118811881188,0.20976937355140188,0.23154200568571706,0.6125001010049794,0.6562139255142629
cards,4f90d40830d0f4ed,2023-11-25 17:30:00+00:00,2324,0,0.5547725785437283,0.5197628458498024,0.3077726139040572,0.27015341592588543,0.8091700679100067,0.733475225946917
cards,eee1ab45bb5997ac,2023-11-26 14:00:00+00:00,2324,1,0.6856410346071419,0.5187376725838264,0.09882155912286818,0.23161342779003227,0.3774010613788661,0.6563569714134186
cards,2115515cbe554b81,2023-11-26 16:30:00+00:00,2324,0,0.5935252090337205,0.5196850393700787,0.35227217375852166,0.27007254014508025,0.9002333667603726,0.73331322228528
cards,f206ddc516298b00,2023-11-27 20:00:00+00:00,2324,1,0.5468615975115352,0.518664047151277,0.20533441180979795,0.23168429950478808,0.6035595295780481,0.6564989134042066
cards,1b2349c2ecaa3b08,2023-12-02 15:00:00+00:00,2324,0,0.5313772986902896,0.5196078431372549,0.28236183356338923,0.26999231064975016,0.7579573091187574,0.7331525151736445
cards,2cb67edd142e4ca7,2023-12-02 15:00:00+00:00,2324,0,0.5914262728203654,0.5185909980430529,0.3497850361821893,0.26893662325128964,0.8950828982752371,0.7310380542713417
cards,5a86402945ecfe81,2023-12-02 15:00:00+00:00,2324,1,0.4738297740149716,0.517578125,0.27685510671313585,0.23273086547851562,0.7469071483391363,0.6585947990532856
cards,c900d2a83b277882,2023-12-02 17:30:00+00:00,2324,0,0.5590072735313463,0.5185185185185185,0.3124891318609494,0.2688614540466392,0.8187268969396654,0.7308875085427923
cards,bc6ee1cc55ee3245,2023-12-02 20:00:00+00:00,2324,0,0.626263472157532,0.5175097276264592,0.3922059365588078,0.267816318188012,0.9842042008333503,0.728794519290183
cards,2852c736019366e7,2023-12-03 14:00:00+00:00,2324,0,0.5553727746941279,0.516504854368932,0.3084389188714546,0.26677726458667167,0.8105190438210728,0.7267140041990284
cards,40d937241baf11e0,2023-12-03 14:00:00+00:00,2324,0,0.5570100536256686,0.5155038759689923,0.3102601998400702,0.2657442461390542,0.8142082036091253,0.7246458476193164
cards,43c4dfae69c16397,2023-12-03 14:00:00+00:00,2324,1,0.5753065833823405,0.5145067698259188,0.18036449811838087,0.23570367654486338,0.5528521917882365,0.66454656572673
cards,ce28bf923c63fd37,2023-12-03 14:00:00+00:00,2324,1,0.6130628432304491,0.5154440154440154,0.14972036328890398,0.23479450216901956,0.48928783079567495,0.6627265838592336
cards,4e5a21226979e174,2023-12-03 16:30:00+00:00,2324,1,0.4649505071870808,0.5163776493256262,0.2862779597593621,0.23389057807180694,0.7658243152163259,0.6609169026550319
cards,69334b9dc18de398,2023-12-05 19:30:00+00:00,2324,1,0.5540470307257466,0.5173076923076924,0.19887405080452322,0.2329918639053254,0.5905057028312979,0.6591174319736338
cards,cd85bced7732b95a,2023-12-05 20:15:00+00:00,2324,0,0.5853370706410347,0.5182341650671785,0.34261948626662764,0.26856664984287554,0.8802893071916604,0.730297102621583
cards,2268f2ec4ad8b177,2023-12-06 19:30:00+00:00,2324,0,0.5589034663594074,0.5172413793103449,0.3123730847085612,0.26753864447086806,0.8184915303455743,0.7282385003712155
cards,a4ed1854be38616d,2023-12-06 19:30:00+00:00,2324,1,0.506015152141274,0.5162523900573613,0.24402102991400865,0.23401175012521527,0.681188665199783,0.6611595050665482
cards,c7bac1357275a12f,2023-12-06 19:30:00+00:00,2324,1,0.6899671888118439,0.517175572519084,0.09612034401323083,0.23311942777227435,0.3711112349680884,0.6593728634413413
cards,fe7d1bbbce7acb01,2023-12-06 19:30:00+00:00,2324,1,0.6335021939410359,0.518095238095238,0.13432064184603407,0.2322321995464853,0.45649181602088507,0.6575961962956265
cards,89f037021b20f323,2023-12-06 20:15:00+00:00,2324,1,0.4542824595648607,0.5190114068441065,0.2978076339385779,0.23135002674608562,0.7890361167687593,0.65582941755275
cards,e7b9009f5fec5e89,2023-12-06 20:15:00+00:00,2324,1,0.6065067783620138,0.5199240986717267,0.1548369154750413,0.23047287103615396,0.5000393744659036,0.6540724421532922
cards,5a8806932b2331b2,2023-12-07 19:30:00+00:00,2324,0,0.5883122324618746,0.5208333333333334,0.3461112828642748,0.27126736111111116,0.8874900627241408,0.7357067949787414
cards,bae9721bb90e9988,2023-12-07 20:15:00+00:00,2324,1,0.5769483092228763,0.5198487712665406,0.17897273306938308,0.23054520245425084,0.5500026018893434,0.6542173341917281
cards,e6ae670d59b3012f,2023-12-09 12:30:00+00:00,2324,1,0.5599901757989496,0.5207547169811321,0.19360864539343928,0.22967604129583483,0.5798360386229876,0.6524761408290175
cards,0e5d129913c79bd2,2023-12-09 15:00:00+00:00,2324,1,0.7085919666819814,0.5216572504708098,0.08491864188227542,0.22881178602714558,0.3444754235018737,0.6507445150546003
cards,105bd9c5f283012c,2023-12-09 15:00:00+00:00,2324,1,0.6326328722361794,0.5225563909774437,0.13495860656143932,0.22795239979648363,0.45786500576135136,0.6490223756510072
cards,43d87dfaf0779925,2023-12-09 15:00:00+00:00,2324,0,0.5797453995441987,0.5234521575984991,0.3361047282926626,0.27400216129452387,0.8668945598031776,0.741187157147308
cards,8fb25a9494714874,2023-12-09 15:00:00+00:00,2324,1,0.5029724862842732,0.5224719101123596,0.24703634939043703,0.22803307663173836,0.687219809614493,0.6491840571388291
cards,59b1f2f84601ed86,2023-12-09 17:30:00+00:00,2324,1,0.5352967448079667,0.5233644859813084,0.21594911538607198,0.2271814132238624,0.6249340226624406,0.647477143726757
cards,44417b038e32bc9d,2023-12-10 14:00:00+00:00,2324,0,0.6020615790449837,0.5242537313432836,0.36247814496213915,0.27484197482735573,0.9214580068868138,0.7428706159123758
cards,6156bf55aa20d2e2,2023-12-10 14:00:00+00:00,2324,0,0.5732387148827467,0.5232774674115456,0.32860262424042297,0.27381930790064113,0.8515304733285777,0.7408206500293021
cards,6541038171459732,2023-12-10 14:00:00+00:00,2324,1,0.4876681573150854,0.5223048327137546,0.2624839170289201,0.22819267284863398,0.7181201099394721,0.6495038908280387
cards,9b36f7005063caca,2023-12-10 16:30:00+00:00,2324,1,0.5880642929123516,0.5231910946196661,0.16969102677380085,0.22734673224999224,0.5309189953732039,0.6478084999708835
cards,f25e7943f0a00976,2023-12-15 20:00:00+00:00,2324,1,0.4741548959966051,0.524074074074074,0.2765130734043412,0.22650548696844996,0.7462212258666205,0.6461222419150825
cards,195cb54fedcfa641,2023-12-16 15:00:00+00:00,2324,1,0.6342911633294612,0.5249537892791127,0.1337429532189188,0.22566890232027362,0.4552471818133448,0.6444450406852755
cards,35d9cf075fcaae1d,2023-12-16 15:00:00+00:00,2324,0,0.5575102379180258,0.525830258302583,0.3108176653834137,0.27649746054656116,0.8153379513397181,0.7461899165444263
cards,8984afe2604588d4,2023-12-16 15:00:00+00:00,2324,0,0.4726375220903815,0.5248618784530387,0.22338622728773588,0.27547999145325236,0.6398671530060815,0.744149735012318
cards,12af9a96d9de6f6f,2023-12-16 17:30:00+00:00,2324,0,0.5202436236881386,0.5238970588235294,0.27065342798816555,0.2744681282439447,0.7344768532772599,0.7421211851564049
cards,5137fc77f1df9bc1,2023-12-17 14:00:00+00:00,2324,1,0.5573319929248743,0.5229357798165137,0.1959549644878635,0.22759027017927785,0.584594179047593,0.6482966143945936
cards,7b5502660c509143,2023-12-17 14:00:00+00:00,2324,1,0.5326149481031857,0.5238095238095238,0.21844878673658782,0.22675736961451246,0.6299565397115415,0.6466271649250525
cards,cfd86dea93e98869,2023-12-17 14:00:00+00:00,2324,1,0.5249033647112143,0.5246800731261426,0.2257168128627254,0.22592903288336913,0.644541100549697,0.6449665866623601
cards,18c84aac4b3e5613,2023-12-17 16:30:00+00:00,2324,1,0.5753085489649743,0.5255474452554745,0.18036282858223562,0.225105226703607,0.5528487752111753,0.6433148068120695
cards,535a2ca029a31f9a,2023-12-21 20:00:00+00:00,2324,1,0.5963236996898114,0.5264116575591985,0.16295455543212162,0.22428591809582588,0.5169716390683095,0.6416717533970986
cards,2cb7dda8f28b6ccc,2023-12-22 20:00:00+00:00,2324,1,0.5591733596799033,0.5272727272727272,0.19432812681590386,0.22347107438016534,0.5812957292547576,0.640037355245997
cards,31844d47af47d534,2023-12-23 12:30:00+00:00,2324,1,0.5986642625411295,0.5281306715063521,0.16107037416165546,0.22266066317304622,0.5130543345960603,0.638411541981422
cards,318db83e49597c52,2023-12-23 15:00:00+00:00,2324,1,0.5675392520383643,0.5289855072463768,0.18702229852753738,0.22185465238395294,0.5664453654310513,0.6367942440088136
cards,4387d78b630f9283,2023-12-23 15:00:00+00:00,2324,0,0.5293743999431965,0.5298372513562387,0.2802372553152193,0.2807275129247341,0.7536924054076953,0.7546763705068071
cards,8ecdd7945e5b6fda,2023-12-23 15:00:00+00:00,2324,0,0.6061205870991413,0.5288808664259927,0.36738216610540775,0.27971497087150876,0.9317104751569656,0.7526442794245903
cards,d4f1d12b55e92d4c,2023-12-23 15:00:00+00:00,2324,0,0.4478546279859405,0.527927927927928,0.20057376780842517,0.2787078970862755,0.5939439122789746,0.7506236099853377
cards,d5fd41fd31a72d5b,2023-12-23 17:30:00+00:00,2324,1,0.5484057124627836,0.5269784172661871,0.2039374005362461,0.2237494177320014,0.6007399147494271,0.640595685233515
cards,8e5de7aa05c9ce03,2023-12-24 13:00:00+00:00,2324,1,0.540171993035949,0.5278276481149012,0.21144179598853136,0.22294672988470554,0.6158676845138371,0.6389854725886025
cards,ec635b6d4e430614,2023-12-26 12:30:00+00:00,2324,1,0.5025902145887486,0.5286738351254481,0.24741649462286713,0.2221483536953533,0.6879801236428632,0.637383606041491
cards,98fcdb005d533bea,2023-12-26 15:00:00+00:00,2324,1,0.5167501982422255,0.5295169946332737,0.2335303708989284,0.22135425833890698,0.6601956967875793,0.6357900188310387
cards,a66193fce3f2d2b7,2023-12-26 15:00:00+00:00,2324,0,0.5603739980884492,0.5303571428571429,0.3140190177336333,0.28127869897959185,0.8218309091765397,0.7557827515514304
cards,2d0cd29eb82e9bbe,2023-12-26 17:30:00+00:00,2324,0,0.5141654977048449,0.5294117647058824,0.2643661590300708,0.28027681660899656,0.7218872433321197,0.7537718023763802
cards,25272d8336a9d5a6,2023-12-26 20:00:00+00:00,2324,1,0.6064697603321395,0.5284697508896797,0.15486604953304373,0.2223407758260407,0.5001004111450231,0.6377697110909915
cards,4b9cce9fed614e78,2023-12-27 19:30:00+00:00,2324,1,0.5753948480494003,0.5293072824156305,0.18028953506299183,0.22155163438695902,0.5526987815902097,0.636186141634286
cards,f63df021fca91778,2023-12-27 19:30:00+00:00,2324,0,0.6111134107501627,0.5301418439716312,0.37345960079869706,0.2810503747296414,0.9444675222158965,0.7553244255118368
cards,1ddf2c429192c6fe,2023-12-27 20:15:00+00:00,2324,1,0.5455766825194788,0.5292035398230088,0.2065005514700026,0.22164930691518522,0.6059119106838208,0.6363821577557546
cards,b806c46fc5f6c296,2023-12-28 19:30:00+00:00,2324,1,0.5368894616631272,0.5300353356890459,0.2144713707186681,0.22086678570090776,0.6219630498648406,0.6348116035469819
cards,89eaadac0893210e,2023-12-28 20:15:00+00:00,2324,0,0.497299145146849,0.5308641975308642,0.24730643976378677,0.28181679622008843,0.687760007761578,0.756862994946053
cards,2ff3d5684d1dd057,2023-12-30 12:30:00+00:00,2324,1,0.5031008137497665,0.5299295774647887,0.2469088012961443,0.22096620214243204,0.6869647040149609,0.6350111539722756
cards,0e0e25d2793d3df5,2023-12-30 15:00:00+00:00,2324,1,0.5846707036214551,0.5307557117750439,0.17249842443029717,0.2201902020317457,0.536706490030231,0.6334534167514614
cards,39e234c74f9326d8,2023-12-30 15:00:00+00:00,2324,1,0.5326113668497536,0.531578947368421,0.21845213439805558,0.21941828254847648,0.6299632636412488,0.6319035553192267
cards,6a5af788120941e9,2023-12-30 15:00:00+00:00,2324,0,0.6083966325674245,0.532399299474606,0.3701464625193817,0.28344901408105116,0.9375057691988741,0.7601405512557607
cards,f42082e202cbad8a,2023-12-30 15:00:00+00:00,2324,0,0.5466721898013627,0.5314685314685315,0.29885048310221707,0.2824587999413174,0.7911397723797259,0.7581520108689412
cards,d5781672adeaab0c,2023-12-30 17:30:00+00:00,2324,1,0.573766874925386,0.5305410122164049,0.18167467691087152,0.22039174121079766,0.5555321064052361,0.6338580153085178
cards,53aea1d507ae0905,2023-12-31 14:00:00+00:00,2324,1,0.6463458182452154,0.5313588850174216,0.12507128027264622,0.2196244946521143,0.43642059607242045,0.6323176197121548
cards,6bf72f98d481f7f9,2023-12-31 14:00:00+00:00,2324,1,0.5634360733057594,0.5321739130434783,0.1905880620906943,0.21886124763705103,0.5737013977128146,0.6307849388449697
cards,2f8b3511f6bbe41f,2024-01-01 20:00:00+00:00,2324,1,0.5415525892350941,0.5329861111111112,0.21017402843704638,0.2181019724151234,0.6133150995557056,0.629259913108694
cards,9191fb39806a4cba,2024-01-02 19:30:00+00:00,2324,0,0.5008756254016745,0.5337954939341422,0.2508763921215186,0.2849376293443948,0.6948999665956288,0.7631308869062605
cards,8c3b14273f8074e7,2024-01-12 19:45:00+00:00,2324,0,0.5040491369172136,0.532871972318339,0.254065532426988,0.2839525388824367,0.7012784235299562,0.7611519096740026
cards,a91f0dcbd6f9dc09,2024-01-13 12:30:00+00:00,2324,1,0.6287890789504107,0.531951640759931,0.13779754790648444,0.21906926658732073,0.4639594060993751,0.6312026945994207
cards,95fdb0c9e3a599b1,2024-01-13 17:30:00+00:00,2324,0,0.5618156207248044,0.5327586206896552,0.31563679169039727,0.2838317479191439,0.8251154999340313,0.7609092826607642
cards,e77d753949d08c89,2024-01-14 14:00:00+00:00,2324,1,0.66403443645159,0.53184165232358,0.11287285989040072,0.2191722384991157,0.4094212687246082,0.6314094799541657
cards,ced0e2553e65b0a9,2024-01-14 16:30:00+00:00,2324,0,0.618715548074718,0.5326460481099656,0.38280892942939865,0.2837118125671638,0.9642095894375923,0.7606683814354405
cards,9e4142a4b308ac2c,2024-01-20 12:30:00+00:00,2324,0,0.441310315296739,0.5317324185248714,0.19475479438730717,0.282739364910309,0.5821610857208392,0.7587153911655328
cards,d23dd57413ba183e,2024-01-20 17:30:00+00:00,2324,1,0.5327926027197695,0.5308219178082192,0.21828275207336717,0.22012807280915742,0.6296230436365547,0.6333286853490351
cards,072e3659673edcb7,2024-01-21 14:00:00+00:00,2324,1,0.5901316753400422,0.5316239316239316,0.16799204355956057,0.21937614142742348,0.5274095884405536,0.6318189350526223
cards,eb72c66907ea3134,2024-01-21 16:30:00+00:00,2324,0,0.4717047923110704,0.5324232081911263,0.22250541108923003,0.28347447262053144,0.638100046045648,0.7601916831889425
cards,8fc4ad8d3e69d7a1,2024-01-22 19:45:00+00:00,2324,1,0.5297148094410197,0.5315161839863713,0.22116816045909643,0.21947708586669146,0.6354165126555542,0.6320216320186142
cards,99dddde0bd77958b,2024-01-30 19:30:00+00:00,2324,0,0.6321925117662689,0.532312925170068,0.399667371933344,0.2833570503031144,1.000195607492983,0.7599558502320556
cards,06ebb747abe1935c,2024-01-30 19:45:00+00:00,2324,0,0.5772798225726533,0.5314091680814941,0.33325199354951407,0.2823957039210656,0.8610448379204384,0.7580253179344367
cards,630ad39713737980,2024-01-30 19:45:00+00:00,2324,1,0.4476693238084655,0.5305084745762711,0.3050691758621978,0.22042229244469982,0.8037004356082159,0.633919346359612
cards,f9eb55c1a396ae02,2024-01-30 20:00:00+00:00,2324,1,0.4871641095074786,0.5313028764805414,0.2630006505772574,0.21967699359541462,0.7191542321565569,0.6324230314978448
cards,48a85173e297bdfe,2024-01-30 20:15:00+00:00,2324,1,0.6550772620519154,0.5320945945945946,0.11897169515360304,0.21893546840759676,0.42300209297213553,0.6309339960583725
cards,6145d8fece75af35,2024-01-31 19:30:00+00:00,2324,1,0.4728184314173637,0.5328836424957841,0.2779204062532489,0.2181976914480064,0.7490438301108238,0.6294521854108134
cards,e0fcf10b6a3ef823,2024-01-31 19:30:00+00:00,2324,1,0.6165942925456162,0.5336700336700336,0.14699993650859658,0.21746363749730757,0.483544019905045,0.6279775454853644
cards,a7081180940fd0b2,2024-01-31 20:15:00+00:00,2324,1,0.47814258425941,0.534453781512605,0.27233516236344696,0.2167332815479133,0.7378462975415929,0.626510022765453
cards,dcf843cf94ebdada,2024-02-01 19:30:00+00:00,2324,1,0.5886244540930536,0.535234899328859,0.16922983977023814,0.2160065988018558,0.5299668978462366,0.6250495642805052
cards,9eda9140cfc14c97,2024-02-01 20:15:00+00:00,2324,1,0.5535895057638114,0.5360134003350083,0.19928232936419818,0.21528356466868126,0.5913318312098479,0.6235961175988299
cards,daa7928fc59562c3,2024-02-03 12:30:00+00:00,2324,0,0.5691916203755792,0.5367892976588629,0.3239791007057775,0.28814275008109524,0.842091882578909,0.7695732477632932
cards,aef1615080b277f8,2024-02-03 15:00:00+00:00,2324,1,0.5098341182570462,0.5358931552587646,0.2402625916248474,0.2153951633356652,0.6736698644912429,0.6238204749854336
cards,bde5cdfe08d89f08,2024-02-03 15:00:00+00:00,2324,1,0.5703356527384682,0.5366666666666666,0.1846114513076782,0.21467777777777783,0.5615302270127254,0.6223781096717381
cards,e6bd202f83f9e299,2024-02-03 15:00:00+00:00,2324,1,0.5197556880115818,0.5374376039933444,0.23063459919722917,0.2139639701994181,0.65439640855867,0.6209426113125511
cards,ca1780b5b6b3ecd6,2024-02-03 17:30:00+00:00,2324,0,0.6353585460620484,0.5382059800664452,0.40368048205408014,0.28966567697928275,1.0088407261683607,0.7726363316181839
cards,02385da511935c94,2024-02-04 14:00:00+00:00,2324,1,0.6161451262271926,0.5373134328358209,0.14734456411913788,0.21407885943417243,0.48427274867198583,0.621173680934856
cards,220fc638ddf52164,2024-02-04 14:00:00+00:00,2324,0,0.5235392203949314,0.5380794701986755,0.27409331529173253,0.28952951624928736,0.7413698686037714,0.7723624161134494
cards,3c576bde265840d0,2024-02-04 14:00:00+00:00,2324,1,0.461139010823105,0.5371900826446281,0.2903711656567017,0.21419301960248618,0.7740557395244855,0.621403275701104
cards,98caaf5254459fb1,2024-02-04 16:30:00+00:00,2324,1,0.498623263333446,0.5379537953795379,0.25137863207040306,0.21348669520417393,0.6959044516737453,0.6199826047026069
cards,c2e9d84162a3f208,2024-02-05 20:00:00+00:00,2324,0,0.6471868641971551,0.5387149917627677,0.4188508371893469,0.2902138423499589,1.0418167225413708,0.7737391878902486
cards,bc01c08ec4139e9a,2024-02-10 12:30:00+00:00,2324,0,0.5537735838219124,0.537828947368421,0.3066651821389647,0.2892599766274238,0.8069287961854847,0.7718202126324212
cards,3f66adeefe045ddd,2024-02-10 15:00:00+00:00,2324,1,0.6125554104428427,0.5369458128078818,0.1501133099771141,0.21441918027615325,0.49011587462592854,0.6218580968126436
cards,59b4a7e6c0b0f9b1,2024-02-10 15:00:00+00:00,2324,1,0.5082556961285152,0.5377049180327869,0.2418124603900512,0.2137167428110723,0.6767706192004962,0.6204453487832132
cards,a3f742f9496c22d1,2024-02-10 15:00:00+00:00,2324,0,0.4778678392436719,0.5384615384615384,0.22835767178341582,0.28994082840236685,0.6498345416189993,0.7731898882334817
cards,c0c03fd0b34ae27c,2024-02-10 15:00:00+00:00,2324,0,0.513566964411226,0.5375816993464052,0.26375102693456143,0.2889940834721688,0.7206560320740943,0.7712853848690884
cards,d6e3eaba18c87618,2024-02-10 15:00:00+00:00,2324,1,0.473843070352886,0.5367047308319739,0.2768411146156781,0.21464250643347377,0.7468790873094376,0.6223071851708395
cards,37e16ec0c53bf708,2024-02-10 17:30:00+00:00,2324,0,0.6232157646362635,0.5374592833876222,0.3883978892911626,0.28886248129953634,0.9760825753618153,0.7710206899859364
cards,ca3db0106bb79c2e,2024-02-11 14:00:00+00:00,2324,1,0.6511596805929344,0.5365853658536586,0.12168956844402355,0.2147531231409875,0.4290003817620441,0.6225296133459919
cards,6fb1768286a610c7,2024-02-11 16:30:00+00:00,2324,1,0.5824731923130742,0.5373376623376623,0.17432863513723515,0.21405643869117896,0.5404721163814462,0.6211285881564569
cards,00230900d5c71178,2024-02-12 20:00:00+00:00,2324,1,0.450481056069122,0.5380875202593193,0.3019710697389075,0.21336313894018477,0.7974392537188585,0.6197340549888993
cards,ca6fe7df7737d008,2024-02-17 12:30:00+00:00,2324,0,0.5218153567719607,0.5388349514563107,0.2722912665630486,0.2903431049109247,0.7377583381748666,0.7739992771890402
cards,180559a3bc7f59ec,2024-02-17 15:00:00+00:00,2324,1,0.5342347670511569,0.5379644588045234,0.21693725222389007,0.21347684132779698,0.6269198979621295,0.6199627827041524
cards,2e0491d28eac6143,2024-02-17 15:00:00+00:00,2324,1,0.3961407171629389,0.5387096774193548,0.36464603346848967,0.2127887617065557,0.9259857844771677,0.6185784850624368
cards,90af4d41ba757b60,2024-02-17 15:00:00+00:00,2324,0,0.6079105255654335,0.5394524959742351,0.3695552070932415,0.2910089954128321,0.9362652141284075,0.7753392711136261
cards,bca0e6e35ad2f914,2024-02-17 15:00:00+00:00,2324,0,0.5057028365057904,0.5385852090032154,0.25573535885000215,0.2900740273570372,0.7046183971153674,0.7734578769795583
cards,c2b195653a6a6b81,2024-02-17 15:00:00+00:00,2324,1,0.5060353512592937,0.5377207062600321,0.24400107420552938,0.21370214542072352,0.6811487479862558,0.6204159869623868
cards,179590b426c2f1fa,2024-02-17 17:30:00+00:00,2324,1,0.4808879489802755,0.5384615384615384,0.269477321513905,0.21301775147928997,0.7321209903174057,0.6190392084062235
cards,0c7e542de18434da,2024-02-18 14:00:00+00:00,2324,1,0.6577935977736954,0.5392,0.11710522172467137,0.21233664,0.41886407806004844,0.6176687193840398
cards,a6581a33d79d195a,2024-02-18 16:30:00+00:00,2324,1,0.5514866943202711,0.5399361022364217,0.20116418537175795,0.21165879002541618,0.5951375669254615,0.6163044756170797
cards,5795206ee6cca48c,2024-02-19 20:00:00+00:00,2324,0,0.5242669607128583,0.5406698564593302,0.27485584609509767,0.2923238936837527,0.742898423915062,0.7779860604969748
cards,fc795680115327d2,2024-02-20 19:30:00+00:00,2324,1,0.4738832588178207,0.5398089171974523,0.2767988253521563,0.21177583269098132,0.7467942770351594,0.6165400590877483
cards,8dc6941431f4958a,2024-02-21 19:30:00+00:00,2324,1,0.5623257807487584,0.5405405405405406,0.19155872219718392,0.21110299488677864,0.5756739159909898,0.6151856390902334
cards,0c324e3a1a50b6a8,2024-02-24 15:00:00+00:00,2324,1,0.5554215935634097,0.5412698412698412,0.19764995946969807,0.21043335852859665,0.5880278255648768,0.6138373421020616
cards,47278f5688d173ec,2024-02-24 15:00:00+00:00,2324,1,0.5136231450361921,0.5419968304278923,0.236562445044485,0.2097669033380969,0.6662654632989478,0.612495125478608
cards,658a76cbf68008d4,2024-02-24 15:00:00+00:00,2324,0,0.5024017981294917,0.5427215189873418,0.25240756676374654,0.2945466471719276,0.6979623511679804,0.7824627060344252
cards,76e4f7c873a71cc9,2024-02-24 15:00:00+00:00,2324,1,0.6035751082505727,0.5418641390205371,0.15715269479854516,0.20988846711539377,0.5048847917549352,0.6127399749782363
cards,41ea8d5e8679ac25,2024-02-24 17:30:00+00:00,2324,1,0.6099959367373878,0.5425867507886435,0.1521031693613476,0.20922688055409053,0.49430298292321473,0.6114072970638277
cards,be70e5ad3a92f99a,2024-02-24 20:00:00+00:00,2324,0,0.485853931067291,0.5433070866141733,0.23605404233353997,0.29518259036518074,0.6652478730957522,0.783744075912172
cards,4deeb785734b9773,2024-02-25 13:30:00+00:00,2324,0,0.5299843150065053,0.5424528301886793,0.2808833741529147,0.29425507297970815,0.7549892125082921,0.7818752961686297
cards,cb05a563ad270378,2024-02-26 20:00:00+00:00,2324,0,0.6404566607912123,0.5416012558869702,0.41018473435183,0.2933319203783433,1.0229205549597356,0.7800158533038816
cards,27686ddeeec73e53,2024-03-02 15:00:00+00:00,2324,1,0.6499811443788404,0.5407523510971787,0.1225131992903462,0.21090840302276906,0.43081192516115113,0.6147938663134301
cards,68afa0495906068e,2024-03-02 15:00:00+00:00,2324,1,0.4872070081890488,0.5414710485133021,0.2629566524504264,0.21024879935149057,0.7190661780654232,0.6134656793198104
cards,713e6fc0b71b75d4,2024-03-02 15:00:00+00:00,2324,0,0.4681815469088153,0.5421875,0.21919396086593124,0.29396728515625004,0.6314531014687472,0.7812955673366503
cards,8ddd6e159c580849,2024-03-02 15:00:00+00:00,2324,0,0.4967004591799082,0.5413416536661466,0.24671134614953164,0.29305078599399825,0.686569777538622,0.7794496895819883
cards,c10b0b33a263a05b,2024-03-02 15:00:00+00:00,2324,0,0.5533667996045855,0.5404984423676013,0.30621481490462144,0.2921385662018032,0.8060176020001473,0.7776129473501413
cards,fb81b025751a5569,2024-03-02 15:00:00+00:00,2324,0,0.5694408473652137,0.5396578538102644,0.3242628786480126,0.2912305991791007,0.8426705600592074,0.7757852699135591
cards,d3017f8e3622349d,2024-03-02 17:30:00+00:00,2324,1,0.5831024137735794,0.5388198757763976,0.1738035974014158,0.21268710697889737,0.5393924412092086,0.6183739461574943
cards,3eb1af3874d2c220,2024-03-03 13:00:00+00:00,2324,1,0.56413436252979,0.5395348837209303,0.18997885392731254,0.2120281233098972,0.5724628244208827,0.6170478370212981
cards,2ab107ea0d374f16,2024-03-03 15:30:00+00:00,2324,0,0.4235983404039341,0.5402476780185759,0.17943555399296726,0.2918675536044628,0.5509505356172198,0.7770673649799023
cards,d38dd1206ff5abef,2024-03-04 20:00:00+00:00,2324,0,0.5968936311467959,0.5394126738794436,0.3562820069036073,0.29096603274177096,0.9085548092983827,0.7752528079954961
cards,28e31a5263c314cc,2024-03-09 12:30:00+00:00,2324,0,0.5375654176745419,0.5385802469135802,0.2889765782796047,0.290068682365493,0.7712501756543806,0.7734471229615881
cards,5c2179cf6b0734b2,2024-03-09 15:00:00+00:00,2324,1,0.4606326418705432,0.5377503852080123,0.2909171470155497,0.213674706375341,0.7751544259551629,0.6203607945016628
cards,c74e16f6dba313ad,2024-03-09 15:00:00+00:00,2324,1,0.5440539325054164,0.5384615384615384,0.20788681646377533,0.21301775147928997,0.6087068964053457,0.6190392084062235
cards,ffa2185065cadba5,2024-03-09 15:00:00+00:00,2324,1,0.5412442999836299,0.5391705069124424,0.21045679229750977,0.2123638216993353,0.6138845309289651,0.6177234187427034
cards,af561e12c21e6dab,2024-03-09 17:30:00+00:00,2324,1,0.5131933643761939,0.5398773006134969,0.23698070048736913,0.21171289849072228,0.6671025762225448,0.6164133863285559
cards,70c2ad0410e120ea,2024-03-10 13:00:00+00:00,2324,0,0.5468012663049767,0.5405819295558959,0.29899162483272607,0.2922288225623756,0.7914245439737974,0.7777946546202301
cards,1e99bdf69b1447e5,2024-03-10 14:00:00+00:00,2324,1,0.5684178643794883,0.5397553516819572,0.1862631397867618,0.2118251363053989,0.5648984540140081,0.6166392945239019
cards,5391e03fd92ba30a,2024-03-10 14:00:00+00:00,2324,1,0.5536940468352562,0.5404580152671755,0.19918900383029045,0.2111788357321835,0.5911430068179203,0.6153383225014776
cards,a1ea5bb5cf6fcb93,2024-03-10 15:45:00+00:00,2324,0,0.5628089234453101,0.5411585365853658,0.3167538843096689,0.29285256171921475,0.8273849333302042,0.7790505241952133
cards,b7176074976f9fec,2024-03-11 20:00:00+00:00,2324,1,0.5880788664392819,0.5403348554033486,0.169679020273947,0.21129204515706046,0.5308942134802598,0.6155662290091947
cards,46ce0710f648d709,2024-03-13 19:30:00+00:00,2324,0,0.6106157429131998,0.541033434650456,0.37285158549343883,0.2927171774096692,0.94318861550331,0.7787779139504476
cards,193a286a9196f9f2,2024-03-16 15:00:00+00:00,2324,1,0.582943271022015,0.5402124430955993,0.1739363151858164,0.21140459748411747,0.5396654026456731,0.6157928036504768
cards,42b28f1207e2125f,2024-03-16 15:00:00+00:00,2324,0,0.5856798451728771,0.5409090909090909,0.3430208810417253,0.29258264462809913,0.8811162831768553,0.7785070295111021
cards,8e4a278e07900304,2024-03-16 17:30:00+00:00,2324,1,0.5130251109544389,0.540090771558245,0.23714454256093653,0.21151649840589035,0.6674304857804162,0.6160180580720473
cards,e501b6063394dcca,2024-03-17 14:00:00+00:00,2324,1,0.6051192543687129,0.540785498489426,0.15593080327032124,0.21087795839760495,0.5023297257168078,0.6147325695363078
cards,8bc718e953cd6e74,2024-03-30 12:30:00+00:00,2324,0,0.5359947403877809,0.5414781297134238,0.2872903617233647,0.2931985649579474,0.7678593914489649,0.7797472887796407
cards,0384a9c5a331afef,2024-03-30 15:00:00+00:00,2324,1,0.5925109045684426,0.5406626506024096,0.1660473628956289,0.21099080055160405,0.5233860018072843,0.6149597609881551
cards,1190e9b8269d7579,2024-03-30 15:00:00+00:00,2324,1,0.4943023669799569,0.5413533834586466,0.2557300960420742,0.2103567188648313,0.7046078701313119,0.6136830092056985
cards,2fabb4e1e7b4e5ea,2024-03-30 15:00:00+00:00,2324,1,0.6103537687732878,0.5420420420420421,0.15182418550918045,0.20972549125702275,0.49371654111143004,0.6124117122075081
cards,6cbab55214b70f0f,2024-03-30 15:00:00+00:00,2324,0,0.4889543337106327,0.5427286356821589,0.23907634045440876,0.2945543719894176,0.6712963262559858,0.7824782693082121
cards,e310b3c745489127,2024-03-30 15:00:00+00:00,2324,0,0.5225341199936899,0.5419161676646707,0.2730419065575799,0.2936731327763634,0.7392625770985842,0.780703071584265
cards,c69ebd7fdedbf9af,2024-03-30 17:30:00+00:00,2324,1,0.4969267881686153,0.5411061285500748,0.25308265646234535,0.2105835852543005,0.6993125712441411,0.6141398483024573
cards,1f55e1b36f065aa1,2024-03-30 20:00:00+00:00,2324,1,0.6027686014901099,0.5417910447761194,0.1577927839621231,0.20995544664736024,0.5062219013599522,0.612874878120161
cards,c8714b87fe836852,2024-03-31 14:00:00+00:00,2324,1,0.5509726403224618,0.5424739195230999,0.20162556973898121,0.2093301143165549,0.596070125649236,0.6116152693349411
cards,402530a98887af11,2024-03-31 16:30:00+00:00,2324,0,0.4382005988412376,0.5431547619047619,0.19201976482481922,0.2950170953798186,0.5766104302457011,0.7834105929359523
cards,1053f97a5f4de10e,2024-04-02 19:30:00+00:00,2324,0,0.5262345102320004,0.5423476968796433,0.27692275975911335,0.2941410243106535,0.7470428270397959,0.7816455466711533
cards,8317f0ee726c12f7,2024-04-02 19:30:00+00:00,2324,0,0.5545779304929734,0.5415430267062314,0.30755668098986927,0.2932688497741461,0.8087329755278098,0.7798888340145615
cards,77f3ed35830133a6,2024-04-02 19:45:00+00:00,2324,0,0.6034959696821505,0.5407407407407407,0.36420738542259906,0.292400548696845,0.9250690732228306,0.7781403933933378
cards,b160f39ad85aff86,2024-04-02 19:45:00+00:00,2324,1,0.478207089742627,0.5399408284023669,0.272267841194859,0.21165444137110043,0.7377113981735722,0.6162957224604725
cards,a5e184688f3f25bf,2024-04-02 20:15:00+00:00,2324,1,0.5884823361107502,0.5406203840472673,0.1693467876928656,0.21102963155288018,0.5302083678371954,0.6150379395109088
cards,794d48547cd2eaab,2024-04-03 19:30:00+00:00,2324,0,0.4752204003992166,0.5412979351032449,0.22583442895559175,0.2930034545470367,0.6447769148197432,0.7793543757611615
cards,ddaf54e740e4430b,2024-04-03 19:30:00+00:00,2324,0,0.5621308138595592,0.540500736377025,0.3159910518904104,0.2921410460241063,0.8258350749938179,0.7776179397492137
cards,68e10fa6974009ba,2024-04-03 20:15:00+00:00,2324,0,0.4185325124743563,0.5397058823529411,0.1751694639980972,0.2912824394463667,0.5422002199783603,0.7758896076299991
cards,b11981808108444b,2024-04-04 19:30:00+00:00,2324,0,0.5064970392710189,0.5389133627019089,0.25653925079030804,0.29042761249867927,0.7062264206757745,0.774169320241259
cards,f5b26e6456c5c988,2024-04-04 20:15:00+00:00,2324,0,0.6284021966015222,0.5381231671554252,0.39488932069361815,0.2895765430293857,0.9899431832588542,0.7724570190178289
cards,82a1e3f259a74292,2024-04-06 12:30:00+00:00,2324,0,0.5059513959722592,0.5373352855051244,0.25598681508627785,0.2887292090488736,0.7051213779139442,0.7707526459838779
cards,068fe306da0add05,2024-04-06 15:00:00+00:00,2324,0,0.4179930764484227,0.5365497076023392,0.17471821195881695,0.28788558872815573,0.5412729351847271,0.76905614374527
cards,23fe193214774145,2024-04-06 15:00:00+00:00,2324,1,0.5605327810843714,0.5357664233576642,0.193131436501437,0.21551281368213546,0.5788675527486007,0.624056990207655
cards,5fa4e06aaf18d53f,2024-04-06 15:00:00+00:00,2324,0,0.4987321460136783,0.5364431486880467,0.24873375346740895,0.28777125177434576,0.6906146820703669,0.7688262449457084
cards,c08d81d3051b1a81,2024-04-06 15:00:00+00:00,2324,1,0.5116375337828337,0.5356622998544396,0.2384978984097129,0.21560949977646837,0.6701388464821818,0.6242513540534185
cards,c44c33af522134eb,2024-04-06 15:00:00+00:00,2324,0,0.5238108986993983,0.5363372093023255,0.27437785759627137,0.28765760208220653,0.741940232002282,0.7685977351484989
cards,a8f77c9720764108,2024-04-06 17:30:00+00:00,2324,0,0.5422105774725335,0.5355587808417998,0.2939923103230983,0.2868232077367549,0.7813459767383141,0.7669202752198865
cards,1d4ddef85f0ffe60,2024-04-07 15:30:00+00:00,2324,1,0.5407792830406463,0.5347826086956522,0.21088366688466287,0.21642722117202268,0.6147440629741231,0.6258949535507778
cards,1d42c2fdae43c408,2024-04-07 17:30:00+00:00,2324,1,0.627983695809043,0.5354558610709117,0.13839613058389866,0.21580125701336808,0.46524107493847033,0.6246368181293999
cards,984b5a26721d1b8a,2024-04-07 18:00:00+00:00,2324,1,0.4986899717926309,0.5361271676300579,0.25131174438127313,0.21517800461091244,0.695770675329594,0.6233838930102343
cards,024d3d1f74c13b96,2024-04-13 12:30:00+00:00,2324,1,0.5148049922800472,0.5367965367965368,0.23541419551636508,0.21455744832368207,0.6639671057934969,0.6221361449167566
cards,25e54e2625d9b2f3,2024-04-13 15:00:00+00:00,2324,1,0.5261609465560481,0.537463976945245,0.22452344856866036,0.2139395726233089,0.6421481310016676,0.620893540862989
cards,283f66af357f24a3,2024-04-13 15:00:00+00:00,2324,1,0.4954942898851915,0.5381294964028777,0.25452601153844717,0.2133243620930594,0.7021994492236187,0.6196560481502603
cards,29bfc25a920a9f5d,2024-04-13 15:00:00+00:00,2324,0,0.5698746322477336,0.5387931034482759,0.32475709647948964,0.29029800832342456,0.8436785598755727,0.7739085372044039
cards,2f2993656697526c,2024-04-13 15:00:00+00:00,2324,0,0.448989986319009,0.5380200860832137,0.20159200781474387,0.2894656130289887,0.5960022963446499,0.7722338652161155
cards,9bbd58860c9e9d4f,2024-04-13 17:30:00+00:00,2324,1,0.5128476275416334,0.5372492836676218,0.23731743399181515,0.21413822546612915,0.6677765002672355,0.6212930767919616
cards,41dddabf647c8ca3,2024-04-14 14:00:00+00:00,2324,0,0.5502303907219082,0.5379113018597997,0.30275348287398374,0.2893485686685046,0.7990198067059846,0.7719984190111537
cards,e24499cf2002ca68,2024-04-14 14:00:00+00:00,2324,0,0.4677688128917847,0.5371428571428571,0.21880766231418947,0.28852244897959184,0.6306773218018268,0.7703368192510753
cards,e63495659044bb3c,2024-04-14 16:30:00+00:00,2324,1,0.5177694484982571,0.536376604850214,0.2325463048016751,0.2149466525302146,0.6582252159194044,0.6229187436446956
cards,ba69890b0fe05968,2024-04-15 20:00:00+00:00,2324,1,0.5256543163655416,0.5370370370370371,0.2250038275826417,0.21433470507544577,0.6431114755119574,0.6216882165778003
cards,128e147fc4f2005d,2024-04-20 15:00:00+00:00,2324,0,0.4573474652605899,0.5376955903271693,0.20916670398028647,0.2891165478572831,0.6112860630618441,0.7715317094809274
cards,53f0d686ecc66ae4,2024-04-20 15:00:00+00:00,2324,0,0.542276585028426,0.5369318181818182,0.29406389467009175,0.2882957773760331,0.7814901747294359,0.7698809747913349
cards,6231d756ce9793a4,2024-04-20 19:30:00+00:00,2324,1,0.5406960840861744,0.5361702127659574,0.21096008717377457,0.21513807152557718,0.6148979249245011,0.623303607192681
cards,ed0466dcf2ca432a,2024-04-21 13:30:00+00:00,2324,1,0.5269052488494698,0.5368271954674221,0.22381864356618214,0.21452904685857363,0.640734540060072,0.6220790324108157
cards,3705b6dc351a97b4,2024-04-21 15:00:00+00:00,2324,1,0.4975183977838125,0.5374823196605375,0.2524877605657469,0.2139226046265972,0.6981227425972754,0.6208594131761412
cards,64bd0c6ce0f89abb,2024-04-21 15:00:00+00:00,2324,1,0.5015959366048576,0.538135593220339,0.24840661040878914,0.21331873024992817,0.6899603905637471,0.6196447185670187
cards,adb92b6e52872b59,2024-04-21 16:30:00+00:00,2324,0,0.5080453329580978,0.538787023977433,0.2581100603405045,0.29029145720645905,0.7093687068937296,0.7738953556348742
cards,857fd39747f17e24,2024-04-23 20:00:00+00:00,2324,1,0.5270731953136367,0.5380281690140845,0.2236597625908536,0.2134179726244793,0.6404158495469624,0.6198443614287861
cards,74f723ed5712f0eb,2024-04-24 19:45:00+00:00,2324,1,0.5695609962791032,0.5386779184247539,0.18527773592423824,0.21281806294891803,0.5628893968625313,0.6186374406225948
cards,99ea52df9c61dfde,2024-04-24 20:00:00+00:00,2324,1,0.5691584830423055,0.5393258426966292,0.18562441273440733,0.21222067920717083,0.5635963545652339,0.6174353588242489
cards,a12a4ce749e2925c,2024-04-24 20:00:00+00:00,2324,0,0.4925054594466704,0.5399719495091164,0.2425616275847759,0.2915697062566758,0.6782693256544424,0.7764678120301522
cards,ac5d62fa513e8874,2024-04-24 20:00:00+00:00,2324,0,0.519798285520719,0.5392156862745098,0.270190257630279,0.29075355632449057,0.733549024857166,0.7748252115742125
cards,3d5e317830852c43,2024-04-25 20:00:00+00:00,2324,0,0.5290684531756626,0.5384615384615384,0.2799134281456883,0.28994082840236685,0.7530425313574267,0.7731898882334817
cards,b52c8dfef3b9e7ed,2024-04-27 12:30:00+00:00,2324,0,0.6013772569126452,0.5377094972067039,0.36165460513177766,0.28913150338628635,0.9197398154118006,0.7715617915835827
cards,02b60d1d56f1ada6,2024-04-27 15:00:00+00:00,2324,1,0.4416903194300994,0.5369595536959554,0.3117096994180644,0.2144064549134488,0.8171462772372176,0.6218325063118361
cards,0c500022e079ce1e,2024-04-27 15:00:00+00:00,2324,1,0.6371377392432537,0.5376044568245125,0.13166902028149696,0.2138096383485541,0.4507694156334549,0.6206321995833933
cards,5edcf267cc08a5e7,2024-04-27 15:00:00+00:00,2324,0,0.4713190997738679,0.5382475660639777,0.22214169381164922,0.28971044237379606,0.6373702423132209,0.7727263888045581
cards,b1510657c7aa8fb5,2024-04-27 15:00:00+00:00,2324,0,0.4903926169103681,0.5375,0.24048491872019906,0.28890625,0.6741146868196518,0.7711087220296571
cards,a9653da38145c91f,2024-04-27 17:30:00+00:00,2324,0,0.5740233891346288,0.536754507628294,0.32950285127360546,0.28810540145929237,0.8533708382919489,0.7694981443082486
cards,b8a8bdf17edaf1c6,2024-04-27 20:00:00+00:00,2324,1,0.5469499538387601,0.53601108033241,0.2052543443267016,0.21528571757429732,0.6033979728138906,0.6236004458630444
cards,20d54e73a4d5f1c8,2024-04-28 14:00:00+00:00,2324,0,0.5289036518909145,0.5366528354080221,0.27973907298354567,0.2879962657514697,0.7526926451442566,0.7692786903336982
cards,8b5b62af6284220e,2024-04-28 14:00:00+00:00,2324,1,0.5335684898609369,0.5359116022099447,0.21755835365060697,0.2153780409633406,0.6281678381091113,0.623786052762443
cards,9d06c47783096c98,2024-04-28 16:30:00+00:00,2324,0,0.5845273387413142,0.5365517241379311,0.3416722097360031,0.28788775267538647,0.8783384640627115,0.7690604948914707
cards,3b77ebfa6606dd43,2024-05-02 19:30:00+00:00,2324,0,0.5638424522928478,0.5358126721763086,0.31791831100761236,0.2870952196647163,0.8297517529513669,0.7674670844724344
cards,5e4aa5ec025377bc,2024-05-03 20:00:00+00:00,2324,1,0.5044161904281437,0.5350756533700137,0.24560331230975396,0.21615464808931964,0.6843535770160635,0.6253471339150731
cards,b760074af70bca3b,2024-05-04 12:30:00+00:00,2324,1,0.5636812428104303,0.5357142857142857,0.19037405787545067,0.21556122448979592,0.5732663595760882,0.6241543090729939
cards,1f0bce2a729ac551,2024-05-04 15:00:00+00:00,2324,1,0.5326906071615533,0.5363511659807956,0.21837806863503775,0.21497024128736777,0.6298144977253323,0.6229661720232924
cards,80aeb7b659afe07b,2024-05-04 15:00:00+00:00,2324,0,0.4751414582213237,0.536986301369863,0.2257594053206859,0.28835428785888534,0.6446264969282248,0.7699986386594181
cards,b0c538ab44d6fc80,2024-05-04 15:00:00+00:00,2324,0,0.5188997872968549,0.5362517099863201,0.2692569892567213,0.28756589646325237,0.7316796881584624,0.7684133523693282
cards,52fc9d139b4834b9,2024-05-04 17:30:00+00:00,2324,1,0.5061854379998045,0.5355191256830601,0.2438528216434449,0.21574248260622889,0.6808521985709437,0.6245186741708489
cards,08bca638058f0ba4,2024-05-05 14:00:00+00:00,2324,1,0.4964915867620114,0.5361527967257844,0.25352072220143707,0.21515422798531147,0.700188740732098,0.6233360900173903
cards,7c32f3d6ec25a9ed,2024-05-05 14:00:00+00:00,2324,0,0.4676740220213743,0.5367847411444142,0.2187189908736489,0.2881378583254758,0.6304992367280144,0.7695634110043086
cards,585e6ac1a466e997,2024-05-05 16:30:00+00:00,2324,1,0.4816463803440769,0.5360544217687074,0.2686904750103974,0.2152454995603684,0.7305450849233694,0.623519589914903
cards,28a64c8451b06bb8,2024-05-06 20:00:00+00:00,2324,0,0.5713270168945955,0.5366847826086957,0.32641456023367743,0.28803055588374293,0.8470609278786503,0.7693476414453595
cards,8406ef3cc24ac1b8,2024-05-11 12:30:00+00:00,2324,0,0.5819393776719102,0.5359565807327001,0.3386534392851701,0.28724945643068733,0.8721288274801031,0.7677771551267315
cards,3e788fd3a2d050d2,2024-05-11 15:00:00+00:00,2324,1,0.4450294155234673,0.535230352303523,0.3079923496342243,0.21601082541990735,0.809614896700631,0.6250580596993507
cards,447a907fd04ecad2,2024-05-11 15:00:00+00:00,2324,0,0.5019732586520463,0.5358592692828146,0.2519771524017542,0.287145156476312,0.6971015059132918,0.7675674737822618
cards,5fe40d09192beec0,2024-05-11 15:00:00+00:00,2324,1,0.5013254756871858,0.5351351351351351,0.24867628119861154,0.2160993425858291,0.6904997367595971,0.625235974943735
cards,ae458c3601815af1,2024-05-11 15:00:00+00:00,2324,1,0.4774549384142903,0.5357624831309041,0.2730533413876131,0.21551647206878408,0.7392854933274676,0.6240643446088966
cards,b3f31e25c8cdc266,2024-05-11 15:00:00+00:00,2324,1,0.4567239696555704,0.5363881401617251,0.2951488451468016,0.21493595658270426,0.7836760757025586,0.6228972378829427
cards,e951912316cfdde7,2024-05-11 15:00:00+00:00,2324,1,0.6440764589718763,0.5370121130551817,0.1266815670579985,0.21435778345762785,0.4399378348134426,0.6217346278278957
cards,81f05e6e864c4171,2024-05-11 17:30:00+00:00,2324,1,0.5427768486016347,0.5376344086021505,0.2090530101746525,0.21378194010868312,0.6110570037334786,0.62057648772511
cards,54745267eea92863,2024-05-12 16:30:00+00:00,2324,0,0.505602005576856,0.538255033557047,0.25563338804333907,0.2897184811494977,0.7044144294343758,0.7727425610061611
cards,8028e69dc806a5cb,2024-05-13 20:00:00+00:00,2324,0,0.5346817458435674,0.5375335120643432,0.28588456933832523,0.2889422765922274,0.7650336899609387,0.7711811831724011
cards,c66c59acefb9aebf,2024-05-14 20:00:00+00:00,2324,1,0.5560055982312772,0.536813922356091,0.1971310288019661,0.21454134252314924,0.5869769160209545,0.622103757826248
cards,969e6c37d4ea0e32,2024-05-15 19:45:00+00:00,2324,1,0.5595671315292995,0.5374331550802139,0.19398111162932938,0.2139680860190454,0.5805917735675333,0.6209508893554561
cards,a0d5cb3dc08a8c8b,2024-05-15 20:00:00+00:00,2324,1,0.5208622956972956,0.5380507343124166,0.22957293968446582,0.21339712406929756,0.6522695798469357,0.6198024215705364
cards,154c589eaf24f4cb,2024-05-19 16:00:00+00:00,2324,0,0.5235928967438634,0.5386666666666666,0.27414952152063005,0.29016177777777774,0.7414825313347844,0.7736344314726318
cards,309752f6eda91369,2024-05-19 16:00:00+00:00,2324,0,0.472480552928927,0.5379494007989347,0.2232378728960246,0.2893895578199329,0.6395695478260212,0.7720808718172755
cards,38e5a34078dd80aa,2024-05-19 16:00:00+00:00,2324,0,0.4899197819807311,0.5372340425531915,0.2400213927760471,0.2886204164780444,0.6731872753987168,0.7705338441753655
cards,41f5771217f397a2,2024-05-19 16:00:00+00:00,2324,1,0.4784157041333423,0.5365205843293492,0.27205017769471707,0.21481316875040787,0.7372752505188064,0.6226503498387436
cards,53cd6f8687eac5ec,2024-05-19 16:00:00+00:00,2324,1,0.5606316435236711,0.5371352785145889,0.19304455267271042,0.2142437503957672,0.5786911960298429,0.6215053009014169
cards,6d4c6f08ffbf0c27,2024-05-19 16:00:00+00:00,2324,1,0.4549484173247802,0.5377483443708609,0.297081227776762,0.21367659313188017,0.7875712349748493,0.620364589647292
cards,7af940b639bd37c4,2024-05-19 16:00:00+00:00,2324,1,0.5903230264555613,0.5383597883597884,0.1678352226525307,0.2131116850032194,0.5270853894401107,0.619228190736938
cards,87fcd1dafd6169a8,2024-05-19 16:00:00+00:00,2324,1,0.5248955749968274,0.5389696169088507,0.2257242146575953,0.21254901413317187,0.644555940942638,0.6180960790332871
cards,e062ce9f523d46d8,2024-05-19 16:00:00+00:00,2324,0,0.4479573569668704,0.5395778364116095,0.20066579366074414,0.2911442415466336,0.5941299838172024,0.7756114634399445
cards,febbe8b6b74d0cfd,2024-05-19 16:00:00+00:00,2324,1,0.548709393716382,0.538866930171278,0.20366321131983547,0.21264370808966104,0.6001863151140854,0.6182866213528283
cards,7050262bbf3611e3,2024-08-16 20:00:00+00:00,2425,1,0.5133359061211632,0.5394736842105263,0.23684194027090927,0.21208448753462603,0.6668248603307877,0.6171612735820232
cards,f852191cff10e80d,2024-08-17 12:30:00+00:00,2425,1,0.6038470027915983,0.5400788436268068,0.15693719719719992,0.21152747007965522,0.5044344197712936,0.6160401433654513
cards,113740fd9b7c30d0,2024-08-17 15:00:00+00:00,2425,1,0.5373868390840021,0.5406824146981627,0.21401093665269097,0.2109726441675106,0.6210370730820187,0.6149232063371199
cards,6cc8c502fb2b8e87,2024-08-17 15:00:00+00:00,2425,1,0.5589286922716397,0.5412844036697247,0.19454389850120593,0.21041999831664004,0.5817333769842146,0.6138104383234243
cards,7ef8d6a416c91b48,2024-08-17 15:00:00+00:00,2425,1,0.5808323939341821,0.5418848167539267,0.17570148197494873,0.20986952112058327,0.5432930423468348,0.612701815341206
cards,d3bc4c66985fa60c,2024-08-17 15:00:00+00:00,2425,0,0.5710394704974664,0.5424836601307189,0.3260860768660268,0.29428852150882134,0.8463903701085153,0.7819426793430764
cards,9818bc60d2965646,2024-08-17 17:30:00+00:00,2425,0,0.5080020387692182,0.54177545691906,0.2580660713936823,0.29352064571985625,0.7092807063382891,0.7803959462747254
cards,89f4e346606bb11e,2024-08-18 14:00:00+00:00,2425,1,0.4674227577120047,0.5410691003911343,0.28363851900308606,0.21061757061580275,0.7605211680498526,0.6142082811365578
cards,52977178e55b84bb,2024-08-18 16:30:00+00:00,2425,0,0.5318803059597793,0.5416666666666666,0.28289665986786844,0.29340277777777773,0.7590312592684095,0.780158557549575
cards,fc175ef38e6bcdbc,2024-08-19 20:00:00+00:00,2425,0,0.5809927998604283,0.540962288686606,0.3375526334896597,0.2926401977810509,0.8698671751036546,0.7786229125723473
cards,92f1ec655306f1c2,2024-08-24 12:30:00+00:00,2425,0,0.5382110022864126,0.5402597402597402,0.28967108298214483,0.291880586945522,0.7726472071320718,0.777093601713955
cards,15e872ba2a7c174d,2024-08-24 15:00:00+00:00,2425,0,0.499610463781351,0.5395590142671854,0.24961061551981661,0.29112392987697683,0.6923684114420503,0.7755705840879137
cards,279e3b4ae034bea9,2024-08-24 15:00:00+00:00,2425,1,0.5214977756721528,0.538860103626943,0.2289643786866974,0.21265000402695372,0.6510502698003527,0.6182992897635128
cards,49099b319120c7ea,2024-08-24 15:00:00+00:00,2425,0,0.5433150656310528,0.5394566623544631,0.2951912605416752,0.2910134905586172,0.783761547360378,0.7753483177353915
cards,7bf56510ed6b50af,2024-08-24 15:00:00+00:00,2425,1,0.4872342509881148,0.5387596899224806,0.2629287133597197,0.21274262364040628,0.7190102633577554,0.6184856517909257
cards,ca2f8f0448c1046c,2024-08-24 15:00:00+00:00,2425,1,0.453837632331491,0.5393548387096774,0.29829333185727164,0.21219396462018736,0.7900157829448871,0.6173815968285907
cards,4eb2278d814980cb,2024-08-24 17:30:00+00:00,2425,1,0.5621310958137974,0.5399484536082474,0.19172917725322589,0.2116474253374429,0.5760201897182695,0.616281600261081
cards,0fe43474f2fec978,2024-08-25 14:00:00+00:00,2425,1,0.5975987447565255,0.5405405405405406,0.1619267702215239,0.21110299488677864,0.5148357456400904,0.6151856390902334
cards,ca9740884fea3b66,2024-08-25 14:00:00+00:00,2425,1,0.6442765428210988,0.5411311053984575,0.12653917798730954,0.21056066243284147,0.4396272307312498,0.6140936904960103
cards,47b0126b5347b2e2,2024-08-25 16:30:00+00:00,2425,1,0.4175758015335343,0.5417201540436457,0.33921794695930507,0.21002041720977982,0.873289190611987,0.6130057318347364
cards,ed67127339ab923f,2024-08-31 12:30:00+00:00,2425,1,0.5168810771266801,0.5423076923076923,0.23340389363827685,0.2094822485207101,0.6599424558335315,0.6119217406373595
cards,1f8406a64686b91d,2024-08-31 15:00:00+00:00,2425,1,0.725476668928627,0.5428937259923176,0.07536305930252264,0.20894614573718645,0.32092636578474276,0.6108416946077282
cards,2843c2a36e1dca82,2024-08-31 15:00:00+00:00,2425,0,0.5740374380013034,0.5434782608695652,0.3295189802271002,0.2953686200378072,0.8534038192068389,0.784118958765672
cards,a3a1b089748ed93d,2024-08-31 15:00:00+00:00,2425,0,0.541494421723476,0.5427841634738186,0.29321620875764165,0.29461464811797305,0.779782820998615,0.7825997095901027
cards,bbed3b6320fc3d73,2024-08-31 15:00:00+00:00,2425,1,0.4602902324738072,0.5420918367346939,0.2912866331631771,0.20967988598500628,0.7758980482976059,0.6123198514259911
cards,ea5fe8be9359b733,2024-08-31 15:00:00+00:00,2425,1,0.6050511380250767,0.5426751592356688,0.155984603575287,0.2091460099801209,0.5024422988621042,0.611244371513038
cards,905b8be730dc9a54,2024-08-31 17:30:00+00:00,2425,1,0.488297060064605,0.5432569974554707,0.2618398987385264,0.20861417037339186,0.7168313286891392,0.610172779200582
cards,598b6e4f168232a0,2024-09-01 13:30:00+00:00,2425,1,0.5503451275159502,0.5438373570520966,0.20218950434864708,0.20808435682121643,0.5972096929798373,0.6091050528356065
cards,fec926ee8fe5b87a,2024-09-01 13:30:00+00:00,2425,1,0.6241133578401956,0.5444162436548223,0.14129076775417282,0.2075565590455822,0.4714232639060297,0.6080411709298622
cards,b34997dbebbc370b,2024-09-01 16:00:00+00:00,2425,1,0.4639675781381991,0.5449936628643853,0.28733075728702767,0.20703076683356864,0.7679406038993896,0.6069811121582661
cards,eed5651d16c1a8d3,2024-09-14 12:30:00+00:00,2425,1,0.5737844148414143,0.5455696202531646,0.18165972503207561,0.20650697003685306,0.555501537111844,0.6059248553573193
cards,6c99253f25085e3f,2024-09-14 15:00:00+00:00,2425,1,0.4903568555266656,0.5461441213653603,0.2597361347086681,0.20598515857122082,0.7126218763571394,0.6048723795235436
cards,b0ce04eebcb33c0a,2024-09-14 15:00:00+00:00,2425,1,0.5266753135452675,0.5467171717171717,0.2240362588074708,0.20546532241608,0.6411710236400845,0.603823663811936
cards,c08b7974ae56d8a1,2024-09-14 15:00:00+00:00,2425,1,0.4688065769418882,0.5472887767969735,0.28216645270019414,0.20494745161398045,0.7575650115048426,0.6027786875344431
cards,c1a8c8ec51185bbf,2024-09-14 15:00:00+00:00,2425,0,0.552781013809863,0.5478589420654912,0.30556684922865995,0.3001494204011193,0.8047069023400124,0.793761072758857
cards,e8b4486d8356a07a,2024-09-14 15:00:00+00:00,2425,1,0.4429542909528295,0.5471698113207547,0.310299921967865,0.2050551797792809,0.8142886949538825,0.6029960835656478
cards,2cc242e6e1ba95d1,2024-09-14 17:30:00+00:00,2425,1,0.5382377519846689,0.5477386934673367,0.21322437369217212,0.2045402893866316,0.6194548982503196,0.6019569424953486
cards,e362937fc49e2ad9,2024-09-14 20:00:00+00:00,2425,1,0.5622199427302402,0.548306148055207,0.19165137854311415,0.20402733588472452,0.5758621484774434,0.6009214836946248
cards,25184448a25c5d29,2024-09-15 14:00:00+00:00,2425,1,0.4887476788500093,0.5488721804511278,0.26137893588125316,0.20351630957091976,0.71590891684983,0.5998896870733625
cards,24d6767f0bb2ea40,2024-09-15 16:30:00+00:00,2425,1,0.5557704233170228,0.5494367959949937,0.19733991679993715,0.2030072008032569,0.58739997770461,0.5988615326911033
cards,d0379027ac419f60,2024-09-21 12:30:00+00:00,2425,1,0.5016178777721667,0.55,0.24838473975631897,0.20249999999999996,0.6899166488070085,0.5978370007556204
cards,5fdab79b1775e51d,2024-09-21 15:00:00+00:00,2425,0,0.5507116412132239,0.550561797752809,0.3032833117677627,0.303118293144805,0.8000903729083297,0.7997569156182036
cards,a8f0f459f0b8e3aa,2024-09-21 15:00:00+00:00,2425,1,0.5196748005806737,0.5498753117206983,0.23071229719721556,0.20261223499853856,0.654552046539197,0.5980637324196685
cards,ace9c8c5f7e1a054,2024-09-21 15:00:00+00:00,2425,1,0.5478746619350361,0.5504358655043586,0.2044173213203579,0.20210791102481512,0.6017087372909725,0.5970448318690635
cards,cbe76ac6a5208dbf,2024-09-21 15:00:00+00:00,2425,1,0.4830030777681235,0.5509950248756219,0.2672858175972329,0.20160546768644338,0.7277322531591348,0.5960294991338307
cards,f10b2a2c14c76b05,2024-09-21 15:00:00+00:00,2425,1,0.5062971545253978,0.5515527950310559,0.24374249962971892,0.20110489564445813,0.6806315201575637,0.5950177149863386
cards,fee959e2b26a0d8d,2024-09-21 15:00:00+00:00,2425,1,0.5242043791962582,0.5521091811414393,0.22638147277601808,0.2006061856177921,0.6458736340715295,0.594009460340388
cards,3fa8dc0c5a1384c2,2024-09-21 17:30:00+00:00,2425,1,0.6012804586047192,0.5526641883519207,0.15897727269046302,0.20010932838284592,0.508693800043252,0.5930047162498848
cards,d66b9f8d51d49253,2024-09-22 14:00:00+00:00,2425,1,0.5578992344791947,0.5532178217821783,0.1954530868740821,0.19961431477306144,0.5835769162785851,0.5920034639075265
cards,dc1efd9ae732586f,2024-09-22 16:30:00+00:00,2425,1,0.4521584545920938,0.553770086526576,0.30013035887492295,0.19912113567849948,0.7937225973260027,0.5910056846435066
cards,207049bccbaa1a24,2024-09-28 12:30:00+00:00,2425,1,0.6157352760197551,0.554320987654321,0.1476593780956138,0.19862978204541987,0.4849381545373803,0.59001135992423
cards,146cc68a9b24f417,2024-09-28 15:00:00+00:00,2425,1,0.5101086458345024,0.5548705302096177,0.23999353888610497,0.19814024487586684,0.6731315449036133,0.5890204713510475
cards,658630bc739ae4fd,2024-09-28 15:00:00+00:00,2425,1,0.6488175777089455,0.5554187192118226,0.1233290937262125,0.19765251522725621,0.43260368390159276,0.5880330006589997
cards,9401586ee1b82ef9,2024-09-28 15:00:00+00:00,2425,0,0.4916751574082819,0.5559655596555966,0.24174446041245876,0.30909770352316074,0.6766345818464924,0.8118531512149297
cards,a756adb5302aad35,2024-09-28 15:00:00+00:00,2425,1,0.5375419303445172,0.5552825552825553,0.21386746618947533,0.19777360563601346,0.6207485120796487,0.588278186170309
cards,ad5b80ee7ed042bf,2024-09-28 15:00:00+00:00,2425,1,0.6133736513645313,0.5558282208588957,0.14947993345919502,0.19728856938537392,0.48878098328729497,0.5872959877578287
cards,e4431265c6c23505,2024-09-28 17:30:00+00:00,2425,1,0.5901925662218872,0.5563725490196079,0.1679421327798023,0.19680531526336023,0.5273064119069285,0.586317156922759
cards,bf4f28b06ce735f9,2024-09-29 14:00:00+00:00,2425,1,0.6374673751962926,0.5569155446756426,0.13142990404706567,0.19632383455008243,0.4502521794217786,0.5853416759090524
cards,f46e055e109f8962,2024-09-29 16:30:00+00:00,2425,1,0.5251284766359365,0.5574572127139364,0.22550296370210626,0.1958441185789181,0.6441123289271486,0.584369527088361
cards,b19d6149a8fd463d,2024-09-30 20:00:00+00:00,2425,1,0.5939228790626517,0.557997557997558,0.16489862814876577,0.1953661587361221,0.5210058012764143,0.5834006929588647
cards,ec6ad5c0e346b811,2024-10-05 12:30:00+00:00,2425,1,0.564071179027622,0.5585365853658537,0.19003393695436754,0.19488994646044017,0.5725748314974421,0.5824351561441138
cards,071f8d1fb7ffd000,2024-10-05 15:00:00+00:00,2425,0,0.5798142647905665,0.559074299634592,0.33618458165462517,0.31256407251190954,0.8670584387689997,0.8188788976266572
cards,1002c482565f9587,2024-10-05 15:00:00+00:00,2425,1,0.4912304970818834,0.5583941605839416,0.2588464070995475,0.1950157174063615,0.7108418171834306,0.5826901849956347
cards,1ce67016155c73a4,2024-10-05 15:00:00+00:00,2425,0,0.5068072165919636,0.5589307411907655,0.2568535547896935,0.31240357344805847,0.7068551399805961,0.818553366412219
cards,76e759045b75ccd2,2024-10-05 15:00:00+00:00,2425,0,0.6003645559722118,0.558252427184466,0.3604376000677111,0.3116457724573475,0.9172025373730031,0.817016662272731
cards,efacc80994e45ad9,2024-10-05 15:00:00+00:00,2425,1,0.5845841822811223,0.5575757575757576,0.17257030161104384,0.1957392102846648,0.536854484007479,0.5841568968515403
cards,3c5b6582515f1a98,2024-10-05 17:30:00+00:00,2425,0,0.5452123355588593,0.5581113801452785,0.2972564908455462,0.3114883126476676,0.7879246405141801,0.8166974199384867
cards,429ac1f515a3313b,2024-10-06 14:00:00+00:00,2425,1,0.5528035932757941,0.5574365175332527,0.1999846261870414,0.19586243601309491,0.5927525064126933,0.5844066520270428
cards,855db8fbac768387,2024-10-06 14:00:00+00:00,2425,1,0.5864350829923843,0.5579710144927537,0.17103594057951604,0.19538962402856538,0.5336933024496715,0.5834482633035207
cards,8310b795ec0a169a,2024-10-06 16:30:00+00:00,2425,1,0.6403904710350371,0.5585042219541616,0.1293190133224025,0.1949185220323002,0.44567717767821846,0.5824931010490609
cards,871243788dee066d,2024-10-19 12:30:00+00:00,2425,1,0.4831527346962451,0.5590361445783133,0.26713109565197,0.19444912178835821,0.7274224544136575,0.5815411485643882
cards,56a7cd5ecba6d223,2024-10-19 15:00:00+00:00,2425,1,0.5951007789435694,0.5595667870036101,0.16394337921210425,0.19398141511032338,0.5190245114033193,0.580592389268092
cards,9753aea1b4662a3b,2024-10-19 15:00:00+00:00,2425,1,0.6533635285623176,0.5600961538461539,0.1201568433307672,0.19351539386094674,0.4256215993064443,0.5796468066955627
cards,99603568f1865fdb,2024-10-19 15:00:00+00:00,2425,1,0.6113851577249293,0.56062424969988,0.15102149563647807,0.1930510499517934,0.4920281457034014,0.5787043844979453
cards,ad203f3406bdb4d9,2024-10-19 15:00:00+00:00,2425,1,0.5490179028697527,0.5611510791366906,0.2033848519319958,0.1925883753428912,0.59962422804118,0.5777651064411001
cards,b7666e3f698aa5ff,2024-10-19 15:00:00+00:00,2425,0,0.5997734353603308,0.5616766467065868,0.3597281737639329,0.3154806554555559,0.9157244806254852,0.8247983914494892
cards,52536a941a73523b,2024-10-19 17:30:00+00:00,2425,0,0.5832537670888079,0.5610047846889952,0.3401849568232854,0.31472636844394586,0.8752777965973855,0.8232667650301313
cards,e1e83431274980b3,2024-10-20 14:00:00+00:00,2425,1,0.6827436439028243,0.5603345280764636,0.10065159548405797,0.19330572720174602,0.3816358282244591,0.579221302043196
cards,eaf2906dac8f7226,2024-10-20 16:30:00+00:00,2425,1,0.6014839716595817,0.5608591885441527,0.1588150248442211,0.1928446522861,0.5083553912049396,0.5782854057779788
cards,d65de6eb677a1f80,2024-10-21 20:00:00+00:00,2425,1,0.6594405341435055,0.5613825983313468,0.11598074978446088,0.1923852250465606,0.4163634789818824,0.5773526124507884
cards,ec813eb1fd844941,2024-10-25 20:00:00+00:00,2425,1,0.5830143012641231,0.5619047619047619,0.17387707295024746,0.19192743764172335,0.5395435624623177,0.5764229062518039
cards,17c995c94f10060f,2024-10-26 15:00:00+00:00,2425,1,0.4326814297179477,0.5624256837098692,0.32185036018687185,0.1914712822767754,0.8377535498944829,0.575496271481015
cards,3e8486e1e5721335,2024-10-26 15:00:00+00:00,2425,1,0.5433479963281519,0.5629453681710214,0.20853105245751358,0.19101675120316405,0.6100052871065561,0.5745726925472503
cards,84d482f50e7c9f15,2024-10-26 15:00:00+00:00,2425,0,0.6218747624980818,0.5634638196915777,0.38672822023204567,0.31749147610142275,0.972529822092982,0.8288840198329245
cards,bb88d1a09438b45a,2024-10-26 15:00:00+00:00,2425,1,0.5171665031575804,0.5627962085308057,0.23312818567307883,0.19114715527503873,0.6593903999250966,0.5748376905613158
cards,7961d7bc59ce064f,2024-10-26 17:30:00+00:00,2425,0,0.4926534367270461,0.5633136094674556,0.2427074087189696,0.31732222261125304,0.6785609521580723,0.8285399833166466
cards,232e340a8fbda742,2024-10-27 14:00:00+00:00,2425,1,0.6430083866646151,0.5626477541371159,0.12744301199180094,0.19127698696130865,0.4415975118052924,0.5751015053748032
cards,4a55fc5c86cbf0ae,2024-10-27 14:00:00+00:00,2425,1,0.593079298098614,0.5631641086186541,0.16558445763591662,0.19082559599893506,0.5224271653181843,0.5741842037637132
cards,8aca4b012fdae900,2024-10-27 14:00:00+00:00,2425,1,0.6284906586972839,0.5636792452830188,0.13801919067517798,0.19037580099679605,0.46443411391466066,0.5732699033004471
cards,a89c28123f11dcc1,2024-10-27 16:30:00+00:00,2425,1,0.584155324042761,0.5641931684334511,0.17292679452198106,0.1899275944400743,0.5375883656899048,0.572358588900432
cards,72f7d2c4bb081125,2024-11-02 12:30:00+00:00,2425,1,0.49566402872041,0.5647058823529412,0.2543547719265275,0.18948096885813148,0.7018569432209114,0.5714502455824255
cards,0697dfc2babfa81d,2024-11-02 15:00:00+00:00,2425,0,0.6054109777022498,0.5652173913043478,0.366522451922394,0.3194706994328922,0.9299105056038388,0.8329091229351039
cards,13ad5733f9c4ee7d,2024-11-02 15:00:00+00:00,2425,1,0.5978690592856107,0.5645539906103286,0.16170929347983964,0.18961322709338976,0.514383513413044,0.5717192567235546
cards,1ce1237b5735ec4d,2024-11-02 15:00:00+00:00,2425,0,0.6390891711402343,0.5650644783118406,0.4084349686687117,0.31929786464983256,1.019124362630407,0.8325574848842441
cards,888b62d03b95dbbb,2024-11-02 15:00:00+00:00,2425,1,0.6357442975721869,0.5644028103044496,0.13268221675117955,0.18974491167066132,0.4529588443273914,0.5719870797379696
cards,ebc495cae0518f15,2024-11-02 15:00:00+00:00,2425,0,0.5613771247795069,0.5649122807017544,0.315144276225706,0.3191258848876577,0.8241152892728947,0.8322076146636136
cards,3c598e015fa7ca89,2024-11-02 17:30:00+00:00,2425,0,0.6916434909667608,0.5642523364485982,0.4783707185966877,0.31838069918770207,1.1764986685303989,0.8306919564979267
cards,0ca8f2c7e59dfe94,2024-11-03 14:00:00+00:00,2425,0,0.5493825479591213,0.5635939323220537,0.30182118400205626,0.3176381205502356,0.7971365210618386,0.8291821211832479
cards,8fc07a6841aa59a0,2024-11-03 16:30:00+00:00,2425,1,0.6362499479819743,0.5629370629370629,0.1323141003431164,0.1910240109540809,0.45216379287461916,0.5745874458353897
cards,4daaecd8af3fac3c,2024-11-04 20:00:00+00:00,2425,0,0.6682498608633888,0.5634458672875436,0.44655787654393847,0.31747124536341226,1.103373186367915,0.8288428960138445
cards,1973aef8ac2983c3,2024-11-09 15:00:00+00:00,2425,1,0.6827992133385669,0.5627906976744186,0.10061633905863203,0.19115197404002165,0.3815544401735772,0.5748474825309218
cards,54fedd891c3aa3ea,2024-11-09 15:00:00+00:00,2425,0,0.5835872700658633,0.5632984901277585,0.34057410178292685,0.31730518898021237,0.8760783713009902,0.8285053610378363
cards,91a0c213a2c0566b,2024-11-09 15:00:00+00:00,2425,0,0.6297607564961454,0.5626450116009281,0.3965986104225973,0.31656940907940845,0.9936058782377324,0.8270100832156823
cards,aee73f91f248aade,2024-11-09 15:00:00+00:00,2425,1,0.5176907903990433,0.5619930475086906,0.23262217366589957,0.19185009043072415,0.6583771446877149,0.5762658001459448
cards,f5f10bbc753191b6,2024-11-09 17:30:00+00:00,2425,1,0.5964959055181321,0.5625,0.16281555426363215,0.19140625,0.5166829016452066,0.5753641449035618
cards,ec8c9aed89b96760,2024-11-09 20:00:00+00:00,2425,0,0.5701472201617617,0.5630057803468208,0.32506785265818433,0.31697550870393265,0.8443125013865769,0.8278353113122916
cards,6568b09aa56b2340,2024-11-10 14:00:00+00:00,2425,0,0.6004690205162424,0.5623556581986143,0.36056304459973554,0.31624388630799677,0.9174639711408697,0.8263487034800089
cards,aa8be18c760fc3e1,2024-11-10 14:00:00+00:00,2425,1,0.5284781766603118,0.5617070357554786,0.22233282988558412,0.19210072250624927,0.6377537675039657,0.5767748536979521
cards,de96cb500908bd44,2024-11-10 14:00:00+00:00,2425,0,0.6323924797641852,0.5622119815668203,0.3999202484622954,0.31608231221729066,1.0007394310498634,0.8260204619399187
cards,34b0ece7c7460baf,2024-11-10 16:30:00+00:00,2425,1,0.569502221041442,0.5615650172612198,0.18532833768825147,0.1922252340891545,0.5629925961175324,0.577027719412245
cards,48e14e99bc31bb61,2024-11-23 12:30:00+00:00,2425,1,0.6488030319995051,0.5620689655172414,0.12333931033274066,0.1917835909631391,0.4326261029497063,0.5761307221737574
cards,11fd377e83761f2d,2024-11-23 15:00:00+00:00,2425,1,0.5871359390424369,0.5625717566016073,0.17045673283037038,0.1913434681226035,0.53249890326937,0.5752365857478305
cards,714298d32222214e,2024-11-23 15:00:00+00:00,2425,0,0.6493510370815859,0.5630733944954128,0.4216567693589312,0.3170516475885868,1.0479696616011556,0.8279900487822787
cards,8e5f3bdc60aa60d1,2024-11-23 15:00:00+00:00,2425,1,0.5515275079278115,0.5624284077892325,0.20112757614543922,0.1914688983098662,0.5950635631502139,0.5754914280450816
cards,9ab3c7547c7db940,2024-11-23 15:00:00+00:00,2425,1,0.5367345876695667,0.562929061784897,0.21461484226168637,0.1910310050322304,0.6222515568049208,0.5746016591632274
cards,c3e0028bf754b085,2024-11-23 15:00:00+00:00,2425,0,0.5577501651400616,0.5634285714285714,0.311085246713766,0.31745175510204077,0.8158803193511569,0.8288032777510391
cards,28574e123745df24,2024-11-23 17:30:00+00:00,2425,1,0.4584085181687701,0.5627853881278538,0.2933213331921475,0.1911566168345114,0.7799945313616529,0.5748569168937014
cards,1d8c1d738a678043,2024-11-24 14:00:00+00:00,2425,1,0.6552382393194646,0.5632839224629419,0.11886067162754278,0.19072093237935375,0.42275638532662485,0.5739714751842604
cards,e62650df25afb2a4,2024-11-24 16:30:00+00:00,2425,0,0.6530450937619655,0.5637813211845103,0.42646789448657435,0.31784937811655195,1.0585604606844388,0.8296116044544708
cards,fc833a9d5b6e3b64,2024-11-25 20:00:00+00:00,2425,0,0.5303848201700511,0.5631399317406144,0.2813080574668174,0.31712658272082384,0.7558416859695066,0.8281423450974502
cards,f98cf28a0b25c991,2024-11-29 20:00:00+00:00,2425,1,0.6051576139616006,0.5625,0.1559005098124964,0.19140625,0.5022663359356688,0.5753641449035618
cards,1fd3aa940cd130e3,2024-11-30 15:00:00+00:00,2425,1,0.4898405396689547,0.5629965947786606,0.2602626749652634,0.19097197617504616,0.7136753700880843,0.574481699211252
cards,2978f82717493849,2024-11-30 15:00:00+00:00,2425,0,0.5670922275263602,0.5634920634920635,0.3215935945208091,0.3175233056185437,0.8372305702633188,0.828948721719007
cards,9fee10d5cadd2e25,2024-11-30 15:00:00+00:00,2425,1,0.6256056634150722,0.5628539071347678,0.14017111926686823,0.19109670650733823,0.46903503701855886,0.5747351745073314
cards,fb9c6050ec350690,2024-11-30 15:00:00+00:00,2425,1,0.5827546713692708,0.5633484162895928,0.17409366426416517,0.19066460555680678,0.5399889850207142,0.5738569856129905
cards,8d086056b8408af7,2024-11-30 17:30:00+00:00,2425,1,0.5935097293536604,0.5638418079096045,0.1652343401301344,0.19023396852756236,0.5217016718845394,0.572981549256411
cards,31a55210ed570627,2024-12-01 13:30:00+00:00,2425,1,0.5467085995930628,0.5643340857787811,0.20547309368288222,0.18980478881421048,0.6038393432011254,0.5721088521828891
cards,6fff855e24efd7e1,2024-12-01 13:30:00+00:00,2425,0,0.5611354643441429,0.5648252536640361,0.3148730093447168,0.31902756717664277,0.8235644883417856,0.8320076128447488
cards,964890617129ee69,2024-12-01 13:30:00+00:00,2425,1,0.5556333798621684,0.5641891891891891,0.1974616930927199,0.18993106281957636,0.5876465909610284,0.5723656419073053
cards,40cadf2878c5ba96,2024-12-01 16:00:00+00:00,2425,1,0.5983557588559252,0.5646794150731158,0.16131809644419973,0.1895040116610846,0.5135697874481768,0.5714971158221754
cards,9a0c2596bc5478cb,2024-12-03 19:30:00+00:00,2425,1,0.5939819884637634,0.5651685393258427,0.1648506256918396,0.18907839919202124,0.5209062825308037,0.5706312926264464
cards,75db55085a6f8a75,2024-12-03 20:15:00+00:00,2425,1,0.5677946204779543,0.5656565656565656,0.1868014900877956,0.1886542189572493,0.5659955093136952,0.5697681593994407
cards,52734ddb3c452bfb,2024-12-04 19:30:00+00:00,2425,1,0.540870262644741,0.5661434977578476,0.21080011572390908,0.18823146453779482,0.6145758391632368,0.5689077033046495
cards,7df64cb919017832,2024-12-04 19:30:00+00:00,2425,0,0.5351433367319893,0.5666293393057111,0.2863783908486473,0.3210688081620267,0.7660261719504331,0.8361618878467173
cards,c0a434b21dd85c65,2024-12-04 19:30:00+00:00,2425,0,0.5979964578190853,0.5659955257270693,0.35759976356417306,0.3203509351430616,0.9112943790066259,0.8347004355502406
cards,de1390be7c9e24b5,2024-12-04 19:30:00+00:00,2425,1,0.5013505032767074,0.5653631284916201,0.248651320582393,0.18890921007459197,0.690449815169668,0.5702870489873899
cards,b124571aa2ff76c3,2024-12-04 20:15:00+00:00,2425,1,0.5341669361025029,0.5658482142857143,0.21700044342012964,0.18848777303890304,0.6270468744514873,0.5694294093837473
cards,d2e702a27cd022cc,2024-12-04 20:15:00+00:00,2425,1,0.5257544486966097,0.5663322185061316,0.2249088429310566,0.1880677447058136,0.6429210028153275,0.5685744144803142
cards,671dc9d247da26aa,2024-12-05 19:30:00+00:00,2425,1,0.5019673473254221,0.566815144766147,0.2480365231300767,0.18764911880397417,0.6892202065744184,0.5677220517516768
cards,416efee6c6e747d5,2024-12-05 20:15:00+00:00,2425,1,0.6429978310556066,0.5672969966629589,0.12745054863100122,0.18723188909689545,0.4416139279141157,0.5668723087532488
cards,818b643d24c7491a,2024-12-07 15:00:00+00:00,2425,0,0.5265597343026882,0.5677777777777778,0.2772651537889176,0.32237160493827166,0.7477295291245151,0.8388154197058646
cards,d9d52247129f0592,2024-12-07 15:00:00+00:00,2425,1,0.5416152969768485,0.5671476137624861,0.21011653596562277,0.18736118827150988,0.6131993137340934,0.5671356674046335
cards,e7cfdc624c2570a9,2024-12-07 15:00:00+00:00,2425,0,0.6332942989510383,0.5676274944567627,0.4010616690838871,0.32220097246326224,1.003195657123713,0.8384677809389316
cards,fb33e1f997cdf4e8,2024-12-07 17:30:00+00:00,2425,0,0.600412826659426,0.5669988925802879,0.3604955624171619,0.3214877441872729,0.9173233314702266,0.8370149934316196
cards,3bd5c90b28a2416d,2024-12-08 14:00:00+00:00,2425,0,0.5415249928077969,0.5663716814159292,0.29324931783548447,0.3207768815099068,0.7798494987120076,0.8355675206017139
cards,a829d3f024bf2418,2024-12-08 14:00:00+00:00,2425,0,0.509590148189574,0.5657458563535912,0.25968211913187206,0.32006837398125826,0.7125138052258183,0.834125331830665
cards,d90941c993423591,2024-12-08 14:00:00+00:00,2425,1,0.541645202677032,0.565121412803532,0.2100891202289791,0.189119385601996,0.6131440994985506,0.5707146810034716
cards,8831d3dc415a62d5,2024-12-08 16:30:00+00:00,2425,1,0.5198813227427217,0.565600882028666,0.23051394425127858,0.18870259369427297,0.6541547189488314,0.569866604944367
cards,cc4f5b9ac0d098eb,2024-12-09 20:00:00+00:00,2425,1,0.5667054977621839,0.566079295154185,0.1877441256695168,0.18828717809388892,0.5679155144910241,0.5690211131461282
cards,532cc61c17591e52,2024-12-14 15:00:00+00:00,2425,1,0.5927456687913761,0.5665566556655666,0.16585609028818352,0.18787313274781822,0.5229898610369561,0.5681781935137427
cards,9401e61a47e3d761,2024-12-14 15:00:00+00:00,2425,0,0.5160178438532131,0.567032967032967,0.26627441517491907,0.32152638570220987,0.7257072404104434,0.8370936902129619
cards,9c933f4fb37c271d,2024-12-14 15:00:00+00:00,2425,1,0.4877775760261366,0.566410537870472,0.2623718116216603,0.1879998216697734,0.717895763863068,0.5684361317783956
cards,b0aa8dc25bf7743f,2024-12-14 15:00:00+00:00,2425,0,0.5118528240461813,0.5668859649122807,0.26199331348405097,0.32135969721452756,0.7171383285288323,0.8367542251732095
cards,c24498f41663e986,2024-12-14 17:30:00+00:00,2425,0,0.6101380209294728,0.5662650602409639,0.3722684045837338,0.3206561184497025,0.9419625023149256,0.835321669340488
cards,03dc87863235d584,2024-12-15 14:00:00+00:00,2425,1,0.621704828121042,0.5656455142231948,0.14310723706693038,0.1886638193144329,0.47528985173886307,0.5697876969457208
cards,ee1db02b6e915b2c,2024-12-15 16:30:00+00:00,2425,0,0.4743615271664235,0.566120218579235,0.22501885845566152,0.3204921018842008,0.64314161655759,0.834987784588331
cards,e8fa9570f621d7a5,2024-12-15 19:00:00+00:00,2425,1,0.6199588311878442,0.5655021834061136,0.14443128999210947,0.18878835262485455,0.47810220445759305,0.5700411224146471
cards,ea506496ca63dbe5,2024-12-15 19:00:00+00:00,2425,0,0.4793128724184174,0.5659760087241004,0.2297408296659941,0.3203288424512629,0.6526059404908946,0.8346554669720272
cards,d2f76daa6e472fba,2024-12-16 20:00:00+00:00,2425,0,0.565503878877333,0.565359477124183,0.3197946370253093,0.3196313383741296,0.8335682615370975,0.833235973730627
cards,9a710db459dc6367,2024-12-21 12:30:00+00:00,2425,1,0.5148795527569122,0.5647442872687704,0.23534184833333352,0.1894475354651707,0.6638222838140766,0.5713822391897985
cards,aa1716df8725fb65,2024-12-21 15:00:00+00:00,2425,1,0.5514074348081046,0.5652173913043478,0.20123528954544492,0.18903591682419663,0.59528129697209,0.570544858467613
cards,c369c4ce06e26f73,2024-12-21 15:00:00+00:00,2425,1,0.5370923199250068,0.5656894679695983,0.21428352027241224,0.1886256382325306,0.6215852813258025,0.5697099945019398
cards,f737fc1ca2d87b65,2024-12-21 15:00:00+00:00,2425,0,0.5569231103760126,0.5661605206073753,0.3101633508708923,0.32053773509441424,0.814011958255157,0.835080676448612
cards,e387ce6c1559e864,2024-12-21 17:30:00+00:00,2425,1,0.606132664516592,0.5655471289274107,0.15513147796079949,0.18874929718321592,0.5006563985277355,0.5699616466202133
cards,110b5f01f862b127,2024-12-22 14:00:00+00:00,2425,1,0.5665019071397139,0.566017316017316,0.1879205965135052,0.18834096999681418,0.568274831988915,0.5691306075767614
cards,a126c83b4eda1818,2024-12-22 14:00:00+00:00,2425,0,0.4834061354925391,0.5664864864864865,0.23368149183183104,0.3209069393718042,0.6604982750702498,0.835832310205856
cards,c650d7840e4ef3d2,2024-12-22 14:00:00+00:00,2425,1,0.5743352122102124,0.5658747300215983,0.18119051156412488,0.18846475003382018,0.5545420597227713,0.5693825503251372
cards,fc8331ef4304441d,2024-12-22 14:00:00+00:00,2425,1,0.550815613250914,0.5663430420711975,0.20176661329915246,0.18805835716006322,0.5963551660317264,0.5685553029742313
cards,b41433d24af40d4b,2024-12-22 16:30:00+00:00,2425,0,0.5584394004665297,0.5668103448275862,0.31185456399341716,0.32127396700356714,0.8174400100707232,0.8365796441671794
cards,1b68f9eca25535e2,2024-12-26 12:30:00+00:00,2425,1,0.5621628240266499,0.566200215285253,0.19170139266431838,0.18818225321856086,0.575963748582547,0.5688075260761286
cards,09b145045cd0525d,2024-12-26 15:00:00+00:00,2425,1,0.5748939378547909,0.5666666666666667,0.18071516407260635,0.1877777777777778,0.5535697111035807,0.5679840376059393
cards,34dc83d4cd140781,2024-12-26 15:00:00+00:00,2425,0,0.5992693433263233,0.5671321160042965,0.3591237458507628,0.3216388370035108,0.9144657564710608,0.8373227153303842
cards,7899da0c737fe0be,2024-12-26 15:00:00+00:00,2425,0,0.5463508325656451,0.5665236051502146,0.29849923224517355,0.3209489951923963,0.7904311386280644,0.8359179367244411
cards,d11dd9499e668837,2024-12-26 15:00:00+00:00,2425,1,0.5272009631124425,0.5659163987138264,0.223538929281802,0.18842857290557374,0.6401734689509664,0.5693089171410823
cards,f2739bb3edb4d208,2024-12-26 15:00:00+00:00,2425,1,0.5033490861281491,0.5663811563169164,0.24666213024974465,0.18802530159705447,0.6864713413876733,0.5684880063705433
cards,a15516b1cb9d3397,2024-12-26 17:30:00+00:00,2425,1,0.525290006906122,0.5668449197860963,0.22534957754318966,0.18762332351511335,0.6438047747970764,0.5676695227425194
cards,3193ef769d199a8a,2024-12-26 20:00:00+00:00,2425,1,0.6097069259514588,0.5673076923076923,0.15232868365026006,0.1872226331360947,0.4947768865274103,0.5668534552356532
cards,29e5fc7051c49a6a,2024-12-27 19:30:00+00:00,2425,0,0.5529101562311551,0.567769477054429,0.3057096408635604,0.3223621790746598,0.8049957117934441,0.8387962151318831
cards,b36d90784a29343c,2024-12-27 20:15:00+00:00,2425,0,0.5162161488303645,0.5671641791044776,0.266479112313253,0.3216752060592559,0.7261170605083341,0.8373967894044919
cards,f36b1e17efbdbc55,2024-12-29 14:30:00+00:00,2425,0,0.6168412700478764,0.5665601703940362,0.3804931524342771,0.3209904266769193,0.9593059371401188,0.8360022937656678
cards,24c58003d18bc419,2024-12-29 15:00:00+00:00,2425,1,0.5371424130665191,0.5659574468085107,0.21423714578188482,0.18839293798098683,0.6214920183917153,0.5692363859224051
cards,77242306e7b7eccd,2024-12-29 15:00:00+00:00,2425,1,0.5380281151812345,0.5664187035069076,0.21341802236300272,0.1879927406686309,0.6198444614846116,0.568421715419535
cards,9478267ad8e402d7,2024-12-29 15:00:00+00:00,2425,0,0.4768265638094438,0.5668789808917197,0.2273635719543216,0.32135177897683476,0.6478422519351208,0.8367381001722013
cards,d368894940528c35,2024-12-29 15:00:00+00:00,2425,1,0.6144327195386543,0.5662778366914104,0.14866212776235802,0.18811491494508287,0.4870558441091978,0.5686704436732626
cards,c2d459eb015cab54,2024-12-29 17:15:00+00:00,2425,0,0.4941814169505996,0.5667372881355932,0.24421527285930236,0.3211911537632864,0.6815772055053887,0.8364110101026989
cards,1b277984d1f35341,2024-12-30 19:45:00+00:00,2425,1,0.496775571307091,0.5661375661375662,0.25323482563330474,0.18823661151703477,0.6996169216590307,0.5689181805977361
cards,b4cb9828f8d14825,2024-12-30 19:45:00+00:00,2425,1,0.5837955005743005,0.5665961945031712,0.17322618534219708,0.187838858619133,0.5382045277273135,0.5681084079810763
cards,d89114e7fcdaa0ec,2024-12-30 20:00:00+00:00,2425,0,0.5899474366964236,0.5670538542766631,0.34803797806468073,0.3215500736500191,0.8914699243216542,0.8371419334877247
cards,787e92b8d50e9d96,2025-01-01 17:30:00+00:00,2425,0,0.5533002056586649,0.5664556962025317,0.30614111758192086,0.32087205576029487,0.805868511019659,0.8357612877587872
cards,23823f30b0383b58,2025-01-04 12:30:00+00:00,2425,1,0.5381072549191508,0.565858798735511,0.21334490795832234,0.1884785826353735,0.6196973801038527,0.5694107041010632
cards,6062473be40fccee,2025-01-04 15:00:00+00:00,2425,0,0.5262050444269101,0.5663157894736842,0.2768917487803264,0.32071357340720225,0.7469806340572908,0.8354386352450601
cards,654266b9450be987,2025-01-04 15:00:00+00:00,2425,0,0.5388259489949466,0.5657202944269191,0.2903334033103048,0.32003945152648,0.7739797562528277,0.8340664695843576
cards,7cdca9725121cb27,2025-01-04 15:00:00+00:00,2425,0,0.5658452383018697,0.5651260504201681,0.3201808337088997,0.3193674528634983,0.8343542146716878,0.832699060966051
cards,a48821fbced57f70,2025-01-04 15:00:00+00:00,2425,0,0.5386061110132375,0.5645330535152151,0.29009654282080394,0.3186975685112127,0.7735031778322249,0.8313363834235038
cards,f1d825d9241fcb64,2025-01-04 15:00:00+00:00,2425,1,0.5626486148531332,0.5639412997903563,0.191276234089883,0.19014719002852387,0.5750999756159929,0.5728051112865022
cards,9fc9b192ba17c182,2025-01-04 17:30:00+00:00,2425,1,0.5290709105195839,0.5643979057591623,0.22177420731885378,0.18974918450700368,0.6366328097564268,0.5719957695717331
cards,a8584f8433d0a8ac,2025-01-05 14:00:00+00:00,2425,1,0.5996991436120019,0.5648535564853556,0.16024077562496464,0.1893524273034436,0.5113271768360363,0.5711887734930813
cards,469021753d8de337,2025-01-05 16:30:00+00:00,2425,1,0.5219594339381164,0.5653082549634274,0.2285227828007661,0.18895691320294064,0.6501654068815206,0.5703841126064727
cards,d482841eebe46029,2025-01-06 20:00:00+00:00,2425,0,0.5161677988606372,0.5657620041753654,0.26642919658063524,0.32008664536852616,0.7260171242378431,0.8341625177095974
cards,0d0dde680147e0c9,2025-01-14 19:30:00+00:00,2425,0,0.5495678098981374,0.5651720542231491,0.30202477767623526,0.31941945087481416,0.7975477346797389,0.8328048530846367
cards,46a53297da58c4f6,2025-01-14 19:30:00+00:00,2425,1,0.6106908097938138,0.5645833333333333,0.15156164557899643,0.18958767361111112,0.4931644875091261,0.5716672830222357
cards,a5e9944faad80642,2025-01-14 19:30:00+00:00,2425,1,0.5065495582915598,0.5650364203954215,0.24349333842225476,0.18919331558242852,0.6801331154765929,0.570865089036357
cards,18476086bc02f3fd,2025-01-14 20:00:00+00:00,2425,0,0.551010948368971,0.5654885654885655,0.30361306522247283,0.31977731769831563,0.8007567754324332,0.8335330181409503
cards,909150dd0962a063,2025-01-15 19:30:00+00:00,2425,0,0.4696465199055746,0.564901349948079,0.22056785365941728,0.31911353517316193,0.6342115511696086,0.8321824918759879
cards,a1d540444a684840,2025-01-15 19:30:00+00:00,2425,0,0.6049430228334216,0.5643153526970954,0.3659560608748377,0.3184518172896472,0.9287252784921302,0.8308365833331316
cards,c33832e43cced13d,2025-01-15 19:30:00+00:00,2425,0,0.5527056886135778,0.5637305699481865,0.30548357822580924,0.31779215549410716,0.8045384862937283,0.8294952676566044
cards,142b01fe98faac3a,2025-01-15 20:00:00+00:00,2425,1,0.5506891917920342,0.5631469979296067,0.2018802023724954,0.1908405454179151,0.5965847092145724,0.5742145873565753
cards,5f397df60de9a1e6,2025-01-16 19:30:00+00:00,2425,1,0.5910073256807641,0.5635987590486039,0.1672750076468006,0.19044604310391847,0.5259268662539371,0.5734127007900502
cards,7df2648683cffd99,2025-01-16 20:00:00+00:00,2425,1,0.5264257917566857,0.5640495867768595,0.22427253071328201,0.19005276278942698,0.6416449036730557,0.572613111531672
cards,0fdb5b4d7d1a6164,2025-01-18 12:30:00+00:00,2425,1,0.4357948794547308,0.564499484004128,0.3183274180495017,0.18966069943267078,0.8305836063003281,0.571815809468785
cards,3e83abaf2ed36355,2025-01-18 15:00:00+00:00,2425,1,0.5351578542411853,0.5649484536082474,0.2160782204736591,0.18926984801785526,0.6251935209497741,0.571020784549413
cards,8ef28ed0e12724d4,2025-01-18 15:00:00+00:00,2425,1,0.5885432026527181,0.5653964984552008,0.1692966960832822,0.1888802035550003,0.5301049435018388,0.5702280267817943
cards,98c1dc26d7823b58,2025-01-18 15:00:00+00:00,2425,0,0.5411285526732211,0.565843621399177,0.29282011051821505,0.32017900387813514,0.7789851793323386,0.8343504904244273
cards,4a0c22c54f6191a0,2025-01-18 17:30:00+00:00,2425,1,0.5186549229289743,0.5652620760534429,0.23169308322051166,0.18899706251736245,0.6565165053360349,0.5704658039594885
cards,a5df23ce0e9f43fc,2025-01-19 14:00:00+00:00,2425,0,0.526477087580436,0.5657084188911704,0.27717812374717804,0.3200260152043479,0.7475549780450815,0.8340391245962571
cards,a8803a5a15d98ea5,2025-01-19 14:00:00+00:00,2425,1,0.4816150848637579,0.5651282051282052,0.2687229202408089,0.1891134779750164,0.7306100630865378,0.5707026618449327
cards,aa04f8d26814420d,2025-01-19 14:00:00+00:00,2425,1,0.48059780738385,0.5655737704918032,0.26977863769446425,0.18872614888470846,0.7327245179376787,0.5699145401359973
cards,62513c404fb19b73,2025-01-19 16:30:00+00:00,2425,0,0.6408331173704469,0.5660184237461617,0.41066708431872495,0.32037685602008953,1.0239681443837458,0.834753196810825
cards,8d0aabeada81a052,2025-01-20 20:00:00+00:00,2425,1,0.5323887792756902,0.565439672801636,0.2186602537472792,0.18884267797474918,0.6303812684239041,0.5701516685124826
cards,a39f27441132658f,2025-01-25 15:00:00+00:00,2425,0,0.4330386726719566,0.5658835546475995,0.18752249202948998,0.32022419742060276,0.5674641833511509,0.8344424736060935
cards,a5a592eb9e7c83cf,2025-01-25 15:00:00+00:00,2425,0,0.5946115661896019,0.5653061224489796,0.3535629146464513,0.31957101207830074,0.9029095756859901,0.8331132253952472
cards,d3434940ae434a7f,2025-01-25 15:00:00+00:00,2425,0,0.5509681522976442,0.564729867482161,0.30356590484628004,0.31891982322641915,0.800661463460538,0.8317884463367384
cards,df3e6dd48b54e8c1,2025-01-25 15:00:00+00:00,2425,1,0.5264783840972211,0.5641547861507128,0.22422272072717883,0.1899610504353309,0.6415450040966549,0.5724266216071822
cards,ee9c3c083717c472,2025-01-25 15:00:00+00:00,2425,1,0.5830382036458949,0.5645981688708036,0.17385713961884225,0.18957475455065725,0.5395025653688345,0.5716410064007321
cards,2f58c315d21fa9be,2025-01-25 17:30:00+00:00,2425,1,0.5300703516628549,0.5650406504065041,0.2208338743862729,0.189189635798797,0.6347455422584907,0.570857602801671
cards,184f679aef8ea593,2025-01-26 14:00:00+00:00,2425,1,0.5198664635763743,0.5654822335025381,0.23052821279865707,0.1888056894019428,0.6541833012003041,0.5700764012448047
cards,accf7f40e98ef30e,2025-01-26 14:00:00+00:00,2425,1,0.4953514072407681,0.565922920892495,0.2546702021738731,0.18842291060650318,0.702487854665209,0.5692973922213245
cards,b6a3524c2331449f,2025-01-26 16:30:00+00:00,2425,1,0.469523033931588,0.5663627152988855,0.2814058115291471,0.18804129468295544,0.7560379209800863,0.5685205662783824
cards,f67db7445bccca4c,2025-01-26 19:00:00+00:00,2425,0,0.4553499972456137,0.5668016194331984,0.2073436199915804,0.32126407579209626,0.607611887396515,0.8365595021660711
cards,7c3e625d04889599,2025-02-01 12:30:00+00:00,2425,1,0.609590697668561,0.5662285136501517,0.15241942334692093,0.18815770237015664,0.49496753445618225,0.5687575478935172
cards,a31183cd55759bec,2025-02-01 15:00:00+00:00,2425,0,0.5944694183957051,0.5666666666666667,0.35339388940772787,0.32111111111111107,0.9025589912437693,0.8362480242006186
cards,b493518644add315,2025-02-01 15:00:00+00:00,2425,1,0.5393500344560257,0.5660948536831484,0.2121983907556647,0.1882736760002484,0.6173905042763482,0.5689936288072915
cards,bddc85da190363ae,2025-02-01 15:00:00+00:00,2425,1,0.4811330132351206,0.5665322580645161,0.26922294995446555,0.18789428329864724,0.7316115123127235,0.5682212573911817
cards,dc2361effe6a0bd0,2025-02-01 15:00:00+00:00,2425,0,0.5813388383271075,0.5669687814702921,0.3379548449475109,0.3214535991619078,0.8706933695790297,0.8369454553575645
cards,aa33c9632f3032dd,2025-02-01 17:30:00+00:00,2425,1,0.585215228187887,0.5663983903420523,0.1720464069272267,0.18801035589796325,0.5357755879808107,0.5684575785168837
cards,4803443d1565a154,2025-02-02 14:00:00+00:00,2425,1,0.5900694064078247,0.5668341708542713,0.1680430915628332,0.1876326355395066,0.5275151110218126,0.5676884856605339
cards,fd57ea7e23b9d145,2025-02-02 14:00:00+00:00,2425,0,0.5622839668755727,0.5672690763052208,0.31616325940533013,0.3217942049321785,0.8261849050599398,0.8376391674808503
cards,a19d902124c79d84,2025-02-02 16:30:00+00:00,2425,0,0.5104541243435196,0.5667001003009027,0.2605634130593093,0.32114900368105315,0.7142771019821649,0.836325181717728
cards,f17eeb7fce3ec9af,2025-02-03 20:00:00+00:00,2425,1,0.52756247440498,0.5661322645290581,0.22319721559034514,0.18824121188268325,0.639487985753816,0.5689275451650231
cards,2eda59d1c92f5a03,2025-02-12 19:30:00+00:00,2425,1,0.5715570074209297,0.5665665665665666,0.18356339789010925,0.18786454121789456,0.5593910502042114,0.5681607004453706
cards,41b7ebf646cfe57d,2025-02-14 20:00:00+00:00,2425,0,0.4361738531738992,0.567,0.19024763019256616,0.32148899999999997,0.5730093253113018,0.8370175509796471
cards,ad51c24c3c4a99ea,2025-02-15 12:30:00+00:00,2425,0,0.5253874434208438,0.5664335664335665,0.2760319657042903,0.32084698518264954,0.7452564781472389,0.8357102452148157
cards,39eb00bcb82626bf,2025-02-15 15:00:00+00:00,2425,0,0.5080796560734758,0.5658682634730539,0.2581449369157415,0.3202068916060095,0.7094384781858333,0.834407250556126
cards,729cb15b0005486b,2025-02-15 15:00:00+00:00,2425,1,0.5998749533731885,0.5653040877367896,0.16010005293810806,0.18896053613834468,0.5110340565312762,0.5703914842341834
cards,b049421135ee6d8d,2025-02-15 15:00:00+00:00,2425,0,0.5500038928344246,0.5657370517928287,0.3025042821330213,0.3200584117712418,0.7985163469983554,0.8341050569026403
cards,b3de8bc28daa6010,2025-02-15 15:00:00+00:00,2425,0,0.5304485587324032,0.5651741293532339,0.2813756734612838,0.3194217964901859,0.7559774202705734,0.8328096253975861
cards,d549d31460336ca7,2025-02-15 15:00:00+00:00,2425,0,0.5874960101588259,0.5646123260437376,0.34515156195253927,0.3187870787205198,0.885509400911938,0.8315184402832384
cards,39db3751eea3c840,2025-02-15 17:30:00+00:00,2425,0,0.4745278833795917,0.564051638530288,0.22517671210471535,0.3181542509287026,0.6434581507381534,0.8302314796433908
cards,f99d66f12dd30871,2025-02-16 14:00:00+00:00,2425,1,0.4508716034643641,0.5634920634920635,0.30154199588179864,0.19053917863441674,0.7965726729958709,0.5736020299101626
cards,7eb46411119c7372,2025-02-16 16:30:00+00:00,2425,0,0.5056114024104187,0.5639246778989098,0.25564289024743037,0.3180110423433891,0.7044334362324836,0.829940293441302
cards,faf45df349262a10,2025-02-19 19:30:00+00:00,2425,0,0.4505089268536203,0.5633663366336633,0.20295829317480063,0.31738162925203406,0.5987627506819211,0.828660734388459
cards,7fb3c18caf573a31,2025-02-21 20:00:00+00:00,2425,1,0.5660313302272924,0.5628090999010881,0.1883288063442934,0.1911358831292968,0.5691058485524498,0.5748147848941404
cards,20cad9aafaf1cea0,2025-02-22 12:30:00+00:00,2425,1,0.6626177509817206,0.5632411067193676,0.1138267819526323,0.19075833085972288,0.4115569995842688,0.5740474890188151
cards,7bba60ae77063c2a,2025-02-22 15:00:00+00:00,2425,0,0.5928679225284142,0.5636722606120435,0.3514923735631578,0.31772641738349144,0.8986176315108387,0.8293616221709853
cards,b4b2ad7be6735b05,2025-02-22 15:00:00+00:00,2425,1,0.4436701772375385,0.5631163708086785,0.3095028716949119,0.1908673054553801,0.812673836654873,0.5742689744951183
cards,da7c9baef94d0d50,2025-02-22 15:00:00+00:00,2425,1,0.4759826754985564,0.5635467980295567,0.27459415637765133,0.19049139751025262,0.7423738214245041,0.5735049000960898
cards,de24e1829dc31ab9,2025-02-22 15:00:00+00:00,2425,0,0.5909509524763779,0.5639763779527559,0.3492230282327382,0.3180693548887098,0.893920209533582,0.8300588580932916
cards,ff3236a0755040b3,2025-02-22 15:00:00+00:00,2425,1,0.4572358014612007,0.5634218289085545,0.2945929752154652,0.19060049947355143,0.7825560442190911,0.5737266793338205
cards,d4198cc9fd53c273,2025-02-22 17:30:00+00:00,2425,1,0.4992613991996414,0.5638506876227898,0.2507391463315009,0.1902262226871133,0.6946254742986182,0.5729658007909016
cards,aa8ed40c659e50b2,2025-02-23 14:00:00+00:00,2425,1,0.5331449175761847,0.5642787046123651,0.21795366798494742,0.18985304725427862,0.6289620013849473,0.5722069924253743
cards,9263e239b81968d3,2025-02-23 16:30:00+00:00,2425,0,0.3784140164802569,0.5647058823529412,0.14319716786872014,0.3188927335640138,0.4754810292180951,0.831733343846092
cards,563fac4c5badd11a,2025-02-25 19:30:00+00:00,2425,1,0.53553367102332,0.564152791380999,0.21572897075307357,0.18996278926097493,0.6244915133430999,0.5724301574687742
cards,575d425aa38df390,2025-02-25 19:30:00+00:00,2425,1,0.5031433292439373,0.5645792563600783,0.24686655127479845,0.1895912239919424,0.6868802006774911,0.5716745042555501
cards,91c13637c1486404,2025-02-25 19:30:00+00:00,2425,0,0.5613440030071848,0.5650048875855328,0.3151070897121303,0.31923052299554056,0.8240397790254993,0.8324204837853864
cards,d93453512e7142b3,2025-02-25 20:15:00+00:00,2425,0,0.5553298563783587,0.564453125,0.30839124938520857,0.3186073303222656,0.8104225219661745,0.8311528535793891
cards,962bff51f4f5d4a4,2025-02-26 19:30:00+00:00,2425,0,0.5036798896114668,0.5639024390243902,0.2536934311990194,0.3179859607376561,0.7005341765799541,0.8298892969589396
cards,bc13201d5de40089,2025-02-26 19:30:00+00:00,2425,0,0.5175741286494954,0.5633528265107213,0.2678829786472844,0.3173664071376188,0.7289280045128124,0.8286297933157297
cards,eb720ac6d2a1f604,2025-02-26 19:30:00+00:00,2425,0,0.454494492163415,0.5628042843232717,0.20656524340688048,0.31674866245263,0.6060423769009835,0.8273743221863039
cards,fd0169b75e7a5478,2025-02-26 19:30:00+00:00,2425,1,0.5001588803861173,0.5622568093385214,0.24984114485685976,0.1916191009704916,0.6928294702629724,0.5757965773427329
cards,0088266e838576c0,2025-02-26 20:15:00+00:00,2425,0,0.5373923803975738,0.5626822157434402,0.2887905705093706,0.31661127591394744,0.7708760580657434,0.8270951530696842
cards,d4ee87d33c54a143,2025-02-27 20:00:00+00:00,2425,0,0.5493282763204739,0.5621359223300971,0.3017615551652229,0.315996795173909,0.7970160899279138,0.8258467417210031
cards,4955397b71cfe0be,2025-03-08 12:30:00+00:00,2425,1,0.4883207304654091,0.5615906886517944,0.26181567487145246,0.19220272427680787,0.7167828544527731,0.5769820064439647
cards,161b7cfa7b519343,2025-03-08 15:00:00+00:00,2425,0,0.5229791119786041,0.562015503875969,0.27350715156592936,0.3158614265969593,0.7401949986513183,0.8255717662092769
cards,5dc07f365321e7d1,2025-03-08 15:00:00+00:00,2425,0,0.4805621365542415,0.5614714424007744,0.23093996708957748,0.31525018063160615,0.6550080839781085,0.8243303436366044
cards,fac3eb035e8a5d2b,2025-03-08 15:00:00+00:00,2425,1,0.5003719244887697,0.5609284332688588,0.24962821383905567,0.192783840711739,0.6924036081009398,0.5781619515279095
cards,460a8981adb434af,2025-03-08 17:30:00+00:00,2425,1,0.5005740439428952,0.561352657004831,0.2494262855835532,0.1924114915167215,0.6919997512230519,0.5774059488475581
cards,4828459bc8702e86,2025-03-08 20:00:00+00:00,2425,1,0.5104536513601728,0.5617760617760618,0.2396556274665872,0.19204022003249804,0.6724554361746091,0.5766519750879906
cards,11f23c4c4dfc75c9,2025-03-09 14:00:00+00:00,2425,1,0.5169676089453547,0.562198649951784,0.23332029080796782,0.19167002210404052,0.6597750583796441,0.5759000218790349
cards,ffae2d55c484a252,2025-03-09 14:00:00+00:00,2425,0,0.559866699660096,0.5626204238921002,0.31345072138828806,0.31654174138052654,0.8206776426335622,0.826953865684486
cards,4a4df98cde4c0369,2025-03-09 16:30:00+00:00,2425,0,0.4741563365364252,0.5620789220404235,0.22482423147764372,0.3159327146021245,0.6427513281722342,0.8257165721482771
cards,bb3f78e51daacff8,2025-03-10 20:00:00+00:00,2425,0,0.5032350584460866,0.5615384615384615,0.2532455240492362,0.31532544378698224,0.6996383193837141,0.8244831826210323
cards,3a93db74703223a4,2025-03-15 15:00:00+00:00,2425,0,0.572879109986888,0.5609990393852066,0.32819047465936885,0.31471992219112455,0.8506881910381349,0.8232536777207643
cards,5570d4aede3a0ee1,2025-03-15 15:00:00+00:00,2425,0,0.5655879703135225,0.5604606525911708,0.31988975216337,0.3141161431029211,0.8337618180974168,0.8220280381991273
cards,c48f469269cdd417,2025-03-15 15:00:00+00:00,2425,0,0.5586420310071274,0.5599232981783318,0.3120809188077683,0.313514099842901,0.817899011730397,0.8208062449402274
cards,d27b6c5b0b1a78e3,2025-03-15 15:00:00+00:00,2425,1,0.4397594374676288,0.5593869731800766,0.31386948790658775,0.19413983940341456,0.8215274346109469,0.580913785614357
cards,efd6d9e5ac7ccad7,2025-03-15 17:30:00+00:00,2425,0,0.5781607346995943,0.5598086124401914,0.33426983514837466,0.31338568256221244,0.8631309254160816,0.8205456749157708
cards,5cea77416c0cd47d,2025-03-16 13:30:00+00:00,2425,1,0.5230231280867672,0.5592734225621415,0.22750693634013247,0.19423991606008867,0.6481295939317503,0.5811167973930117
cards,a0876dca4fc88ee9,2025-03-16 13:30:00+00:00,2425,0,0.4625039641115933,0.559694364851958,0.21390991681893795,0.3132577820470367,0.6208338940988517,0.8202861678738884
cards,4d54c270de3bbada,2025-03-16 19:00:00+00:00,2425,0,0.5390473338106172,0.5591603053435115,0.290572028088335,0.312660247071849,0.774459917635848,0.8190739737992486
cards,9c4f363ba6af2b57,2025-04-01 19:45:00+00:00,2425,1,0.5732285532310315,0.5586272640610105,0.18213386777727852,0.19480989203026897,0.5564707705370463,0.5822728188192846
cards,babc86d30739b48d,2025-04-01 19:45:00+00:00,2425,0,0.5420716459830007,0.559047619047619,0.2938416693787197,0.31253424036281174,0.7810425393820511,0.8188183890653349
cards,8a98f5542e933751,2025-04-01 20:00:00+00:00,2425,1,0.5176217339253826,0.5585156993339676,0.2326887915811544,0.1949083877345757,0.6585105468675219,0.5824725510488548
cards,16a96560b54e8bd8,2025-04-02 19:45:00+00:00,2425,1,0.5686875060004374,0.55893536121673,0.18603046748012275,0.1945380155850164,0.5644241943138485,0.5817214453990283
cards,412c1260eee7f437,2025-04-02 19:45:00+00:00,2425,0,0.5094025119702733,0.5593542260208927,0.2594909192016244,0.3128771501674319,0.7121312673711689,0.8195139599077202
cards,50ddc3d05a5ce462,2025-04-02 19:45:00+00:00,2425,0,0.4671686809353539,0.5588235294117647,0.2182465764468785,0.31228373702422146,0.6295503794553138,0.8183103235139514
cards,82c7beb0b408ddd5,2025-04-02 19:45:00+00:00,2425,0,0.5667600205796346,0.5582938388625592,0.3212169209274278,0.31169201051189327,0.8364634795162974,0.8171104117845209
cards,9fe47d614ee2b2c2,2025-04-02 19:45:00+00:00,2425,1,0.4674460855870215,0.5577651515151515,0.283613671756586,0.1955716612144169,0.760471261851376,0.5838172806146201
cards,e95a96ddff375c8c,2025-04-02 20:00:00+00:00,2425,1,0.4573169088276252,0.5581835383159887,0.29450493744440404,0.19520178581497946,0.7823786736515455,0.5830674489704725
cards,a4687d0dce4ffad2,2025-04-03 20:00:00+00:00,2425,1,0.4879153146165123,0.558601134215501,0.2622307250043056,0.19483295871584222,0.7176134238099392,0.5823195950121465
cards,2602857e0dc999fa,2025-04-05 12:30:00+00:00,2425,1,0.4956865580133004,0.559017941454202,0.2543320477684722,0.19446517595928958,0.7018114915044433,0.5815737107174008
cards,0a10604b55d3ed3b,2025-04-05 15:00:00+00:00,2425,1,0.5521321566303918,0.559433962264151,0.20058560512454388,0.19409843360626552,0.5939678471745519,0.5808297881083873
cards,d730a934dae81071,2025-04-05 15:00:00+00:00,2425,0,0.4540223740769468,0.5598491988689915,0.206136316162467,0.3134311254742516,0.6051772822397661,0.8206378809450858
cards,d80129df22ecd077,2025-04-05 15:00:00+00:00,2425,1,0.5191050732160616,0.559322033898305,0.2312599306065295,0.1941970698075266,0.655648963096996,0.5810298824392393
cards,d728c538eafc426f,2025-04-05 17:30:00+00:00,2425,1,0.5650434704908073,0.5597365945437441,0.18918718256268124,0.19383186618393955,0.5708526118735604,0.5802889727963182
cards,17826bfa57401170,2025-04-06 14:00:00+00:00,2425,0,0.4732169594394246,0.5601503759398496,0.22393429070109402,0.31376844366555484,0.6409665029482822,0.8213223739839429
cards,4d9c7114944893cf,2025-04-06 14:00:00+00:00,2425,0,0.5383664257287966,0.5596244131455399,0.2898384083519998,0.3131794837884899,0.7729838318769435,0.8201273096972461
cards,ed3b6bddf7f450fd,2025-04-06 14:00:00+00:00,2425,1,0.511208391110478,0.5590994371482176,0.23891723692080744,0.1943933063230185,0.6709779615181651,0.5814279376604401
cards,8649589a57d134ff,2025-04-06 16:30:00+00:00,2425,1,0.5671689962115092,0.5595126522961574,0.18734267784055256,0.1940291034871659,0.5670979663803558,0.5806891379091513
cards,2e6947a7fef66b0b,2025-04-07 20:00:00+00:00,2425,0,0.5242891262313337,0.5599250936329588,0.2748790878844154,0.3135161104798777,0.7429450173467405,0.820810324816036
cards,7fddc9dde65fabd1,2025-04-12 12:30:00+00:00,2425,1,0.4278478315689262,0.5594013096351731,0.3273581038403798,0.19412720595120062,0.8489876803348989,0.5808881570744134
cards,6ae369b1f336f29f,2025-04-12 15:00:00+00:00,2425,1,0.5275878921815254,0.5598130841121496,0.2231731996134941,0.19376452091885749,0.6394398072621903,0.5801523293405024
cards,c1ee8b012774f248,2025-04-12 15:00:00+00:00,2425,0,0.5129026312499957,0.5602240896358543,0.26306910914316906,0.31385103060832176,0.719291240052421,0.821489976431331
cards,e0b77e3950509adb,2025-04-12 15:00:00+00:00,2425,1,0.5949249666933681,0.5597014925373134,0.16408578260836892,0.1938627756738695,0.5193199877862882,0.580351686414601
cards,0d81e379a211b2a2,2025-04-12 17:30:00+00:00,2425,1,0.4894000406952838,0.5601118359739049,0.2607123184419778,0.19350159685024873,0.7145750448201491,0.5796188080954909
cards,1eb17dfcf40f69f2,2025-04-13 14:00:00+00:00,2425,0,0.4533741337185096,0.5605214152700186,0.205548105125009,0.3141842569763047,0.6039906844682538,0.8221662894832547
cards,21853fe975321e41,2025-04-13 14:00:00+00:00,2425,1,0.5437896484512498,0.56,0.20812788486023426,0.19359999999999997,0.6091927825455824,0.579818495252942
cards,9ae63c53e70ebbac,2025-04-13 14:00:00+00:00,2425,0,0.4904041522331474,0.5604089219330854,0.24049623252751198,0.3140581597822031,0.6741373227816083,0.8219103522297966
cards,30f5382b093bf33b,2025-04-13 16:30:00+00:00,2425,0,0.4728868904929655,0.5598885793871866,0.22362201120010594,0.313475221328202,0.6403401244246869,0.820727355461312
cards,3377c600d7f0c348,2025-04-14 20:00:00+00:00,2425,1,0.4170445935143479,0.5593692022263451,0.3398370059508519,0.19415549994664755,0.8745621240175621,0.5809455547417569
cards,f89118e9c6b4f099,2025-04-16 19:30:00+00:00,2425,1,0.4031262290783881,0.5597775718257646,0.3562582984141848,0.19379578626761984,0.9085055425601264,0.5802157673233197
cards,3046fed6033f7162,2025-04-19 15:00:00+00:00,2425,1,0.4642987078027146,0.5601851851851852,0.2869758744618414,0.19343707133058982,0.7672271670686529,0.5794878620874239
cards,3bc82da0fcbb35ba,2025-04-19 15:00:00+00:00,2425,1,0.4919415998424254,0.5605920444033302,0.2581233379706741,0.19307935144164493,0.7093952690424384,0.5787618315698939
cards,b62743a630921b0a,2025-04-19 15:00:00+00:00,2425,0,0.4218008792218181,0.5609981515711645,0.17791598171229878,0.3147189260662633,0.5478369700198958,0.8232516553717856
cards,d5772e9089e33982,2025-04-19 15:00:00+00:00,2425,1,0.5559099533781903,0.5604801477377654,0.19721596950856113,0.1931777005326165,0.5871489522033504,0.5789614559414924
cards,19acd6c5fc4eb8c0,2025-04-19 17:30:00+00:00,2425,1,0.5337916459815384,0.5608856088560885,0.21735022935660323,0.1928214485096881,0.6277496922249634,0.5782383000334246
cards,479f87895bd0a938,2025-04-20 14:00:00+00:00,2425,1,0.4440221653102622,0.5612903225806452,0.3091113526662894,0.1924661810613944,0.8118807959260075,0.577516998264663
cards,aefb371667d84cdd,2025-04-20 14:00:00+00:00,2425,1,0.5048254522122472,0.5616942909760589,0.2451978327768055,0.1921118945629797,0.6835425486374365,0.5767975433265238
cards,b87fd05cc702a003,2025-04-20 14:00:00+00:00,2425,0,0.606948163727459,0.562097516099356,0.3683860734521343,0.31595361760506574,0.9338137768984544,0.8257590328897894
cards,f4661c2336ebd6a5,2025-04-20 16:30:00+00:00,2425,0,0.5418172395390781,0.5615808823529411,0.2935659210617468,0.3153730874243079,0.7804871341556722,0.8245799365275466
cards,ad708351114f2858,2025-04-21 20:00:00+00:00,2425,1,0.4895050883980634,0.5610651974288338,0.26060505477146906,0.19266376090818868,0.714360421972519,0.5779181637613652
cards,8dc6822c60fc0512,2025-04-22 20:00:00+00:00,2425,1,0.5468430433304377,0.5614678899082569,0.2053512273780196,0.19231041158151668,0.6035934586305665,0.5772006927108633
cards,194485b9906f3770,2025-04-23 20:00:00+00:00,2425,0,0.4105519391655106,0.5618698441796517,0.1685528947525611,0.31569772179846606,0.5285686700373678,0.8252392533416149
cards,be86c082afdd80f5,2025-04-26 12:30:00+00:00,2425,0,0.5569842837802738,0.5613553113553114,0.3102314923782245,0.3151197855868186,0.8141500327723236,0.8240655588939352
cards,5cb0cf7d57971009,2025-04-26 15:00:00+00:00,2425,0,0.516658253946421,0.5608417200365965,0.2669357513709644,0.3145434349336081,0.7270313267590083,0.8228953842746018
cards,7fa0d19b6a92a0a9,2025-04-26 15:00:00+00:00,2425,0,0.4791268173268193,0.5603290676416819,0.22956250708172724,0.31396866404419654,0.65224867823398,0.8217287128761653
cards,a8e57e6062bb6a1c,2025-04-26 15:00:00+00:00,2425,0,0.5824430325533699,0.5598173515981735,0.3392398861699659,0.31339546715039296,0.8733342950255771,0.8205655282000008
cards,f1b7a36a39a2947f,2025-04-26 15:00:00+00:00,2425,1,0.5463738147135782,0.5593065693430657,0.20577671597751113,0.19421069982417818,0.6044518951653159,0.5810575315717496
cards,7d9082bb66668513,2025-04-27 14:00:00+00:00,2425,1,0.592499166769429,0.5597082953509571,0.1660569290836096,0.19385678518276,0.5234058122701619,0.5803395321280879
cards,33053ba610930f31,2025-04-27 16:30:00+00:00,2425,0,0.473296158471662,0.5601092896174863,0.2240092536240326,0.31372241631580516,0.6411168589398621,0.8212289684169032
cards,8ec9f8f5d3f9fa49,2025-05-01 19:30:00+00:00,2425,1,0.5207466076288971,0.5595996360327571,0.2296838140992103,0.19395248058248002,0.6524917132570951,0.5805336865971035
cards,c6deff879dd12fb8,2025-05-02 20:00:00+00:00,2425,0,0.4671626108345388,0.56,0.21824090496174275,0.31360000000000005,0.6295389873579982,0.8209805520698303
cards,fe1f1779625288a2,2025-05-03 12:30:00+00:00,2425,1,0.5213677354923102,0.5594913714804723,0.22908884462775914,0.1940478518001552,0.6512996599261638,0.5807271731891601
cards,03301b290ef04512,2025-05-03 15:00:00+00:00,2425,1,0.5018873927559631,0.5598911070780399,0.2481161694954522,0.19369583762899334,0.6893795016724754,0.580012965807472
cards,2b4d0012be7a52db,2025-05-03 15:00:00+00:00,2425,1,0.3890959728001107,0.5602901178603807,0.37320373044904315,0.19334478045123785,0.9439292490834571,0.5793005617958118
cards,b0938dd498d532fd,2025-05-03 17:30:00+00:00,2425,0,0.517871190303848,0.5606884057971014,0.26819056974672434,0.3143714883952951,0.7295439606002835,0.8225463358995574
cards,3465a9345c1c6da9,2025-05-04 14:00:00+00:00,2425,0,0.5956163591540552,0.5601809954751131,0.35475884729193247,0.3138027476914887,0.9053912455572642,0.8213919900513594
cards,5f76b14a34463e1b,2025-05-04 14:00:00+00:00,2425,0,0.4886334476839326,0.5596745027124774,0.23876264619548648,0.3132355489864589,0.6706686224171685,0.8202410589996904
cards,95bd63507ca0f84a,2025-05-04 14:00:00+00:00,2425,1,0.5245902315761158,0.5591689250225835,0.22601444791285116,0.19433203666574458,0.6451378324316221,0.5813036600240409
cards,0a591657a2142712,2025-05-04 16:30:00+00:00,2425,1,0.5874904130859439,0.5595667870036101,0.17016415929600523,0.19398141511032338,0.5318953512485505,0.580592389268092
cards,968a058dfde4bff5,2025-05-05 20:00:00+00:00,2425,1,0.5539180775252946,0.5599639314697926,0.19898908155872905,0.19363174160752136,0.5907384776724438,0.5798829054168883
cards,3eef69a6fa19f4ef,2025-05-10 15:00:00+00:00,2425,0,0.4776296618510206,0.5603603603603604,0.2281300938799203,0.314003733463193,0.6493784825917991,0.8217998884532327
cards,69ca091c550714c2,2025-05-10 15:00:00+00:00,2425,0,0.493383962931844,0.5598559855985599,0.24342773487833122,0.3134387246105349,0.6800018856421096,0.820653300164758
cards,7023a2a7f495a373,2025-05-10 15:00:00+00:00,2425,0,0.5411303270984759,0.5593525179856115,0.29282203090570347,0.3128752393768438,0.7789890462730599,0.8195100837058553
cards,a9baaa92db603ff7,2025-05-10 15:00:00+00:00,2425,1,0.6148167636331783,0.5588499550763701,0.14836612557801884,0.19461336213612065,0.48643100088204716,0.5818742585363654
cards,8d81634661b1e806,2025-05-10 17:30:00+00:00,2425,1,0.6450928899771893,0.559245960502693,0.12595905674474348,0.19426412333319362,0.4383609570870861,0.5811659016997761
cards,995a3e1c466330fe,2025-05-11 12:00:00+00:00,2425,1,0.5930287391169383,0.5596412556053811,0.16562560718474906,0.19391582376480526,0.5225124172178763,0.5804593155247915
cards,55bdc7a1dc31b1d1,2025-05-11 14:15:00+00:00,2425,1,0.5998999045517561,0.5600358422939068,0.16008008637769386,0.19356846006603207,0.5109924634300266,0.5797544932048547
cards,8f6d4d36c6768f38,2025-05-11 14:15:00+00:00,2425,0,0.4907896436309431,0.5604297224709042,0.2408744742953881,0.3140814738288147,0.6748940739961721,0.82195767127468
cards,ce11a7506ebb2bb1,2025-05-11 14:15:00+00:00,2425,0,0.4417555326050291,0.5599284436493739,0.19514795058715292,0.31351986200761006,0.5829582989335134,0.8208179372227363
cards,7649d1b48f917606,2025-05-11 16:30:00+00:00,2425,0,0.3829802913035071,0.5594280607685433,0.14667390352691914,0.31295975517525304,0.4828543128049108,0.8196815342692352
cards,12bd9b9875eee0a8,2025-05-16 19:30:00+00:00,2425,0,0.5189986140502619,0.5589285714285714,0.26935956138609274,0.31240114795918367,0.7318851274881403,0.8185484471012178
cards,48df8ca996645594,2025-05-16 20:15:00+00:00,2425,1,0.4972688072840508,0.5584299732381802,0.2527386521296009,0.19498408853443425,0.698624539370952,0.5826260519720613
cards,4a82bfe8ceb79aff,2025-05-18 12:00:00+00:00,2425,0,0.5482997110252346,0.5588235294117647,0.30063257311035574,0.31228373702422146,0.7947363965724685,0.8183103235139514
cards,be72641a219f2d14,2025-05-18 14:15:00+00:00,2425,1,0.5299522686944982,0.5583259127337489,0.22094486970544924,0.19507599936247602,0.6349683355585154,0.5828124141055225
cards,3ee5b78bfefc9cfa,2025-05-18 15:00:00+00:00,2425,0,0.4631881223474388,0.5587188612099644,0.21454323668374592,0.31216676587175946,0.6221075667949405,0.8180731037287089
cards,e78efec904266cdc,2025-05-18 15:00:00+00:00,2425,1,0.5324925648598826,0.5582222222222222,0.21856320191129106,0.19516760493827165,0.6301863442004821,0.5829981481703219
cards,5afa1cf98c32a5e0,2025-05-18 16:30:00+00:00,2425,1,0.5593498085770604,0.5586145648312612,0.1941725912010733,0.19482110237909697,0.5809802259131581,0.582295551999195
cards,6524eba76beaf0c6,2025-05-19 20:00:00+00:00,2425,0,0.6023408621040074,0.5590062111801242,0.36281451416019883,0.31248794413795755,0.9221600780970339,0.8187244879431474
cards,5c6942e35aefc4c6,2025-05-20 20:00:00+00:00,2425,0,0.5721693323993771,0.5585106382978723,0.3273777449383488,0.3119341330918967,0.849027798132231,0.8176013550333512
cards,b3e7e625e1e29cb5,2025-05-20 20:00:00+00:00,2425,1,0.4799316282140533,0.5580159433126661,0.2704711113320856,0.19534990636579236,0.734111626446637,0.5833677447640836
cards,05ffd33965d66965,2025-05-25 16:00:00+00:00,2425,0,0.5421923622960017,0.5584070796460177,0.2939725577321187,0.3118184665987939,0.7813061881078663,0.8173668159548675
cards,10f81c4b392ae4d9,2025-05-25 16:00:00+00:00,2425,1,0.5354559729221074,0.5579133510167993,0.21580115309374576,0.19544060520919573,0.6246366092397561,0.5835516135749073
cards,3c50f191dda3b0d0,2025-05-25 16:00:00+00:00,2425,0,0.6229885691620943,0.558303886925795,0.3881147573066336,0.3117032301564509,0.9754797714688354,0.8171331603409364
cards,406d338f37a3089b,2025-05-25 16:00:00+00:00,2425,0,0.6041088062267318,0.5578111209179171,0.364947449760687,0.3111532466197031,0.9266158686807977,0.8160181599431416
cards,41f22ad7f2a5cc75,2025-05-25 16:00:00+00:00,2425,1,0.5544873860131251,0.5573192239858906,0.19848148922141823,0.19596626945245407,0.5897112208487958,0.5846170901408401
cards,50d4116e231f1140,2025-05-25 16:00:00+00:00,2425,0,0.4719200507813484,0.5577092511013216,0.22270853432947046,0.311039608763997,0.6385075877638524,0.815787810223774
cards,795378518dc011da,2025-05-25 16:00:00+00:00,2425,0,0.516752597642496,0.5572183098591549,0.2670332471702674,0.31049224484229315,0.7272265362676806,0.8146784291813574
cards,85f8642564312cc8,2025-05-25 16:00:00+00:00,2425,1,0.4953792574758069,0.5567282321899736,0.254642093785668,0.19648986013742598,0.7024316330581911,0.5856780716063599
cards,94908782f66e9d4e,2025-05-25 16:00:00+00:00,2425,1,0.5574448533599431,0.5571177504393673,0.19585505781760226,0.19614468697588655,0.5843916982805579,0.5849786602490503
cards,d19e3a5138d01354,2025-05-25 16:00:00+00:00,2425,0,0.5774288463461651,0.5575065847234416,0.33342407259266316,0.310813592009996,0.8613974353494577,0.8153296953758136
